order_id,supplier,region,product_category,carrier,order_date,promised_date,actual_delivery_date,units,defect_flag
ORD-103470,SUP-004,Northeast,Apparel,CarrierA,2024/12/18,2024-12-25,2024-12-27,104,0
ORD-102038,SUP-011,West,Home Goods,CarrierD,2024/11/27,2024-11-29,2024-11-28,13,1
ORD-100997,SUP-002,West,Home Goods,CarrierC,2024/05/07,2024-05-12,2024-05-12,86,0
ORD-102241,SUP-003,Northeast,Industrial Parts,CarrierC,01/21/2024,2024-01-28,2024-01-28,148,0
ORD-100161,SUP-020,Southwest,Electronics,CarrierC,25-Sep-2024,2024-10-05,2024-10-05,44,0
ORD-103399,SUP-010,West,Office Supplies,CarrierB,2024/02/18,2024-02-28,2024-02-28,442,0
ORD-105334,SUP-011,West,Home Goods,CarrierB,02/27/2024,2024-03-01,2024-03-01,16,0
ORD-104925,SUP-015,West,Office Supplies,CarrierC,11/10/2024,2024-11-17,2024-11-17,195,0
ORD-105552,SUP-006,Southwest,,CarrierA,2024/07/09,2024-07-11,2024-07-18,399,0
ORD-104288,SUP-011,West,Office Supplies,CarrierD,23-Jul-2024,2024-07-26,2024-07-26,104,0
ORD-103309,SUP-020,Southwest,Electronics,CarrierD,07/30/2024,2024-08-01,2024-08-01,173,0
ORD-102573,SUP-015,Midwest,Apparel,CarrierD,2024/10/21,2024-10-26,2024-11-08,463,0
ORD-104737,SUP-007,Southwest,Perishables,CarrierA,04/15/2024,2024-04-18,2024-04-18,305,0
ORD-103492,SUP-009,Midwest,Industrial Parts,CarrierB,01/06/2024,2024-01-16,2024-01-28,272,0
ORD-102617,SUP-009,Midwest,Office Supplies,CarrierD,2024/09/08,2024-09-13,2024-09-12,97,0
ORD-100354,SUP-009,West,Electronics,CarrierA,03/18/2024,2024-03-25,2024-03-25,49,0
ORD-105727,SUP-016,Southeast,Office Supplies,CarrierB,2024/01/26,2024-01-31,2024-02-01,375,0
ORD-103077,SUP-009,Southwest,Office Supplies,CarrierC,2024-01-13,2024-01-15,2024-01-19,477,0
ORD-104615,SUP-012,Southeast,Electronics,CarrierA,2024-04-01,2024-04-04,2024-04-04,429,0
ORD-103144,SUP-001,Northeast,Apparel,CarrierD,2024-04-21,2024-04-24,2024-04-26,413,0
ORD-102624,SUP-003,Southwest,Electronics,CarrierD,11/08/2024,2024-11-18,2024-11-17,58,0
ORD-101947,SUP-014,Northeast,Electronics,CarrierA,2024-10-30,2024-11-09,2024-11-18,178,0
ORD-101235,SUP-017,Southwest,Electronics,CarrierB,30-Jun-2024,2024-07-02,2024-07-14,198,0
ORD-105561,SUP-017,Northeast,Perishables,CarrierA,2024/11/25,2024-11-27,2024-12-01,247,0
ORD-104669,SUP-007,Southwest,Office Supplies,CarrierA,2024-06-27,2024-07-07,2024-07-07,149,0
ORD-101783,SUP-001,Southwest,Office Supplies,CarrierC,05/22/2024,2024-05-25,2024-05-24,449,0
ORD-104026,SUP-004,Midwest,Home Goods,CarrierD,01/27/2024,2024-01-29,2024-01-28,80,0
ORD-105016,SUP-012,Southwest,Perishables,CarrierC,2024-10-14,2024-10-19,2024-10-21,148,0
ORD-104161,SUP-005,Northeast,Electronics,CarrierD,08/18/2024,2024-08-23,2024-08-23,188,0
ORD-102185,SUP-002,Midwest,Office Supplies,CarrierD,2024-01-22,2024-01-24,2024-01-23,325,0
ORD-102097,SUP-005,Midwest,Perishables,CarrierC,13-Sep-2024,2024-09-15,2024-09-15,214,0
ORD-104751,SUP-015,Northeast,Apparel,CarrierC,06/25/2024,2024-06-28,2024-06-28,393,0
ORD-102049,SUP-004,Midwest,Office Supplies,CarrierD,2024/03/19,2024-03-24,2024-03-24,137,0
ORD-104828,SUP-013,Southwest,Perishables,CarrierB,08/25/2024,2024-09-01,2024-08-31,201,0
ORD-100899,SUP-003,Southeast,Apparel,CarrierD,13-Sep-2024,2024-09-15,2024-09-27,492,0
ORD-103872,SUP-009,West,Electronics,CarrierA,2024/08/04,2024-08-06,2024-08-06,290,0
ORD-102555,SUP-015,Northeast,Perishables,CarrierB,29-Jan-2024,2024-02-05,2024-02-09,354,0
ORD-100248,SUP-006,Midwest,,CarrierD,27-Sep-2024,2024-09-29,2024-09-29,158,0
ORD-104883,SUP-001,Northeast,Electronics,CarrierA,2024/06/21,2024-06-24,2024-06-28,422,0
ORD-104504,SUP-008,Southwest,Home Goods,CarrierA,26-Jul-2024,2024-08-05,2024-08-08,199,0
ORD-105525,SUP-014,Southwest,Apparel,CarrierB,10-Jul-2024,2024-07-20,2024-07-19,148,0
ORD-100200,SUP-015,Northeast,Home Goods,CarrierA,2024/02/21,2024-02-23,2024-02-23,80,0
ORD-102390,SUP-006,Midwest,Home Goods,CarrierC,08-Aug-2024,2024-08-13,2024-08-21,137,0
ORD-105969,SUP-013,Southwest,Apparel,CarrierA,02-Jan-2024,2024-01-07,2024-01-07,12,0
ORD-103366,SUP-010,Northeast,Electronics,CarrierD,2024-04-14,2024-04-21,2024-04-21,24,0
ORD-101155,SUP-012,Southwest,Apparel,CarrierA,05/10/2024,2024-05-13,2024-05-20,329,0
ORD-101342,SUP-016,Southeast,Apparel,CarrierB,2024/08/06,2024-08-16,2024-08-16,465,0
ORD-105722,SUP-016,Southeast,Apparel,CarrierD,07/04/2024,2024-07-11,2024-07-11,453,1
ORD-104070,SUP-009,Northeast,Office Supplies,CarrierC,28-Apr-2024,2024-05-08,2024-05-07,202,0
ORD-103751,SUP-013,West,Apparel,CarrierB,10/25/2024,2024-11-04,2024-11-03,433,0
ORD-105176,SUP-017,Southeast,Electronics,CarrierA,12/18/2024,2024-12-25,2024-12-30,405,0
ORD-101653,SUP-015,Southeast,Industrial Parts,CarrierB,2024-12-20,2024-12-23,2024-12-25,343,0
ORD-100438,SUP-018,Northeast,Office Supplies,CarrierC,2024/12/07,2024-12-10,2024-12-10,171,0
ORD-103727,SUP-012,Northeast,,CarrierD,2024/10/20,2024-10-25,2024-10-24,257,0
ORD-104143,SUP-020,,Home Goods,CarrierC,09/02/2024,2024-09-05,2024-09-04,183,0
ORD-101884,SUP-018,Southwest,Electronics,CarrierC,2024-06-23,2024-06-25,2024-06-24,153,0
ORD-100383,SUP-020,Northeast,Perishables,CarrierC,2024-03-19,2024-03-29,2024-04-02,295,0
ORD-104879,SUP-012,Southeast,Perishables,CarrierA,11/20/2024,2024-11-27,2024-12-05,386,0
ORD-100301,SUP-005,Northeast,Perishables,CarrierA,10/02/2024,2024-10-12,2024-10-12,164,0
ORD-101271,SUP-001,Midwest,Perishables,CarrierC,30-Mar-2024,2024-04-01,2024-04-01,204,0
ORD-105792,SUP-016,Southwest,Electronics,CarrierA,2024-02-11,2024-02-21,2024-02-21,479,0
ORD-100988,SUP-015,Northeast,Home Goods,CarrierC,2024-09-02,2024-09-09,2024-09-15,272,0
ORD-104595,SUP-006,Northeast,Apparel,CarrierD,2024-06-04,2024-06-11,2024-06-15,127,0
ORD-103202,SUP-004,Northeast,Apparel,CarrierB,2024/10/03,2024-10-08,2024-10-07,249,0
ORD-101437,SUP-014,Southeast,Office Supplies,CarrierB,06/17/2024,2024-06-20,2024-06-20,327,0
ORD-101403,SUP-006,Southeast,Electronics,CarrierC,2024-03-06,2024-03-08,2024-03-08,393,0
ORD-104668,SUP-002,Midwest,Perishables,CarrierA,2024-12-22,2025-01-01,2025-01-08,280,0
ORD-101078,SUP-001,West,Industrial Parts,CarrierA,27-Feb-2024,2024-03-03,2024-03-08,140,0
ORD-104543,SUP-013,Midwest,Industrial Parts,CarrierD,01-Jan-2024,2024-01-06,2024-01-06,193,0
ORD-102654,SUP-018,Southeast,Office Supplies,CarrierD,08/15/2024,2024-08-20,2024-08-20,476,0
ORD-100255,SUP-009,Southwest,Industrial Parts,CarrierA,2024/11/01,2024-11-06,2024-11-06,143,0
ORD-101016,SUP-019,Southeast,Perishables,CarrierA,02-Aug-2024,2024-08-09,2024-08-09,172,0
ORD-102382,SUP-003,West,Industrial Parts,CarrierA,08/25/2024,2024-09-04,,228,0
ORD-102161,SUP-001,Midwest,Apparel,CarrierC,2024-05-26,2024-06-05,2024-06-05,182,0
ORD-102520,SUP-007,Northeast,,CarrierB,01/31/2024,2024-02-10,2024-02-10,227,0
ORD-101660,SUP-011,Southwest,Apparel,CarrierD,11-Aug-2024,2024-08-14,2024-08-14,78,0
ORD-102378,SUP-020,Southeast,Electronics,CarrierD,2024/08/18,2024-08-28,2024-08-31,355,0
ORD-100929,SUP-011,Southeast,Industrial Parts,CarrierB,2024/12/07,2024-12-09,2024-12-09,488,0
ORD-102805,SUP-001,Midwest,Electronics,CarrierA,02/13/2024,2024-02-20,2024-03-02,440,0
ORD-100623,SUP-016,West,Perishables,CarrierA,25-Dec-2024,2025-01-04,2025-01-10,309,0
ORD-105584,SUP-012,West,Apparel,CarrierC,06-Dec-2024,2024-12-09,2024-12-13,141,0
ORD-102479,SUP-006,West,Industrial Parts,CarrierB,2024/06/13,2024-06-23,2024-06-26,65,0
ORD-100496,SUP-012,West,Industrial Parts,CarrierD,2024-07-24,2024-08-03,2024-08-07,332,0
ORD-102543,SUP-001,Southwest,Apparel,CarrierD,2024-12-02,2024-12-04,2024-12-04,268,0
ORD-104086,SUP-005,Northeast,Office Supplies,CarrierC,14-Oct-2024,2024-10-24,2024-10-24,441,0
ORD-100045,SUP-013,West,Perishables,CarrierD,2024/07/11,2024-07-16,2024-07-15,20,0
ORD-103740,SUP-019,Southeast,Industrial Parts,CarrierA,2024-02-01,2024-02-11,2024-02-10,256,0
ORD-102682,SUP-007,Northeast,Apparel,CarrierB,19-Oct-2024,2024-10-24,2024-11-10,416,0
ORD-101714,SUP-017,Southeast,Industrial Parts,CarrierB,2024/09/19,2024-09-26,2024-09-25,476,0
ORD-100669,SUP-016,Midwest,Perishables,CarrierC,2024-06-08,2024-06-18,2024-06-18,314,0
ORD-103044,SUP-019,Northeast,Office Supplies,CarrierD,2024-02-10,2024-02-17,2024-02-17,139,0
ORD-101227,SUP-013,Northeast,Office Supplies,CarrierB,2024/06/25,2024-07-02,2024-07-02,289,0
ORD-100943,SUP-014,Midwest,Office Supplies,CarrierB,2024-07-01,2024-07-11,2024-07-11,33,0
ORD-100958,SUP-015,Northeast,Electronics,CarrierA,03/30/2024,2024-04-09,2024-04-22,351,0
ORD-101892,SUP-015,West,Home Goods,CarrierC,2024-08-28,2024-08-30,2024-09-03,380,0
ORD-102347,SUP-009,Southwest,Electronics,CarrierA,2024/03/04,2024-03-11,2024-03-14,19,0
ORD-100433,SUP-006,Northeast,Office Supplies,CarrierB,2024/04/02,2024-04-05,2024-04-05,315,0
ORD-102498,SUP-019,Midwest,Home Goods,CarrierD,2024/03/03,2024-03-05,2024-03-05,31,0
ORD-103192,SUP-017,Midwest,Industrial Parts,CarrierB,2024-03-31,2024-04-07,2024-04-07,364,0
ORD-104284,SUP-007,West,Office Supplies,CarrierC,11/25/2024,2024-11-28,2024-11-27,246,0
ORD-100079,SUP-005,West,Home Goods,CarrierC,2024-08-19,2024-08-26,2024-08-26,296,0
ORD-102925,SUP-008,Midwest,Industrial Parts,CarrierB,2024/12/15,2024-12-20,2024-12-20,450,0
ORD-100368,SUP-015,Midwest,Apparel,CarrierA,2024/09/14,2024-09-16,2024-09-16,413,0
ORD-103358,SUP-010,Northeast,Apparel,CarrierC,02-Jul-2024,2024-07-04,2024-07-08,495,0
ORD-100386,SUP-015,West,Perishables,CarrierD,2024-09-10,2024-09-20,2024-09-24,209,0
ORD-100125,SUP-020,Southeast,Electronics,CarrierA,04-Apr-2024,2024-04-09,2024-04-09,3,0
ORD-104652,SUP-010,Midwest,Apparel,CarrierA,17-Jul-2024,2024-07-20,2024-07-20,248,0
ORD-104016,SUP-009,Northeast,Electronics,CarrierD,01/07/2024,2024-01-10,2024-01-10,38,0
ORD-103656,SUP-006,Southeast,Electronics,CarrierA,12/13/2024,2024-12-15,2024-12-14,427,0
ORD-104955,SUP-001,Northeast,Home Goods,CarrierB,2024/12/26,2024-12-29,2025-01-05,32,0
ORD-104809,SUP-018,West,Perishables,CarrierC,2024-03-16,2024-03-23,2024-03-25,321,0
ORD-101159,SUP-012,West,Office Supplies,CarrierB,09/16/2024,2024-09-19,2024-09-19,193,0
ORD-104023,SUP-014,Southwest,Apparel,CarrierA,05/17/2024,2024-05-27,2024-05-26,356,0
ORD-105033,SUP-002,Midwest,Industrial Parts,CarrierA,23-Sep-2024,2024-09-30,2024-09-30,143,0
ORD-102740,SUP-012,Southeast,Electronics,CarrierC,2024-10-12,2024-10-22,2024-10-22,137,0
ORD-104228,SUP-005,Southwest,Industrial Parts,CarrierD,07/16/2024,2024-07-23,2024-07-25,84,0
ORD-100799,SUP-013,West,,CarrierA,2024/02/07,2024-02-09,2024-02-09,456,0
ORD-102216,SUP-015,Midwest,Office Supplies,CarrierA,2024-10-07,2024-10-17,2024-10-23,284,0
ORD-100727,SUP-008,Northeast,Apparel,CarrierD,07/18/2024,2024-07-21,2024-07-21,39,0
ORD-102632,SUP-013,West,Electronics,CarrierB,16-Sep-2024,2024-09-18,2024-09-17,132,1
ORD-103657,SUP-016,Northeast,Perishables,CarrierA,2024-04-10,2024-04-15,2024-04-19,208,0
ORD-102336,SUP-019,Northeast,,CarrierB,2024-01-18,2024-01-25,2024-01-25,342,0
ORD-102282,SUP-009,Midwest,Perishables,CarrierA,03/30/2024,2024-04-01,2024-03-31,466,0
ORD-102361,SUP-019,Midwest,Industrial Parts,CarrierB,2024/10/10,2024-10-20,2024-10-20,342,0
ORD-104497,SUP-009,Midwest,Perishables,CarrierC,07-May-2024,2024-05-10,2024-05-10,139,0
ORD-104282,SUP-016,Midwest,Industrial Parts,CarrierC,2024-09-07,2024-09-17,2024-09-17,46,0
ORD-102025,SUP-001,Southeast,Industrial Parts,CarrierC,2024-11-09,2024-11-14,2024-11-20,185,0
ORD-100147,SUP-001,West,Industrial Parts,CarrierB,24-May-2024,2024-05-27,2024-05-27,498,0
ORD-105812,SUP-009,West,Electronics,CarrierA,2024/08/15,2024-08-17,2024-08-17,229,0
ORD-104245,SUP-017,Southeast,Office Supplies,CarrierB,2024/07/08,2024-07-13,2024-07-12,85,0
ORD-102989,SUP-001,Midwest,Apparel,CarrierB,26-May-2024,2024-05-31,2024-05-31,164,0
ORD-105901,SUP-013,Midwest,Perishables,CarrierB,2024-12-12,2024-12-15,2024-12-14,465,0
ORD-102292,SUP-010,Midwest,Office Supplies,CarrierB,06/03/2024,2024-06-06,2024-06-06,470,0
ORD-100608,SUP-002,Southeast,Perishables,CarrierB,2024/11/23,2024-11-26,2024-11-28,354,0
ORD-104124,SUP-009,Midwest,Apparel,CarrierC,2024-10-31,2024-11-05,2024-11-07,58,0
ORD-101669,SUP-011,Southeast,Home Goods,CarrierB,10/13/2024,2024-10-23,2024-10-23,426,0
ORD-103153,SUP-007,Northeast,Industrial Parts,CarrierB,01-Jun-2024,2024-06-03,2024-06-03,487,0
ORD-104553,SUP-009,Southeast,Office Supplies,CarrierC,2024-07-03,2024-07-08,2024-07-08,204,0
ORD-101554,SUP-019,Southwest,Industrial Parts,CarrierA,22-Apr-2024,2024-04-25,2024-04-25,285,0
ORD-105146,SUP-011,Southwest,Home Goods,CarrierC,2024-03-14,2024-03-19,2024-03-19,429,0
ORD-102967,SUP-007,Southwest,Office Supplies,CarrierA,2024-04-18,2024-04-20,2024-04-19,394,0
ORD-104395,SUP-018,Southeast,Perishables,CarrierC,02-Dec-2024,2024-12-05,,251,0
ORD-104290,SUP-019,Northeast,Electronics,CarrierB,2024-04-13,2024-04-15,2024-04-15,290,0
ORD-102781,SUP-016,Northeast,Apparel,CarrierB,25-Oct-2024,2024-10-30,2024-10-29,303,0
ORD-103231,SUP-013,Northeast,Home Goods,CarrierA,2024-04-10,2024-04-17,2024-04-19,495,0
ORD-100642,SUP-019,Northeast,Electronics,CarrierA,21-Jan-2024,2024-01-31,2024-01-30,127,0
ORD-103351,SUP-004,Midwest,Apparel,CarrierD,06/08/2024,2024-06-18,2024-06-18,377,0
ORD-102577,SUP-002,,Apparel,CarrierA,2024-12-10,2024-12-13,2024-12-15,476,0
ORD-100473,SUP-012,Northeast,Apparel,CarrierA,2024/04/21,2024-04-23,2024-04-24,30,0
ORD-101576,SUP-012,Southwest,Electronics,CarrierC,07/11/2024,2024-07-18,2024-07-17,228,0
ORD-104758,SUP-007,West,Electronics,CarrierB,12/30/2024,2025-01-06,2025-01-08,167,0
ORD-105531,SUP-019,Midwest,Industrial Parts,CarrierC,10/25/2024,2024-10-28,2024-10-28,29,0
ORD-104127,SUP-017,Northeast,Industrial Parts,CarrierC,15-Oct-2024,2024-10-25,2024-10-27,222,0
ORD-102950,SUP-018,Northeast,Office Supplies,CarrierD,11-Mar-2024,2024-03-14,2024-03-14,307,0
ORD-105131,SUP-013,West,Office Supplies,CarrierD,01/04/2024,2024-01-14,2024-01-14,37,0
ORD-100712,SUP-008,Southwest,Apparel,CarrierA,2024-06-18,2024-06-28,2024-07-04,26,0
ORD-104377,SUP-002,Northeast,Electronics,CarrierB,01/23/2024,2024-01-26,2024-01-31,257,0
ORD-101289,SUP-017,,Apparel,CarrierD,2024-07-21,2024-07-31,2024-08-07,287,0
ORD-105769,SUP-019,Northeast,Office Supplies,CarrierA,30-Apr-2024,2024-05-05,2024-05-05,401,0
ORD-100544,SUP-019,Southeast,Electronics,CarrierD,2024-05-28,2024-06-07,2024-06-11,433,0
ORD-103408,SUP-014,Southwest,Electronics,CarrierA,02-Oct-2024,2024-10-05,2024-10-04,37,0
ORD-104692,SUP-004,Southwest,Industrial Parts,CarrierD,07/30/2024,2024-08-09,2024-08-08,15,0
ORD-101331,SUP-019,West,Industrial Parts,CarrierB,09-May-2024,2024-05-12,2024-05-12,330,0
ORD-104951,SUP-004,Northeast,Office Supplies,CarrierB,2024/04/23,2024-04-26,2024-04-26,208,0
ORD-102403,SUP-020,Southeast,Electronics,CarrierC,20-Jan-2024,2024-01-27,2024-01-27,64,0
ORD-102491,SUP-018,West,Perishables,CarrierA,2024-11-25,2024-11-30,2024-12-04,70,0
ORD-103708,SUP-001,Northeast,Home Goods,CarrierD,11-Oct-2024,2024-10-14,2024-10-19,320,0
ORD-101304,SUP-016,Northeast,Perishables,CarrierA,2024/04/05,2024-04-08,2024-04-08,464,0
ORD-100169,SUP-009,Northeast,Perishables,CarrierA,2024/02/03,2024-02-05,2024-02-13,482,0
ORD-105379,SUP-007,Midwest,Apparel,CarrierD,2024-12-07,2024-12-14,2024-12-14,29,0
ORD-102997,SUP-009,,Apparel,CarrierC,2024-08-01,2024-08-11,2024-08-14,263,0
ORD-104610,SUP-015,Southwest,Apparel,CarrierD,03/23/2024,2024-03-26,2024-03-26,29,0
ORD-103507,SUP-019,Southeast,Industrial Parts,CarrierA,06/04/2024,2024-06-11,2024-06-10,455,0
ORD-100957,SUP-001,Midwest,Perishables,CarrierD,04/16/2024,2024-04-23,2024-04-28,195,0
ORD-104521,SUP-009,Southwest,Industrial Parts,CarrierD,11/12/2024,2024-11-22,2024-11-21,472,0
ORD-104320,SUP-004,Midwest,Industrial Parts,CarrierC,2024/04/18,2024-04-21,2024-04-21,149,0
ORD-105228,SUP-004,West,Perishables,CarrierD,09/23/2024,2024-10-03,2024-10-03,424,0
ORD-102719,SUP-013,Midwest,Home Goods,CarrierB,2024/10/28,2024-11-07,2024-11-07,442,0
ORD-104296,SUP-005,Southeast,Electronics,CarrierB,2024-02-26,2024-03-04,2024-03-03,443,0
ORD-105237,SUP-016,,Home Goods,CarrierD,12/21/2024,2024-12-24,2024-12-24,101,0
ORD-104714,SUP-011,Midwest,Industrial Parts,CarrierA,2024/03/27,2024-04-01,2024-04-01,300,0
ORD-100545,SUP-011,Southeast,Electronics,CarrierD,05-Aug-2024,2024-08-10,2024-08-10,499,0
ORD-101206,SUP-015,Southeast,Office Supplies,CarrierA,2024-09-04,2024-09-14,2024-09-13,440,0
ORD-101050,SUP-018,Midwest,Industrial Parts,CarrierB,2024/02/19,2024-02-26,2024-02-26,464,0
ORD-102586,SUP-009,Midwest,Electronics,CarrierB,12/12/2024,2024-12-17,2024-12-18,324,0
ORD-101023,SUP-013,Midwest,Industrial Parts,CarrierD,2024-09-22,2024-09-29,2024-09-29,45,0
ORD-103347,SUP-018,West,Home Goods,CarrierA,03-Nov-2024,2024-11-08,2024-11-08,136,0
ORD-105211,SUP-002,Northeast,Office Supplies,CarrierA,27-Aug-2024,2024-08-29,2024-09-01,286,0
ORD-100234,SUP-014,Southeast,Office Supplies,CarrierC,2024-06-13,2024-06-23,2024-06-23,184,0
ORD-101453,SUP-005,West,Home Goods,CarrierC,08/03/2024,2024-08-08,2024-08-07,108,0
ORD-100808,SUP-005,Northeast,Apparel,CarrierB,2024-05-16,2024-05-23,2024-05-23,187,0
ORD-104965,SUP-014,West,Office Supplies,CarrierD,2024/03/21,2024-03-31,2024-03-30,416,0
ORD-104378,SUP-019,Northeast,Home Goods,CarrierD,11/10/2024,2024-11-15,2024-11-14,381,0
ORD-101454,SUP-016,Northeast,Perishables,CarrierB,30-Mar-2024,2024-04-02,2024-04-02,179,0
ORD-100662,SUP-013,Northeast,Electronics,CarrierA,26-Jul-2024,2024-08-05,2024-08-05,374,0
ORD-103338,SUP-020,West,Electronics,CarrierB,25-Jul-2024,2024-07-28,2024-08-04,465,0
ORD-100444,SUP-011,Northeast,Perishables,CarrierC,04/17/2024,2024-04-22,2024-04-22,147,0
ORD-105303,SUP-006,Southwest,Perishables,CarrierA,02-Oct-2024,2024-10-05,2024-10-08,237,0
ORD-102971,SUP-016,Midwest,Industrial Parts,CarrierB,27-Jan-2024,2024-02-01,2024-01-31,26,0
ORD-104313,SUP-009,Southeast,Electronics,CarrierD,19-Oct-2024,2024-10-21,2024-10-31,481,0
ORD-104203,SUP-007,West,Apparel,CarrierD,2024-12-17,2024-12-20,2024-12-23,18,0
ORD-102666,SUP-020,West,Perishables,CarrierB,2024/11/16,2024-11-23,2024-11-30,69,0
ORD-105880,SUP-016,Northeast,Electronics,CarrierA,12/02/2024,2024-12-04,2024-12-03,306,0
ORD-100179,SUP-004,Northeast,Industrial Parts,CarrierD,07/11/2024,2024-07-16,2024-07-21,271,0
ORD-103426,SUP-005,Southwest,Perishables,CarrierD,2024-08-11,2024-08-18,2024-08-17,20,0
ORD-102295,SUP-009,Southeast,Electronics,CarrierC,25-Jan-2024,2024-01-27,2024-01-27,221,0
ORD-105276,SUP-005,Northeast,Office Supplies,CarrierC,02/04/2024,2024-02-09,2024-02-09,16,0
ORD-101558,SUP-011,Midwest,Industrial Parts,CarrierC,2024/03/30,2024-04-01,2024-04-16,184,0
ORD-103092,SUP-006,West,,CarrierC,2024-06-25,2024-06-30,2024-06-29,146,0
ORD-101321,SUP-016,Southwest,Home Goods,CarrierD,02-Oct-2024,2024-10-09,2024-10-09,189,0
ORD-100276,SUP-019,Southwest,Industrial Parts,CarrierA,2024/01/26,2024-01-29,2024-02-02,285,0
ORD-104429,SUP-017,West,Perishables,CarrierC,2024-01-22,2024-01-25,2024-01-29,404,0
ORD-105774,SUP-015,Southeast,Industrial Parts,CarrierA,2024/02/03,2024-02-05,2024-02-05,114,0
ORD-103411,SUP-013,West,Perishables,CarrierD,08-Mar-2024,2024-03-18,2024-03-18,332,0
ORD-102032,SUP-016,Midwest,Home Goods,CarrierB,02/24/2024,2024-02-27,2024-02-26,270,0
ORD-104982,SUP-016,Southeast,Apparel,CarrierA,2024/11/30,2024-12-05,2024-12-17,6,0
ORD-100607,SUP-009,Southeast,Apparel,CarrierA,14-Feb-2024,2024-02-19,2024-02-19,397,0
ORD-105134,SUP-004,Midwest,Perishables,CarrierA,12/21/2024,2024-12-23,2024-12-22,186,0
ORD-104670,SUP-006,Midwest,,CarrierD,27-Jul-2024,2024-07-29,2024-07-28,359,0
ORD-100136,SUP-018,Southeast,Office Supplies,CarrierD,09/03/2024,2024-09-10,2024-09-10,460,0
ORD-105336,SUP-007,Southwest,Industrial Parts,CarrierD,08/05/2024,2024-08-08,2024-08-07,428,0
ORD-100718,SUP-017,Midwest,Apparel,CarrierD,2024-01-03,2024-01-08,2024-01-08,334,0
ORD-100115,SUP-018,,Home Goods,CarrierB,2024-07-09,2024-07-11,2024-07-10,188,0
ORD-105524,SUP-019,Midwest,Apparel,CarrierB,18-Jul-2024,2024-07-20,2024-07-20,478,0
ORD-104462,SUP-014,West,Industrial Parts,CarrierA,12/27/2024,2024-12-29,2024-12-28,169,0
ORD-104487,SUP-017,Southwest,Office Supplies,CarrierD,2024-09-28,2024-10-08,2024-10-08,447,0
ORD-102938,SUP-020,Southeast,Electronics,CarrierD,2024/08/12,2024-08-22,2024-08-22,179,0
ORD-103856,SUP-011,Southwest,Industrial Parts,CarrierA,2024/03/28,2024-04-07,2024-04-07,207,0
ORD-103583,SUP-008,Northeast,Perishables,CarrierA,2024/05/29,2024-06-01,2024-06-07,285,0
ORD-102445,SUP-008,Southwest,Perishables,CarrierA,2024-05-30,2024-06-01,2024-06-01,335,0
ORD-103665,SUP-020,Northeast,Electronics,CarrierD,30-Jul-2024,2024-08-09,2024-08-14,341,0
ORD-103618,SUP-009,Southeast,Perishables,CarrierC,2024-09-11,2024-09-14,2024-09-14,107,0
ORD-101628,SUP-005,Northeast,Apparel,CarrierB,28-Aug-2024,2024-08-31,2024-08-30,141,0
ORD-104774,SUP-011,Southeast,Home Goods,CarrierA,06/25/2024,2024-07-05,2024-07-05,216,0
ORD-103977,SUP-012,Midwest,Perishables,CarrierC,2024-03-30,2024-04-02,2024-04-01,156,0
ORD-104550,SUP-012,Southeast,Office Supplies,CarrierB,22-Nov-2024,2024-11-25,2024-12-05,138,0
ORD-103783,SUP-020,Midwest,Perishables,CarrierA,08/05/2024,2024-08-10,2024-08-10,396,0
ORD-100285,SUP-005,Southeast,Industrial Parts,CarrierD,26-Dec-2024,2024-12-28,2024-12-28,325,0
ORD-102804,SUP-003,Northeast,Electronics,CarrierD,2024-09-30,2024-10-07,2024-10-07,232,0
ORD-105020,SUP-011,Midwest,Industrial Parts,CarrierA,2024-07-05,2024-07-12,2024-07-14,475,0
ORD-101642,SUP-004,Northeast,Electronics,CarrierD,2024-10-13,2024-10-23,2024-10-23,247,0
ORD-103232,SUP-003,Southeast,Apparel,CarrierB,2024-12-13,2024-12-18,2024-12-17,220,0
ORD-104149,SUP-002,Northeast,Home Goods,CarrierA,2024/03/09,2024-03-16,2024-03-15,457,0
ORD-104428,SUP-019,Southwest,Perishables,CarrierB,2024-03-11,2024-03-13,2024-03-14,446,0
ORD-103286,SUP-015,Southeast,Industrial Parts,CarrierA,30-Jul-2024,2024-08-04,2024-08-06,252,0
ORD-101122,SUP-003,Southeast,Electronics,CarrierD,2024/10/14,2024-10-24,2024-10-24,410,0
ORD-101328,SUP-013,Southeast,Perishables,CarrierB,2024-04-28,2024-05-01,2024-05-01,306,0
ORD-105469,SUP-008,Southwest,Home Goods,CarrierC,22-Jun-2024,2024-06-24,2024-07-04,263,0
ORD-101929,SUP-007,West,Apparel,CarrierD,2024/05/04,2024-05-11,2024-05-11,136,0
ORD-102639,SUP-003,Southwest,Apparel,CarrierC,09/01/2024,2024-09-08,2024-09-18,238,0
ORD-102263,SUP-009,Midwest,Electronics,CarrierA,02/19/2024,2024-02-21,2024-02-21,311,0
ORD-104789,SUP-011,Midwest,Industrial Parts,CarrierC,2024/05/28,2024-05-31,2024-05-31,382,0
ORD-100552,SUP-007,,Perishables,CarrierB,05/16/2024,2024-05-26,2024-05-26,276,0
ORD-100028,SUP-014,Southwest,Perishables,CarrierD,07-Jan-2024,2024-01-10,2024-01-10,254,0
ORD-102583,SUP-015,Midwest,Office Supplies,CarrierC,2024/06/15,2024-06-18,2024-06-24,332,0
ORD-100968,SUP-003,Midwest,Industrial Parts,CarrierC,27-Nov-2024,2024-12-04,2024-12-04,221,0
ORD-104446,SUP-003,Northeast,Home Goods,CarrierC,2024-07-29,2024-08-01,2024-07-31,483,0
ORD-102965,SUP-005,,Home Goods,CarrierB,08/03/2024,2024-08-13,2024-08-12,155,0
ORD-105547,SUP-012,Midwest,Perishables,CarrierB,2024/01/20,2024-01-22,2024-01-25,85,0
ORD-101793,SUP-012,Midwest,Perishables,CarrierB,07/20/2024,2024-07-25,2024-07-27,443,0
ORD-103256,SUP-017,Southeast,Office Supplies,CarrierD,02/15/2024,2024-02-25,2024-02-24,30,0
ORD-102641,SUP-017,Northeast,Office Supplies,CarrierD,13-Apr-2024,2024-04-20,2024-04-20,260,0
ORD-103388,SUP-005,West,Home Goods,CarrierA,2024-10-09,2024-10-12,2024-10-12,176,0
ORD-100219,SUP-019,West,Office Supplies,CarrierC,2024/07/29,2024-07-31,2024-07-31,186,0
ORD-102318,SUP-014,West,Apparel,CarrierB,01/24/2024,2024-01-29,2024-01-29,123,0
ORD-101851,SUP-013,Midwest,Apparel,CarrierB,21-Jun-2024,2024-07-01,2024-07-01,107,0
ORD-104808,SUP-003,Northeast,Apparel,CarrierD,10-Feb-2024,2024-02-13,2024-02-12,256,0
ORD-104247,SUP-016,Midwest,Home Goods,CarrierB,21-Oct-2024,2024-10-31,2024-10-30,7,0
ORD-105809,SUP-004,Southwest,Electronics,CarrierA,25-Jan-2024,2024-01-27,2024-01-31,50,0
ORD-105478,SUP-003,Northeast,Perishables,CarrierD,03/15/2024,2024-03-17,2024-03-22,40,0
ORD-103823,SUP-018,Midwest,,CarrierC,2024/09/01,2024-09-03,2024-09-04,142,0
ORD-102472,SUP-005,Midwest,Industrial Parts,CarrierB,01/30/2024,2024-02-09,2024-02-08,286,0
ORD-103404,SUP-002,Southeast,Industrial Parts,CarrierC,30-Apr-2024,2024-05-02,2024-05-13,33,0
ORD-101475,SUP-003,Southwest,Office Supplies,CarrierC,2024/12/27,2025-01-06,2025-01-11,225,0
ORD-105855,SUP-011,Midwest,Industrial Parts,CarrierC,2024-09-04,2024-09-11,2024-09-11,104,0
ORD-100250,SUP-004,Northeast,Industrial Parts,CarrierB,03/17/2024,2024-03-27,2024-03-26,372,0
ORD-100021,SUP-010,Southeast,Home Goods,CarrierB,12-Nov-2024,2024-11-22,2024-11-25,20,0
ORD-104616,SUP-016,West,Home Goods,CarrierD,2024-05-23,2024-05-28,2024-05-28,426,0
ORD-102084,SUP-019,,Apparel,CarrierD,2024-07-21,2024-07-26,2024-07-26,154,0
ORD-100554,SUP-020,West,Home Goods,CarrierB,27-May-2024,2024-06-01,2024-06-01,216,0
ORD-102505,SUP-009,Southwest,Apparel,CarrierB,2024/06/11,2024-06-18,2024-06-18,434,0
ORD-103111,SUP-011,West,Apparel,CarrierD,04/04/2024,2024-04-07,2024-04-07,410,0
ORD-104912,SUP-008,Northeast,Perishables,CarrierC,13-Jan-2024,2024-01-18,2024-01-24,408,0
ORD-101508,SUP-012,Northeast,Perishables,CarrierC,2024/04/05,2024-04-15,2024-04-22,498,0
ORD-104079,SUP-003,West,Electronics,CarrierB,2024/04/24,2024-04-26,2024-04-27,102,0
ORD-101684,SUP-001,Southwest,Electronics,CarrierD,11/15/2024,2024-11-22,2024-11-24,247,0
ORD-104974,SUP-005,Southwest,Perishables,CarrierB,2024/06/14,2024-06-24,2024-06-23,7,0
ORD-101791,SUP-020,Northeast,Apparel,CarrierC,2024-12-05,2024-12-08,2024-12-07,9,0
ORD-100119,SUP-007,Southwest,Perishables,CarrierB,2024-02-02,2024-02-12,2024-02-11,239,0
ORD-105464,SUP-018,Northeast,Apparel,CarrierC,09/05/2024,2024-09-12,2024-09-11,233,0
ORD-102881,SUP-016,Southwest,Industrial Parts,CarrierC,2024/07/28,2024-07-31,2024-07-31,234,0
ORD-100044,SUP-003,West,Industrial Parts,CarrierB,26-May-2024,2024-06-02,2024-06-05,160,1
ORD-104957,SUP-012,Midwest,Office Supplies,CarrierD,03/20/2024,2024-03-25,2024-03-25,203,0
ORD-103649,SUP-011,Midwest,Perishables,CarrierA,2024-07-05,2024-07-15,2024-07-27,145,0
ORD-102198,SUP-012,Midwest,Perishables,CarrierB,30-Nov-2024,2024-12-05,2024-12-05,212,0
ORD-104570,SUP-002,Southwest,Apparel,CarrierA,2024/06/03,2024-06-06,2024-06-13,424,0
ORD-100314,SUP-016,Southwest,Electronics,CarrierC,06/16/2024,2024-06-19,2024-06-19,380,0
ORD-104920,SUP-006,Southwest,Office Supplies,CarrierD,2024/06/24,2024-06-27,2024-06-27,473,0
ORD-103732,SUP-018,Southeast,Industrial Parts,CarrierB,2024/10/18,2024-10-28,2024-10-27,340,0
ORD-103822,SUP-011,West,Electronics,CarrierB,2024-12-25,2024-12-28,2024-12-28,148,0
ORD-103806,SUP-016,Southwest,Home Goods,CarrierA,2024-01-13,2024-01-23,2024-01-25,484,0
ORD-103488,SUP-006,Midwest,Industrial Parts,CarrierC,2024/01/29,2024-02-01,2024-02-01,156,0
ORD-104063,SUP-008,Southwest,Industrial Parts,CarrierD,01/16/2024,2024-01-21,2024-02-01,119,0
ORD-102353,SUP-009,West,Office Supplies,CarrierA,23-Sep-2024,2024-09-25,2024-09-25,133,0
ORD-100004,SUP-001,Northeast,Electronics,CarrierC,2024/06/04,2024-06-11,2024-06-13,225,0
ORD-100941,SUP-013,West,Office Supplies,CarrierA,04/18/2024,2024-04-28,2024-04-28,101,0
ORD-101026,SUP-003,Northeast,Perishables,CarrierC,07-Sep-2024,2024-09-09,2024-09-14,175,0
ORD-103894,SUP-013,Southwest,Perishables,CarrierC,2024/02/07,2024-02-14,2024-02-14,441,0
ORD-100268,SUP-009,Northeast,Office Supplies,CarrierB,21-Nov-2024,2024-11-24,2024-11-23,283,0
ORD-104636,SUP-002,Midwest,Electronics,CarrierD,06-May-2024,2024-05-08,2024-05-17,88,0
ORD-105355,SUP-007,West,Industrial Parts,CarrierB,07-Apr-2024,2024-04-14,2024-04-14,320,0
ORD-103126,SUP-019,Southeast,Apparel,CarrierA,09/13/2024,2024-09-23,2024-09-23,116,0
ORD-105639,SUP-005,West,Office Supplies,CarrierC,10-Apr-2024,2024-04-17,2024-04-16,79,0
ORD-102416,SUP-008,Midwest,Home Goods,CarrierC,2024/02/28,2024-03-04,2024-03-04,92,0
ORD-105169,SUP-007,Midwest,Industrial Parts,CarrierD,2024-06-24,2024-06-27,2024-06-27,50,0
ORD-101038,SUP-020,Northeast,Perishables,CarrierA,17-Nov-2024,2024-11-22,2024-11-26,220,0
ORD-104426,SUP-020,West,Apparel,CarrierB,2024-11-14,2024-11-17,2024-11-22,69,0
ORD-101233,SUP-018,West,Office Supplies,CarrierD,01/20/2024,2024-01-27,2024-01-26,35,0
ORD-101123,SUP-008,West,Office Supplies,CarrierA,2024-10-22,2024-10-29,2024-10-28,420,0
ORD-104960,SUP-017,Northeast,Apparel,CarrierA,2024-02-05,2024-02-08,2024-02-12,103,0
ORD-102917,SUP-008,Southeast,Electronics,CarrierB,2024/12/01,2024-12-03,2024-12-03,344,0
ORD-100763,SUP-005,Southeast,Office Supplies,CarrierD,2024-09-15,2024-09-25,2024-09-25,392,0
ORD-104566,SUP-004,West,Electronics,CarrierA,16-Jun-2024,2024-06-21,2024-06-20,305,0
ORD-103934,SUP-007,Southeast,Perishables,CarrierD,13-Aug-2024,2024-08-20,2024-08-20,108,0
ORD-101242,SUP-002,Northeast,Electronics,CarrierC,2024/08/09,2024-08-11,2024-08-15,301,0
ORD-104917,SUP-004,West,Industrial Parts,CarrierA,2024-12-06,2024-12-16,2024-12-18,48,0
ORD-105928,SUP-013,Southwest,Industrial Parts,CarrierC,12/19/2024,2024-12-26,2024-12-26,45,0
ORD-101534,SUP-001,Southwest,Office Supplies,CarrierB,2024/11/21,2024-11-26,2024-12-01,424,0
ORD-100636,SUP-014,Southwest,Industrial Parts,CarrierD,11-Oct-2024,2024-10-21,2024-10-24,34,0
ORD-105118,SUP-007,Northeast,Apparel,CarrierC,2024/07/05,2024-07-07,2024-07-06,215,0
ORD-103963,SUP-016,Northeast,Perishables,CarrierA,2024/11/28,2024-12-05,2024-12-04,285,0
ORD-100870,SUP-017,Southeast,Home Goods,CarrierC,26-Jun-2024,2024-06-28,2024-07-02,8,0
ORD-100867,SUP-006,Southwest,Apparel,CarrierD,2024-11-26,2024-12-01,2024-12-01,122,0
ORD-101385,SUP-005,Northeast,Electronics,CarrierD,04/18/2024,2024-04-21,2024-04-20,193,0
ORD-102991,SUP-015,Southwest,Apparel,CarrierB,14-Nov-2024,2024-11-21,2024-11-20,383,0
ORD-100503,SUP-011,,Office Supplies,CarrierB,25-Jan-2024,2024-02-01,2024-02-01,437,0
ORD-102037,SUP-017,West,Industrial Parts,CarrierA,2024-10-10,2024-10-13,2024-10-13,343,0
ORD-103712,SUP-014,Midwest,Apparel,CarrierB,2024/04/29,2024-05-06,2024-05-06,166,0
ORD-101773,SUP-015,Southwest,Office Supplies,CarrierC,2024/12/25,2024-12-27,2024-12-31,242,0
ORD-102331,SUP-017,Southeast,Apparel,CarrierC,08/05/2024,2024-08-07,2024-08-11,467,0
ORD-101448,SUP-018,Southwest,Home Goods,CarrierC,01/18/2024,2024-01-25,2024-01-27,181,0
ORD-101197,SUP-007,Northeast,Perishables,CarrierB,05/02/2024,2024-05-12,2024-05-12,18,0
ORD-104287,SUP-014,Midwest,Office Supplies,CarrierB,2024-01-02,2024-01-09,2024-01-09,33,0
ORD-103812,SUP-015,West,Industrial Parts,CarrierB,2024/10/23,2024-10-28,2024-10-30,319,0
ORD-103071,SUP-010,Southeast,Perishables,CarrierB,12/11/2024,2024-12-13,2024-12-12,16,0
ORD-103486,SUP-006,Midwest,Perishables,CarrierB,2024-07-17,2024-07-24,2024-07-24,431,0
ORD-103220,SUP-013,Northeast,Perishables,CarrierC,26-Jun-2024,2024-06-28,2024-07-01,301,0
ORD-102600,SUP-006,West,Perishables,CarrierA,2024-08-07,2024-08-17,2024-08-19,3,0
ORD-100758,SUP-012,West,Office Supplies,CarrierD,2024/08/09,2024-08-16,2024-08-16,155,0
ORD-102217,SUP-004,Midwest,Apparel,CarrierB,10/26/2024,2024-10-28,2024-10-31,76,0
ORD-104671,SUP-004,Southeast,Office Supplies,CarrierD,11-May-2024,2024-05-21,2024-05-20,101,0
ORD-101410,SUP-002,Midwest,Perishables,CarrierD,10/14/2024,2024-10-24,2024-10-24,149,0
ORD-103483,SUP-018,Midwest,Industrial Parts,CarrierB,24-Aug-2024,2024-08-29,2024-08-28,181,0
ORD-105670,SUP-005,Northeast,Industrial Parts,CarrierA,26-Oct-2024,2024-10-31,2024-10-31,251,0
ORD-104354,SUP-003,Northeast,Industrial Parts,CarrierB,2024/05/14,2024-05-21,2024-05-28,284,0
ORD-105110,SUP-020,Midwest,Perishables,CarrierD,2024-05-17,2024-05-24,2024-05-24,264,0
ORD-105275,SUP-007,Midwest,Industrial Parts,CarrierD,02-Jan-2024,2024-01-07,2024-01-07,135,0
ORD-100308,SUP-014,Southeast,,CarrierD,17-Aug-2024,2024-08-22,2024-08-22,479,0
ORD-103396,SUP-020,Midwest,Perishables,CarrierA,09/26/2024,2024-09-29,2024-09-30,119,0
ORD-102362,SUP-014,,Apparel,CarrierA,19-Jan-2024,2024-01-21,2024-01-20,467,0
ORD-103680,SUP-001,Northeast,Electronics,CarrierB,2024-02-06,2024-02-13,2024-02-16,33,0
ORD-101169,SUP-012,Southeast,Perishables,CarrierC,2024-10-12,2024-10-14,2024-10-14,279,0
ORD-100222,SUP-010,Southeast,Apparel,CarrierB,2024/10/30,2024-11-01,2024-11-01,400,0
ORD-101513,SUP-002,Southwest,Apparel,CarrierD,2024-11-29,2024-12-01,2024-12-01,257,1
ORD-100573,SUP-005,Midwest,Perishables,CarrierB,2024-11-16,2024-11-19,2024-11-19,354,0
ORD-100440,SUP-020,Northeast,Electronics,CarrierD,04-Dec-2024,2024-12-06,2024-12-06,265,0
ORD-103745,SUP-018,Midwest,Perishables,CarrierC,17-Jul-2024,2024-07-20,2024-07-19,252,0
ORD-103756,SUP-016,Midwest,Office Supplies,CarrierD,2024-01-10,2024-01-17,2024-01-16,85,0
ORD-100233,SUP-020,Northeast,Industrial Parts,CarrierA,2024/01/26,2024-02-02,2024-02-08,439,0
ORD-104278,SUP-001,Southeast,Electronics,CarrierB,2024/02/21,2024-02-23,2024-02-24,338,0
ORD-100420,SUP-014,Midwest,Perishables,CarrierC,19-Nov-2024,2024-11-24,2024-11-23,73,0
ORD-103801,SUP-002,West,Electronics,CarrierA,2024/03/18,2024-03-20,2024-03-20,451,0
ORD-101409,SUP-010,Northeast,Office Supplies,CarrierC,2024/04/04,2024-04-14,,379,0
ORD-102534,SUP-006,Midwest,Office Supplies,CarrierA,2024-07-22,2024-07-29,2024-07-29,202,0
ORD-101309,SUP-010,West,Electronics,CarrierA,2024/05/17,2024-05-22,2024-05-22,318,0
ORD-104695,SUP-002,Midwest,Industrial Parts,CarrierA,2024/08/27,2024-09-06,2024-09-06,360,0
ORD-104350,SUP-005,Midwest,Industrial Parts,CarrierC,26-Apr-2024,2024-04-29,2024-05-01,106,0
ORD-101577,SUP-006,West,Industrial Parts,CarrierD,06/10/2024,2024-06-13,2024-06-17,102,0
ORD-103599,SUP-006,Midwest,Perishables,CarrierD,10/27/2024,2024-10-30,2024-10-30,430,0
ORD-104769,SUP-007,Northeast,Electronics,CarrierD,2024/01/20,2024-01-25,2024-01-24,232,0
ORD-105401,SUP-010,Northeast,Office Supplies,CarrierA,2024-02-07,2024-02-09,2024-02-09,195,0
ORD-104964,SUP-001,Midwest,Industrial Parts,CarrierB,2024/01/28,2024-02-07,2024-02-12,47,0
ORD-103720,SUP-007,Southeast,Apparel,CarrierC,08-Oct-2024,2024-10-13,2024-10-13,24,0
ORD-101135,SUP-010,Southwest,Apparel,CarrierC,01/30/2024,2024-02-06,2024-02-07,110,0
ORD-101351,SUP-006,Northeast,Electronics,CarrierD,12-Jun-2024,2024-06-14,2024-06-13,426,0
ORD-103771,SUP-015,Northeast,Industrial Parts,CarrierB,01/26/2024,2024-01-29,2024-01-31,356,0
ORD-102814,SUP-014,Northeast,Apparel,CarrierC,2024/06/26,2024-07-01,2024-07-03,388,0
ORD-104093,SUP-013,Northeast,Apparel,CarrierB,2024-02-13,2024-02-23,2024-02-22,497,0
ORD-105966,SUP-017,Northeast,,CarrierD,2024/03/26,2024-03-31,2024-04-07,318,0
ORD-102872,SUP-005,Midwest,Industrial Parts,CarrierA,2024-01-08,2024-01-13,2024-01-16,19,0
ORD-100116,SUP-013,Southeast,,CarrierA,07/12/2024,2024-07-15,2024-07-14,376,0
ORD-105311,SUP-011,Southwest,Apparel,CarrierD,01-Jan-2024,2024-01-04,2024-01-04,67,0
ORD-102998,SUP-018,Northeast,,CarrierD,2024-11-29,2024-12-06,2024-12-06,419,0
ORD-104309,SUP-018,West,Home Goods,CarrierD,12-Feb-2024,2024-02-19,2024-02-24,455,0
ORD-105738,SUP-007,Southwest,Home Goods,CarrierC,2024/08/30,2024-09-09,2024-09-08,182,0
ORD-104013,SUP-002,Southeast,Electronics,CarrierA,2024-11-06,2024-11-16,2024-11-16,481,0
ORD-105869,SUP-005,Northeast,Perishables,CarrierB,29-Apr-2024,2024-05-01,2024-05-01,64,0
ORD-103095,SUP-015,Midwest,Perishables,CarrierC,2024/01/13,2024-01-16,2024-01-16,381,0
ORD-104164,SUP-009,Southwest,Office Supplies,CarrierD,2024/10/25,2024-11-01,2024-10-31,292,0
ORD-101988,SUP-020,Southeast,Apparel,CarrierB,2024-02-05,2024-02-12,2024-02-11,338,0
ORD-105160,SUP-008,Southeast,Office Supplies,CarrierA,2024-03-27,2024-04-01,2024-04-01,88,0
ORD-100634,SUP-018,Northeast,Apparel,CarrierC,04-Jun-2024,2024-06-11,2024-06-10,44,0
ORD-102914,SUP-009,West,Industrial Parts,CarrierC,2024/11/19,2024-11-22,2024-11-21,497,0
ORD-105318,SUP-020,Southwest,Industrial Parts,CarrierA,2024/04/14,2024-04-19,2024-04-19,61,0
ORD-105236,SUP-007,Midwest,Office Supplies,CarrierD,11/23/2024,2024-11-25,2024-11-24,304,0
ORD-104397,SUP-008,Southeast,Industrial Parts,CarrierB,09/08/2024,2024-09-13,2024-09-13,437,0
ORD-105324,SUP-003,Northeast,Home Goods,CarrierD,2024-11-28,2024-11-30,2024-11-30,388,0
ORD-102940,SUP-012,Northeast,Home Goods,CarrierB,21-Sep-2024,2024-09-24,2024-09-24,434,0
ORD-102948,SUP-007,Southeast,Home Goods,CarrierB,11/09/2024,2024-11-16,2024-11-16,254,0
ORD-100385,SUP-005,Southeast,Electronics,CarrierD,2024/11/09,2024-11-14,2024-11-14,285,0
ORD-102619,SUP-017,Northeast,Apparel,CarrierB,2024-06-29,2024-07-01,2024-07-01,123,0
ORD-102461,SUP-016,Midwest,Office Supplies,CarrierD,23-Feb-2024,2024-02-28,2024-02-28,83,0
ORD-105032,SUP-016,Southeast,Perishables,CarrierD,2024-11-12,2024-11-15,2024-11-20,397,0
ORD-105359,SUP-005,West,Electronics,CarrierC,01/18/2024,2024-01-28,2024-01-28,317,0
ORD-101163,SUP-010,Midwest,Perishables,CarrierD,2024/01/07,2024-01-17,2024-01-17,389,0
ORD-101483,SUP-005,West,Perishables,CarrierB,12/19/2024,2024-12-21,2024-12-21,360,0
ORD-100331,SUP-003,,Industrial Parts,CarrierA,01/19/2024,2024-01-21,2024-01-25,169,0
ORD-101794,SUP-015,Southwest,Office Supplies,CarrierD,07/07/2024,2024-07-10,2024-07-10,145,0
ORD-100644,SUP-019,West,Perishables,CarrierA,11/28/2024,2024-11-30,2024-11-30,391,0
ORD-103372,SUP-013,Midwest,Apparel,CarrierD,20-Aug-2024,2024-08-25,2024-08-25,288,0
ORD-103293,SUP-020,Northeast,Electronics,CarrierB,2024-02-04,2024-02-07,2024-02-07,29,0
ORD-102060,SUP-016,Northeast,,CarrierB,12/03/2024,2024-12-08,2024-12-08,131,0
ORD-104744,SUP-009,Southwest,Perishables,CarrierA,04/13/2024,2024-04-18,2024-04-21,488,0
ORD-102934,SUP-006,Southeast,Office Supplies,CarrierC,2024/07/20,2024-07-25,2024-07-25,87,0
ORD-102360,SUP-001,Northeast,Industrial Parts,CarrierA,2024-10-23,2024-10-28,2024-11-03,256,0
ORD-105794,SUP-001,West,Apparel,CarrierD,2024/07/11,2024-07-21,2024-07-27,105,0
ORD-100416,SUP-019,Northeast,Industrial Parts,CarrierA,03/06/2024,2024-03-13,2024-03-17,430,0
ORD-103251,SUP-005,Northeast,Home Goods,CarrierC,2024-07-30,2024-08-01,2024-08-01,160,0
ORD-100343,SUP-015,Southeast,Perishables,CarrierA,10/05/2024,2024-10-08,2024-10-08,221,0
ORD-105506,SUP-002,Southeast,Electronics,CarrierC,2024/12/04,2024-12-07,2024-12-12,246,0
ORD-104724,SUP-013,Southeast,Apparel,CarrierB,01-Jun-2024,2024-06-06,2024-06-06,161,0
ORD-100784,SUP-005,Southwest,Electronics,CarrierC,21-Mar-2024,2024-03-23,2024-03-23,378,0
ORD-103671,SUP-009,West,Perishables,CarrierB,18-Jan-2024,2024-01-21,2024-01-24,326,0
ORD-103631,SUP-008,Northeast,Industrial Parts,CarrierB,2024-12-02,2024-12-07,2024-12-10,91,0
ORD-103973,SUP-020,Southwest,Home Goods,CarrierA,2024/05/07,2024-05-10,2024-05-10,124,0
ORD-103227,SUP-014,West,Apparel,CarrierB,13-Sep-2024,2024-09-20,2024-09-20,406,0
ORD-104490,SUP-011,Northeast,Industrial Parts,CarrierC,28-Feb-2024,2024-03-02,2024-03-02,28,0
ORD-103228,SUP-012,Northeast,Office Supplies,CarrierB,2024/12/09,2024-12-12,2024-12-11,233,0
ORD-104236,SUP-019,Northeast,Office Supplies,CarrierD,08/29/2024,2024-09-05,2024-09-05,250,0
ORD-105830,SUP-019,Southwest,Industrial Parts,CarrierA,19-Apr-2024,2024-04-24,2024-04-23,153,0
ORD-103804,SUP-013,West,Perishables,CarrierC,27-Oct-2024,2024-10-30,2024-10-29,184,0
ORD-100311,SUP-013,Midwest,Electronics,CarrierB,17-May-2024,2024-05-24,2024-05-24,218,0
ORD-101352,SUP-006,Southwest,Perishables,CarrierB,03-Apr-2024,2024-04-06,2024-04-09,391,0
ORD-103792,SUP-012,Midwest,Office Supplies,CarrierA,2024-04-10,2024-04-15,2024-04-22,1,0
ORD-100705,SUP-012,Northeast,Industrial Parts,CarrierB,2024/03/31,2024-04-03,2024-04-07,46,0
ORD-100101,SUP-006,Northeast,Apparel,CarrierA,04/17/2024,2024-04-24,2024-04-23,202,0
ORD-100141,SUP-003,Northeast,Electronics,CarrierD,2024/05/14,2024-05-21,2024-05-26,199,0
ORD-101060,SUP-004,Midwest,Perishables,CarrierC,06-Dec-2024,2024-12-11,2024-12-11,465,0
ORD-100580,SUP-019,Northeast,Home Goods,CarrierA,11/09/2024,2024-11-16,2024-11-16,336,1
ORD-104575,SUP-004,Southeast,Electronics,CarrierD,01/01/2024,2024-01-11,2024-01-11,396,0
ORD-104103,SUP-002,Southeast,Industrial Parts,CarrierD,13-Feb-2024,2024-02-18,2024-02-26,314,0
ORD-101422,SUP-007,Southeast,Office Supplies,CarrierB,19-May-2024,2024-05-26,2024-05-26,290,0
ORD-101954,SUP-006,Northeast,Home Goods,CarrierA,2024-01-26,2024-01-28,2024-01-31,69,0
ORD-100795,SUP-008,Midwest,Electronics,CarrierC,12/09/2024,2024-12-16,2024-12-16,91,0
ORD-101784,SUP-015,Southeast,Apparel,CarrierD,2024/01/19,2024-01-22,2024-01-22,474,0
ORD-105435,SUP-015,Southeast,Apparel,CarrierB,11-Aug-2024,2024-08-18,2024-08-18,361,0
ORD-103258,SUP-017,Southeast,Perishables,CarrierA,16-Apr-2024,2024-04-19,2024-04-22,222,0
ORD-101064,SUP-006,West,Apparel,CarrierA,25-Mar-2024,2024-04-01,2024-04-01,26,0
ORD-105628,SUP-004,Northeast,Home Goods,CarrierB,2024-07-07,2024-07-14,2024-07-14,46,0
ORD-103274,SUP-013,West,Electronics,CarrierA,2024/02/23,2024-02-28,2024-02-28,142,0
ORD-103473,SUP-013,Southeast,Office Supplies,CarrierC,2024-10-18,2024-10-23,2024-10-23,90,0
ORD-104576,SUP-020,Midwest,Home Goods,CarrierB,2024/04/24,2024-05-04,2024-05-04,115,0
ORD-100687,SUP-015,Northeast,Apparel,CarrierC,10/30/2024,2024-11-02,2024-11-04,490,0
ORD-101921,SUP-012,West,Apparel,CarrierA,2024/08/10,2024-08-17,2024-08-17,18,0
ORD-105791,SUP-007,Southeast,Electronics,CarrierA,29-May-2024,2024-06-01,2024-06-02,415,0
ORD-105129,SUP-008,West,Office Supplies,CarrierD,10/14/2024,2024-10-21,2024-10-21,359,0
ORD-102541,SUP-015,Northeast,Home Goods,CarrierB,2024/10/14,2024-10-16,2024-10-15,388,0
ORD-100366,SUP-002,Northeast,Home Goods,CarrierD,2024-08-18,2024-08-21,2024-08-21,295,0
ORD-102320,SUP-003,Northeast,Industrial Parts,CarrierB,2024-12-06,2024-12-11,2024-12-17,165,0
ORD-100993,SUP-006,Northeast,Apparel,CarrierA,13-Feb-2024,2024-02-16,2024-02-15,205,0
ORD-102256,SUP-013,Southwest,Perishables,CarrierA,2024/09/28,2024-09-30,2024-10-06,175,0
ORD-104715,SUP-020,,Electronics,CarrierD,2024/03/01,2024-03-03,2024-03-02,290,0
ORD-103206,SUP-004,West,Apparel,CarrierB,2024-08-02,2024-08-09,2024-08-08,293,0
ORD-102889,SUP-004,Northeast,Electronics,CarrierB,04-Jul-2024,2024-07-07,2024-07-07,56,0
ORD-105053,SUP-005,Southeast,Industrial Parts,CarrierB,2024-05-11,2024-05-13,2024-05-13,46,0
ORD-105111,SUP-019,Southwest,Electronics,CarrierC,06/14/2024,2024-06-21,2024-06-21,320,0
ORD-101131,SUP-005,West,Industrial Parts,CarrierA,2024/08/03,2024-08-08,2024-08-08,137,0
ORD-104493,SUP-020,Northeast,Industrial Parts,CarrierA,2024-05-28,2024-05-30,2024-05-30,259,0
ORD-103475,SUP-018,Northeast,Electronics,CarrierD,11/10/2024,2024-11-13,2024-11-13,429,0
ORD-105170,SUP-007,Southeast,Perishables,CarrierD,2024-04-07,2024-04-12,2024-04-12,397,0
ORD-105972,SUP-020,West,Industrial Parts,CarrierD,08-Nov-2024,2024-11-10,2024-11-10,40,0
ORD-101865,SUP-019,Midwest,Apparel,CarrierC,05-Jan-2024,2024-01-15,2024-01-16,335,0
ORD-104398,SUP-016,Southeast,Perishables,CarrierA,2024-08-21,2024-08-28,2024-08-28,94,0
ORD-104315,SUP-015,West,Apparel,CarrierB,07/21/2024,2024-07-23,2024-07-25,255,0
ORD-100555,SUP-009,Southwest,Electronics,CarrierD,23-Nov-2024,2024-11-25,2024-11-24,467,0
ORD-101056,SUP-019,Northeast,Industrial Parts,CarrierA,04/04/2024,2024-04-06,2024-04-05,287,0
ORD-103321,SUP-009,Southeast,Electronics,CarrierC,14-Apr-2024,2024-04-16,2024-04-17,147,0
ORD-101238,SUP-018,Southwest,Perishables,CarrierC,2024-09-28,2024-10-08,2024-10-08,306,0
ORD-101232,SUP-008,West,Industrial Parts,CarrierA,2024/08/16,2024-08-23,2024-08-22,196,0
ORD-104464,SUP-001,Southeast,Industrial Parts,CarrierB,07/12/2024,2024-07-19,2024-07-22,422,0
ORD-102019,SUP-006,Northeast,Perishables,CarrierC,2024/12/13,2024-12-20,2024-12-20,35,0
ORD-104099,SUP-019,West,Office Supplies,CarrierD,09/03/2024,2024-09-05,2024-09-07,102,0
ORD-100792,SUP-001,Southwest,Home Goods,CarrierB,10-Jan-2024,2024-01-15,2024-01-17,410,0
ORD-105000,SUP-007,Southeast,Industrial Parts,CarrierC,03/19/2024,2024-03-22,2024-03-26,134,0
ORD-105404,SUP-012,West,Office Supplies,CarrierB,01/02/2024,2024-01-05,2024-01-05,202,0
ORD-101681,SUP-009,Northeast,Office Supplies,CarrierA,06/06/2024,2024-06-11,,3,0
ORD-104739,SUP-014,West,Office Supplies,CarrierA,2024-08-28,2024-08-31,2024-08-30,11,0
ORD-103076,SUP-005,Northeast,Home Goods,CarrierD,2024-09-02,2024-09-09,2024-09-09,485,0
ORD-105243,SUP-016,West,Home Goods,CarrierB,10/07/2024,2024-10-12,2024-10-12,152,0
ORD-102389,SUP-008,Northeast,Perishables,CarrierB,2024/12/01,2024-12-11,2024-12-11,385,0
ORD-100407,SUP-005,West,Perishables,CarrierD,2024/03/29,2024-04-08,2024-04-08,390,0
ORD-101098,SUP-007,Southeast,Industrial Parts,CarrierC,01/17/2024,2024-01-19,2024-01-19,429,0
ORD-102605,SUP-003,Northeast,Perishables,CarrierD,09-Jan-2024,2024-01-12,2024-01-17,222,0
ORD-102036,SUP-002,Southwest,Office Supplies,CarrierA,2024-07-30,2024-08-09,2024-08-09,55,0
ORD-100126,SUP-003,West,Perishables,CarrierC,2024/01/13,2024-01-20,2024-01-22,332,0
ORD-105456,SUP-014,Southeast,Perishables,CarrierB,09/19/2024,2024-09-22,2024-09-22,124,0
ORD-104632,SUP-017,Southwest,Apparel,CarrierB,2024/07/09,2024-07-11,2024-07-14,75,0
ORD-102698,SUP-013,West,Perishables,CarrierA,03/01/2024,2024-03-11,2024-03-14,201,0
ORD-103528,SUP-019,Southeast,Apparel,CarrierC,2024/10/03,2024-10-06,2024-10-06,487,0
ORD-104896,SUP-002,Southwest,Office Supplies,CarrierC,2024/06/10,2024-06-20,2024-06-27,41,0
ORD-100181,SUP-019,Southwest,Industrial Parts,CarrierC,31-Aug-2024,2024-09-03,2024-09-03,242,0
ORD-100724,SUP-020,West,Office Supplies,CarrierD,09/06/2024,2024-09-09,2024-09-09,323,0
ORD-104229,SUP-001,Northeast,Home Goods,CarrierA,06/11/2024,2024-06-18,2024-06-20,304,0
ORD-102169,SUP-003,Southwest,Perishables,CarrierA,11/30/2024,2024-12-05,2024-12-06,62,0
ORD-105241,SUP-003,West,Apparel,CarrierB,2024/04/12,2024-04-14,2024-04-19,225,1
ORD-105226,SUP-003,Southwest,Home Goods,CarrierD,2024/08/18,2024-08-20,2024-08-20,380,0
ORD-105784,SUP-002,Southwest,Home Goods,CarrierA,08/31/2024,2024-09-05,2024-09-09,261,0
ORD-102093,SUP-017,Midwest,Industrial Parts,CarrierC,2024/04/17,2024-04-27,2024-04-29,217,0
ORD-105071,SUP-017,Southwest,Perishables,CarrierD,25-May-2024,2024-05-27,2024-05-30,366,0
ORD-105344,SUP-008,Midwest,Home Goods,CarrierA,11/08/2024,2024-11-10,2024-11-10,295,0
ORD-100217,SUP-008,Southwest,Home Goods,CarrierD,07/17/2024,2024-07-22,2024-08-02,436,0
ORD-101946,SUP-002,West,Perishables,CarrierC,2024-06-21,2024-06-26,2024-06-30,46,0
ORD-105467,SUP-019,West,Industrial Parts,CarrierA,10/21/2024,2024-10-23,2024-10-28,296,0
ORD-102107,SUP-006,Northeast,Office Supplies,CarrierD,2024/09/18,2024-09-25,2024-09-25,62,0
ORD-105986,SUP-017,Southwest,Electronics,CarrierA,07-Aug-2024,2024-08-14,2024-08-20,278,0
ORD-105414,SUP-011,Midwest,Home Goods,CarrierC,2024/07/15,2024-07-20,2024-07-19,53,0
ORD-103844,SUP-014,Southwest,Industrial Parts,CarrierD,12/14/2024,2024-12-17,2024-12-17,460,0
ORD-102761,SUP-014,West,Office Supplies,CarrierD,2024/06/27,2024-07-04,2024-07-04,64,0
ORD-105858,SUP-001,Southeast,Apparel,CarrierA,2024/01/18,2024-01-25,2024-01-24,466,0
ORD-105444,SUP-004,Southeast,Perishables,CarrierB,24-Jun-2024,2024-07-04,2024-07-11,484,0
ORD-103733,SUP-015,West,Electronics,CarrierC,02/25/2024,2024-02-27,2024-02-27,342,0
ORD-102140,SUP-019,Southwest,Electronics,CarrierA,08/10/2024,2024-08-15,2024-08-14,266,0
ORD-101416,SUP-002,West,Industrial Parts,CarrierA,2024/08/10,2024-08-12,2024-08-12,316,0
ORD-101893,SUP-018,Southeast,Electronics,CarrierB,25-May-2024,2024-05-28,2024-05-28,97,0
ORD-101028,SUP-001,Southeast,Perishables,CarrierC,15-Dec-2024,2024-12-25,2025-01-01,462,0
ORD-103858,SUP-015,Southwest,Industrial Parts,CarrierA,12/05/2024,2024-12-12,2024-12-12,437,0
ORD-100259,SUP-008,Southeast,Office Supplies,CarrierC,2024-02-16,2024-02-18,2024-02-18,275,0
ORD-105258,SUP-012,Northeast,Perishables,CarrierA,05/11/2024,2024-05-16,2024-05-19,248,0
ORD-101179,SUP-005,Southeast,Industrial Parts,CarrierD,2024/07/21,2024-07-24,2024-07-23,75,0
ORD-103887,SUP-003,Southwest,Office Supplies,CarrierD,03/07/2024,2024-03-14,2024-03-14,206,0
ORD-102929,SUP-010,Midwest,Industrial Parts,CarrierA,03-Jan-2024,2024-01-13,2024-01-13,421,0
ORD-103972,SUP-003,Midwest,Industrial Parts,CarrierC,07/10/2024,2024-07-12,2024-07-17,435,0
ORD-103998,SUP-011,Northeast,Apparel,CarrierB,16-Jan-2024,2024-01-21,2024-01-21,124,0
ORD-105719,SUP-020,Southeast,Apparel,CarrierC,2024-09-25,2024-09-30,2024-09-30,27,0
ORD-105222,SUP-001,Southeast,Industrial Parts,CarrierC,2024-01-12,2024-01-22,2024-01-22,150,0
ORD-100081,SUP-007,Midwest,Office Supplies,CarrierB,05/01/2024,2024-05-06,2024-05-05,111,0
ORD-100033,SUP-010,Southeast,Office Supplies,CarrierB,05-Apr-2024,2024-04-12,2024-04-12,413,0
ORD-103179,SUP-005,West,Home Goods,CarrierD,07/05/2024,2024-07-07,2024-07-06,198,0
ORD-104839,SUP-015,Northeast,Apparel,CarrierA,2024-04-29,2024-05-02,2024-05-02,68,0
ORD-103946,SUP-007,Southeast,Apparel,CarrierD,2024-03-19,2024-03-29,2024-03-29,250,0
ORD-100072,SUP-011,Southwest,Office Supplies,CarrierB,2024-04-04,2024-04-09,2024-04-09,392,0
ORD-102458,SUP-008,Midwest,Apparel,CarrierB,01-Sep-2024,2024-09-08,2024-09-08,259,0
ORD-102670,SUP-003,Northeast,Industrial Parts,CarrierC,03/02/2024,2024-03-07,2024-03-07,463,0
ORD-101273,SUP-015,Southeast,Apparel,CarrierA,17-Jun-2024,2024-06-22,2024-06-21,57,0
ORD-101734,SUP-008,Southwest,Industrial Parts,CarrierB,12-Dec-2024,2024-12-15,2024-12-15,343,0
ORD-101751,SUP-020,Northeast,Perishables,CarrierC,2024/02/12,2024-02-22,2024-02-22,332,0
ORD-105077,SUP-005,Southeast,Industrial Parts,CarrierD,2024/03/20,2024-03-23,2024-03-23,393,0
ORD-104073,SUP-020,Northeast,Apparel,CarrierA,2024/12/28,2024-12-31,2024-12-31,138,0
ORD-104928,SUP-001,Northeast,Perishables,CarrierB,2024/04/02,2024-04-07,2024-04-11,253,0
ORD-104958,SUP-013,Southwest,Apparel,CarrierD,09-Jun-2024,2024-06-19,2024-06-19,458,0
ORD-101735,SUP-016,Midwest,Apparel,CarrierD,2024-09-19,2024-09-24,2024-09-24,77,0
ORD-105898,SUP-017,West,Electronics,CarrierA,2024/10/23,2024-11-02,2024-11-02,306,0
ORD-103997,SUP-018,West,Perishables,CarrierD,2024-06-02,2024-06-09,2024-06-09,362,0
ORD-101236,SUP-015,Midwest,Perishables,CarrierC,10/05/2024,2024-10-08,2024-10-09,273,0
ORD-104877,SUP-013,Southeast,Electronics,CarrierB,05/09/2024,2024-05-16,2024-05-15,414,0
ORD-101519,SUP-002,Midwest,Apparel,CarrierA,31-Jul-2024,2024-08-03,2024-08-02,226,0
ORD-105049,SUP-012,West,Electronics,CarrierA,2024-11-09,2024-11-11,2024-11-14,15,0
ORD-105382,SUP-008,Southwest,Electronics,CarrierB,2024/01/25,2024-02-04,2024-02-09,481,0
ORD-103926,SUP-006,Northeast,Home Goods,CarrierB,2024/02/02,2024-02-09,2024-02-09,459,0
ORD-101070,SUP-008,Southeast,Home Goods,CarrierD,04/30/2024,2024-05-02,2024-05-02,27,0
ORD-103406,SUP-010,Midwest,Office Supplies,CarrierD,2024-03-19,2024-03-24,2024-03-24,23,0
ORD-104606,SUP-004,West,Apparel,CarrierD,2024-10-25,2024-10-28,2024-10-28,349,0
ORD-100389,SUP-019,Midwest,Apparel,CarrierD,2024-09-13,2024-09-15,2024-09-15,246,0
ORD-105640,SUP-020,West,Apparel,CarrierD,10/01/2024,2024-10-08,2024-10-14,423,0
ORD-103960,SUP-018,West,Home Goods,CarrierA,28-May-2024,2024-06-02,2024-06-06,471,1
ORD-102275,SUP-019,West,Electronics,CarrierB,2024-04-20,2024-04-25,2024-04-25,499,0
ORD-104312,SUP-015,,Office Supplies,CarrierB,2024/08/14,2024-08-21,2024-08-26,10,0
ORD-103267,SUP-006,Southeast,Home Goods,CarrierD,09/20/2024,2024-09-22,2024-09-25,197,0
ORD-103332,SUP-009,Southeast,Industrial Parts,CarrierD,2024-03-01,2024-03-11,2024-03-11,377,0
ORD-104096,SUP-015,West,Office Supplies,CarrierA,09-Jul-2024,2024-07-14,2024-07-14,341,0
ORD-100895,SUP-006,Midwest,Electronics,CarrierA,2024/01/24,2024-01-31,2024-01-31,235,0
ORD-104150,SUP-003,Midwest,Office Supplies,CarrierC,13-Jun-2024,2024-06-23,2024-06-22,403,0
ORD-101764,SUP-004,Southeast,Perishables,CarrierC,2024-01-21,2024-01-23,2024-01-23,7,0
ORD-103219,SUP-016,Southeast,Apparel,CarrierC,2024/04/28,2024-05-08,2024-05-07,171,0
ORD-102159,SUP-004,Midwest,Perishables,CarrierA,17-Nov-2024,2024-11-20,2024-11-25,189,0
ORD-104980,SUP-001,West,Perishables,CarrierA,2024-05-06,2024-05-11,2024-05-20,469,0
ORD-103237,SUP-019,West,Perishables,CarrierB,04/22/2024,2024-04-29,2024-05-03,262,0
ORD-100186,SUP-013,Northeast,Industrial Parts,CarrierB,2024-09-01,2024-09-08,2024-09-10,50,0
ORD-100729,SUP-004,Northeast,Perishables,CarrierB,2024/04/26,2024-04-29,2024-04-29,4,0
ORD-105100,SUP-016,Midwest,Electronics,CarrierC,2024/12/11,2024-12-21,2024-12-23,300,0
ORD-101537,SUP-010,,Perishables,CarrierD,2024-07-15,2024-07-22,2024-07-22,221,0
ORD-104514,SUP-002,West,Perishables,CarrierD,2024/10/10,2024-10-13,2024-10-16,424,0
ORD-102739,SUP-006,West,Office Supplies,CarrierD,09/29/2024,2024-10-09,2024-10-09,142,0
ORD-102497,SUP-009,West,Electronics,CarrierB,2024-06-20,2024-06-27,2024-06-26,130,0
ORD-101740,SUP-016,Southeast,,CarrierA,2024/11/21,2024-11-26,2024-11-28,48,0
ORD-102890,SUP-003,West,Industrial Parts,CarrierD,2024/11/20,2024-11-22,2024-11-21,127,0
ORD-103951,SUP-006,Southeast,Office Supplies,CarrierC,06-Dec-2024,2024-12-16,2024-12-16,58,0
ORD-104908,SUP-020,Southwest,Home Goods,CarrierA,2024-11-03,2024-11-06,2024-11-06,381,0
ORD-100447,SUP-003,Midwest,Industrial Parts,CarrierA,02/02/2024,2024-02-04,2024-02-03,370,0
ORD-104234,SUP-012,Southeast,Office Supplies,CarrierC,27-Nov-2024,2024-12-07,,20,0
ORD-102692,SUP-016,Midwest,,CarrierC,2024-04-25,2024-04-30,2024-04-29,205,0
ORD-100714,SUP-009,Southwest,Apparel,CarrierA,2024/12/04,2024-12-09,2024-12-09,490,0
ORD-102040,SUP-013,West,Apparel,CarrierD,25-Feb-2024,2024-03-01,2024-02-29,440,0
ORD-100325,SUP-004,Southeast,Electronics,CarrierC,2024-10-13,2024-10-20,2024-10-20,278,0
ORD-102418,SUP-007,Midwest,Home Goods,CarrierB,10/17/2024,2024-10-22,2024-10-22,170,0
ORD-100605,SUP-003,Southeast,Perishables,CarrierC,2024/10/14,2024-10-16,2024-10-19,267,0
ORD-103949,SUP-002,Southwest,,CarrierA,04/08/2024,2024-04-13,2024-04-13,477,0
ORD-105346,SUP-017,Southeast,Industrial Parts,CarrierB,28-Dec-2024,2025-01-02,2025-01-02,416,0
ORD-100984,SUP-016,Northeast,Apparel,CarrierC,2024/08/17,2024-08-22,2024-08-21,480,0
ORD-101287,SUP-014,West,Home Goods,CarrierC,12/05/2024,2024-12-15,2024-12-14,28,0
ORD-100611,SUP-012,Southeast,Office Supplies,CarrierC,11/22/2024,2024-11-24,2024-11-26,44,0
ORD-102338,SUP-020,West,Office Supplies,CarrierC,10/23/2024,2024-11-02,2024-11-10,141,0
ORD-105846,SUP-015,Midwest,Office Supplies,CarrierD,2024/01/27,2024-01-30,2024-02-03,378,0
ORD-100359,SUP-002,Midwest,Electronics,CarrierA,2024/01/26,2024-01-31,2024-01-31,210,0
ORD-103341,SUP-018,Northeast,Apparel,CarrierB,2024-11-02,2024-11-09,2024-11-14,155,0
ORD-101776,SUP-008,Midwest,Electronics,CarrierD,11/10/2024,2024-11-12,2024-11-13,48,0
ORD-100486,SUP-004,West,Industrial Parts,CarrierB,11-Jan-2024,2024-01-13,2024-01-19,339,0
ORD-105558,SUP-008,Northeast,Perishables,CarrierA,2024-08-28,2024-09-07,2024-09-16,440,0
ORD-101272,SUP-010,West,Apparel,CarrierB,03/30/2024,2024-04-06,2024-04-05,254,0
ORD-102067,SUP-014,West,Industrial Parts,CarrierB,04/18/2024,2024-04-28,2024-04-28,481,0
ORD-100574,SUP-004,Midwest,Apparel,CarrierB,07/24/2024,2024-07-27,2024-07-27,370,0
ORD-101882,SUP-008,Midwest,Home Goods,CarrierA,2024-09-14,2024-09-16,2024-09-16,264,0
ORD-101833,SUP-008,Southwest,Office Supplies,CarrierD,2024-03-18,2024-03-25,2024-03-25,367,0
ORD-104884,SUP-015,Southwest,Industrial Parts,CarrierC,03/04/2024,2024-03-11,2024-03-11,17,0
ORD-105852,SUP-013,Midwest,Industrial Parts,CarrierB,04/06/2024,2024-04-13,2024-04-13,171,0
ORD-105301,SUP-020,Midwest,Perishables,CarrierC,2024-02-11,2024-02-21,2024-02-21,224,0
ORD-103924,SUP-011,Southeast,Perishables,CarrierA,2024-11-20,2024-11-25,2024-11-24,287,0
ORD-103069,SUP-001,Northeast,Home Goods,CarrierA,22-Jun-2024,2024-06-24,2024-06-24,476,0
ORD-102752,SUP-001,Southeast,Home Goods,CarrierB,2024-09-21,2024-10-01,2024-10-04,77,0
ORD-103549,SUP-002,West,Apparel,CarrierB,23-Dec-2024,2024-12-28,2024-12-31,401,0
ORD-105758,SUP-015,Midwest,Perishables,CarrierC,11-Nov-2024,2024-11-18,2024-11-23,139,1
ORD-104405,SUP-019,Northeast,Apparel,CarrierC,2024-04-30,2024-05-10,2024-05-10,240,0
ORD-100082,SUP-001,Southwest,Office Supplies,CarrierC,28-Jul-2024,2024-08-07,2024-08-13,439,0
ORD-105352,SUP-017,Northeast,Electronics,CarrierB,09-Sep-2024,2024-09-12,2024-09-12,211,0
ORD-102473,SUP-003,West,Apparel,CarrierD,07/15/2024,2024-07-22,2024-07-22,92,0
ORD-105877,SUP-009,Southeast,Home Goods,CarrierA,09/09/2024,2024-09-12,2024-09-14,410,0
ORD-102903,SUP-015,Southeast,Electronics,CarrierB,09-Jul-2024,2024-07-19,2024-07-21,271,0
ORD-100196,SUP-001,Southwest,Office Supplies,CarrierA,09-Aug-2024,2024-08-19,2024-08-24,141,0
ORD-104876,SUP-016,West,Electronics,CarrierC,2024/04/22,2024-04-27,2024-04-27,462,0
ORD-104277,SUP-004,Southeast,Electronics,CarrierD,2024-11-27,2024-12-07,2024-12-08,141,0
ORD-102427,SUP-004,Southwest,Electronics,CarrierA,2024/07/30,2024-08-02,2024-08-09,80,0
ORD-105887,SUP-018,Southeast,Electronics,CarrierB,2024/08/07,2024-08-14,,115,0
ORD-100820,SUP-008,Southeast,Perishables,CarrierA,2024/04/24,2024-04-27,2024-04-30,317,0
ORD-101916,SUP-012,West,Perishables,CarrierD,01-Apr-2024,2024-04-04,2024-04-08,24,0
ORD-103211,SUP-003,Southeast,Home Goods,CarrierA,02/13/2024,2024-02-23,2024-02-23,226,0
ORD-104308,SUP-003,Southeast,Office Supplies,CarrierD,2024-03-11,2024-03-14,2024-03-14,92,0
ORD-103407,SUP-011,Northeast,Office Supplies,CarrierD,2024-05-18,2024-05-21,2024-05-21,10,0
ORD-102868,SUP-003,Southeast,Office Supplies,CarrierD,05/26/2024,2024-05-28,2024-05-28,301,0
ORD-101914,SUP-017,Northeast,Industrial Parts,CarrierC,2024/04/24,2024-04-29,2024-04-29,473,0
ORD-105832,SUP-014,Northeast,Home Goods,CarrierD,05/28/2024,2024-06-04,2024-06-04,279,0
ORD-104021,SUP-008,Southwest,Perishables,CarrierD,20-Aug-2024,2024-08-30,2024-09-04,7,0
ORD-103469,SUP-001,Northeast,Office Supplies,CarrierD,17-Oct-2024,2024-10-27,2024-10-27,246,0
ORD-105695,SUP-015,Midwest,Electronics,CarrierC,2024/12/28,2025-01-02,2025-01-02,457,0
ORD-105577,SUP-017,Midwest,Electronics,CarrierD,26-Jul-2024,2024-07-29,2024-07-29,166,0
ORD-100428,SUP-016,Southeast,Home Goods,CarrierD,2024/10/10,2024-10-13,2024-10-13,13,0
ORD-100239,SUP-002,Southwest,Apparel,CarrierC,2024-01-25,2024-01-27,2024-01-31,2,0
ORD-104899,SUP-018,West,Office Supplies,CarrierD,01-Aug-2024,2024-08-11,2024-08-15,83,0
ORD-103900,SUP-020,Midwest,Home Goods,CarrierB,11/04/2024,2024-11-11,2024-11-17,403,0
ORD-103249,SUP-003,West,Apparel,CarrierD,11/19/2024,2024-11-29,2024-12-02,36,0
ORD-105616,SUP-010,West,Electronics,CarrierA,2024-12-07,2024-12-17,2024-12-16,206,0
ORD-105062,SUP-008,West,Electronics,CarrierB,12/21/2024,2024-12-24,2024-12-24,4,0
ORD-101990,SUP-020,Midwest,Apparel,CarrierA,2024-06-02,2024-06-05,2024-06-05,437,0
ORD-102901,SUP-012,West,Industrial Parts,CarrierC,07-Sep-2024,2024-09-12,2024-09-22,344,0
ORD-104527,SUP-008,Southeast,Electronics,CarrierB,2024/12/15,2024-12-18,2024-12-17,113,0
ORD-102247,SUP-013,West,Industrial Parts,CarrierA,01/12/2024,2024-01-19,2024-01-19,454,0
ORD-101230,SUP-015,West,Office Supplies,CarrierD,01-Nov-2024,2024-11-03,2024-11-03,184,0
ORD-103777,SUP-010,West,Electronics,CarrierB,2024/12/25,2024-12-30,2024-12-29,403,0
ORD-102711,SUP-011,Southeast,Electronics,CarrierC,2024/03/27,2024-03-29,2024-03-28,93,0
ORD-100684,SUP-018,Southeast,Industrial Parts,CarrierB,09/29/2024,2024-10-06,2024-10-06,117,0
ORD-100342,SUP-002,West,Electronics,CarrierA,2024/06/06,2024-06-11,2024-06-12,199,0
ORD-101822,SUP-011,West,Electronics,CarrierA,12/08/2024,2024-12-15,2024-12-15,245,0
ORD-105284,SUP-012,Southwest,Industrial Parts,CarrierA,2024-11-12,2024-11-17,2024-11-20,165,0
ORD-102529,SUP-016,Southeast,Office Supplies,CarrierD,02/12/2024,2024-02-22,2024-02-22,271,1
ORD-104814,SUP-018,,Industrial Parts,CarrierB,13-Jul-2024,2024-07-20,,132,0
ORD-102045,SUP-009,Southeast,,CarrierC,2024/01/25,2024-02-01,2024-01-31,444,0
ORD-104314,SUP-011,West,Perishables,CarrierC,2024-05-24,2024-05-29,2024-05-28,280,0
ORD-101165,SUP-011,Midwest,Electronics,CarrierB,2024/11/09,2024-11-12,2024-11-12,94,0
ORD-101079,SUP-009,Southeast,Apparel,CarrierB,2024-03-12,2024-03-15,2024-03-24,315,0
ORD-100582,SUP-012,Southeast,Office Supplies,CarrierA,2024-05-23,2024-05-28,2024-05-28,485,0
ORD-105560,SUP-016,Southeast,Perishables,CarrierB,2024/04/02,2024-04-07,2024-04-07,21,0
ORD-103230,SUP-002,Southwest,Home Goods,CarrierA,2024/05/25,2024-05-30,2024-05-30,129,0
ORD-105040,SUP-004,Northeast,Perishables,CarrierA,10/02/2024,2024-10-07,2024-10-07,251,0
ORD-102721,SUP-002,Midwest,Industrial Parts,CarrierA,03-Oct-2024,2024-10-10,2024-10-11,77,0
ORD-104076,SUP-012,Northeast,Office Supplies,CarrierA,2024/07/23,2024-07-30,2024-07-30,367,0
ORD-101650,SUP-005,Southwest,Perishables,CarrierC,02/03/2024,2024-02-06,2024-02-14,199,0
ORD-102294,SUP-004,Midwest,Office Supplies,CarrierB,04/03/2024,2024-04-05,2024-04-12,9,0
ORD-103612,SUP-013,West,Home Goods,CarrierC,02/26/2024,2024-02-29,2024-02-29,414,0
ORD-104240,SUP-011,West,Home Goods,CarrierB,01/14/2024,2024-01-21,2024-01-21,174,0
ORD-104806,SUP-012,Southwest,Apparel,CarrierB,2024/05/15,2024-05-18,2024-05-18,311,0
ORD-103803,SUP-017,Midwest,Home Goods,CarrierC,05/02/2024,2024-05-09,2024-05-08,190,0
ORD-102854,SUP-010,Southwest,Industrial Parts,CarrierC,2024-01-11,2024-01-21,2024-01-23,460,0
ORD-103578,SUP-005,Southeast,Home Goods,CarrierB,07/07/2024,2024-07-12,2024-07-12,297,0
ORD-100787,SUP-015,Northeast,Home Goods,CarrierB,03/23/2024,2024-03-28,2024-03-28,77,0
ORD-103635,SUP-008,Southwest,Home Goods,CarrierC,2024/03/20,2024-03-22,2024-03-25,196,0
ORD-105698,SUP-006,West,Industrial Parts,CarrierD,2024-06-28,2024-07-03,2024-07-03,330,0
ORD-104856,SUP-011,Northeast,Office Supplies,CarrierC,15-Mar-2024,2024-03-22,2024-03-21,427,0
ORD-105362,SUP-010,Southwest,Office Supplies,CarrierC,12/16/2024,2024-12-26,2024-12-26,354,0
ORD-105752,SUP-008,Midwest,Perishables,CarrierB,20-Apr-2024,2024-04-27,2024-05-01,433,0
ORD-103957,SUP-009,West,Office Supplies,CarrierD,2024-01-11,2024-01-16,2024-01-16,193,0
ORD-101573,SUP-019,Midwest,Office Supplies,CarrierB,07/03/2024,2024-07-13,2024-07-13,62,0
ORD-102785,SUP-002,West,Apparel,CarrierC,2024-01-05,2024-01-15,2024-01-15,274,0
ORD-103335,SUP-015,Northeast,Electronics,CarrierC,03-Nov-2024,2024-11-05,2024-11-05,408,0
ORD-100694,SUP-019,Southwest,Apparel,CarrierC,03/22/2024,2024-03-27,,29,0
ORD-103936,SUP-015,Southeast,Industrial Parts,CarrierD,2024/04/03,2024-04-10,2024-04-11,12,0
ORD-101790,SUP-011,Southeast,Perishables,CarrierC,12/24/2024,2024-12-27,2024-12-27,285,0
ORD-100689,SUP-013,Northeast,Industrial Parts,CarrierD,2024-01-26,2024-02-02,2024-02-07,65,0
ORD-102358,SUP-005,Midwest,Perishables,CarrierD,2024-10-31,2024-11-02,2024-11-02,463,0
ORD-101937,SUP-013,Midwest,Industrial Parts,CarrierD,2024/11/20,2024-11-25,,483,0
ORD-102501,SUP-001,Northeast,Apparel,CarrierB,10/14/2024,2024-10-19,2024-10-26,97,0
ORD-104471,SUP-018,,Office Supplies,CarrierD,12-Apr-2024,2024-04-19,2024-04-19,240,0
ORD-103343,SUP-016,Southeast,Apparel,CarrierD,07/08/2024,2024-07-10,2024-07-10,359,0
ORD-101812,SUP-004,Northeast,Home Goods,CarrierC,2024-09-18,2024-09-21,2024-09-26,245,0
ORD-102993,SUP-018,West,Industrial Parts,CarrierB,03/10/2024,2024-03-20,2024-03-22,275,0
ORD-103306,SUP-016,West,Electronics,CarrierB,28-Oct-2024,2024-10-30,2024-10-30,6,0
ORD-102704,SUP-005,Southwest,Perishables,CarrierD,01-Nov-2024,2024-11-04,2024-11-07,301,0
ORD-105212,SUP-001,Midwest,Apparel,CarrierB,2024/03/14,2024-03-21,2024-03-26,194,0
ORD-105078,SUP-006,West,Perishables,CarrierB,2024-10-26,2024-10-28,2024-11-02,161,0
ORD-105471,SUP-014,West,Office Supplies,CarrierD,02/28/2024,2024-03-01,2024-03-01,390,0
ORD-104030,SUP-009,West,Office Supplies,CarrierC,2024-01-10,2024-01-15,2024-01-19,89,0
ORD-101579,SUP-009,West,Office Supplies,CarrierD,2024-04-27,2024-05-07,2024-05-07,249,0
ORD-102562,SUP-017,Northeast,Apparel,CarrierC,25-Dec-2024,2024-12-30,2024-12-30,312,0
ORD-105029,SUP-016,Southeast,Office Supplies,CarrierA,26-Oct-2024,2024-11-02,2024-11-01,434,0
ORD-104738,SUP-017,Northeast,Perishables,CarrierB,2024/10/15,2024-10-20,2024-10-24,21,0
ORD-103988,SUP-005,Southeast,Apparel,CarrierA,30-Dec-2024,2025-01-04,2025-01-03,353,0
ORD-103953,SUP-012,Midwest,Home Goods,CarrierD,13-Oct-2024,2024-10-23,2024-10-24,31,1
ORD-102031,SUP-011,Midwest,,CarrierC,17-Jul-2024,2024-07-19,2024-07-18,284,0
ORD-102326,SUP-005,Southwest,Perishables,CarrierB,2024-11-22,2024-11-29,2024-11-29,195,1
ORD-102746,SUP-019,Southeast,Electronics,CarrierB,21-Oct-2024,2024-10-26,2024-10-26,254,0
ORD-105225,SUP-010,Southeast,Office Supplies,CarrierA,2024-02-28,2024-03-02,2024-03-02,22,0
ORD-105543,SUP-009,West,Home Goods,CarrierC,11-Dec-2024,2024-12-21,2024-12-21,232,0
ORD-103224,SUP-015,Northeast,Perishables,CarrierD,2024-07-04,2024-07-06,2024-07-08,136,0
ORD-104111,SUP-005,Southwest,Industrial Parts,CarrierD,08/02/2024,2024-08-07,2024-08-12,57,0
ORD-102478,SUP-006,Northeast,Office Supplies,CarrierA,2024/12/05,2024-12-08,2024-12-08,6,0
ORD-103871,SUP-019,Northeast,Industrial Parts,CarrierC,01/19/2024,2024-01-29,2024-01-29,381,0
ORD-102861,SUP-018,Midwest,Electronics,CarrierA,2024/06/21,2024-06-28,2024-06-28,389,0
ORD-105013,SUP-008,Southwest,Industrial Parts,CarrierA,04/09/2024,2024-04-11,2024-04-19,440,0
ORD-102768,SUP-010,Southeast,Office Supplies,CarrierA,01-Feb-2024,2024-02-11,2024-02-16,196,0
ORD-100745,SUP-018,West,Perishables,CarrierD,01/23/2024,2024-01-25,2024-02-06,241,0
ORD-105734,SUP-010,Southeast,Perishables,CarrierD,13-May-2024,2024-05-15,2024-05-17,497,0
ORD-103794,SUP-002,,Apparel,CarrierA,12-Dec-2024,2024-12-17,2024-12-17,372,0
ORD-101198,SUP-019,Southeast,Industrial Parts,CarrierA,06/30/2024,2024-07-07,2024-07-07,158,0
ORD-105005,SUP-003,Southeast,Industrial Parts,CarrierA,12/25/2024,2024-12-28,2024-12-29,416,0
ORD-104520,SUP-003,West,Apparel,CarrierD,30-Apr-2024,2024-05-05,2024-05-05,104,0
ORD-105678,SUP-013,Southeast,,CarrierD,2024/12/07,2024-12-09,2024-12-08,106,0
ORD-102487,SUP-018,Southwest,Electronics,CarrierA,29-May-2024,2024-06-01,2024-06-09,173,0
ORD-101375,SUP-014,Midwest,Electronics,CarrierB,2024/09/08,2024-09-15,2024-09-15,346,0
ORD-105021,SUP-003,West,Industrial Parts,CarrierC,2024/06/20,2024-06-27,2024-07-01,278,0
ORD-102550,SUP-003,Southeast,Apparel,CarrierB,03/07/2024,2024-03-17,2024-03-17,297,0
ORD-103275,SUP-012,West,Perishables,CarrierD,02/17/2024,2024-02-27,2024-03-01,105,0
ORD-102911,SUP-015,Southeast,Apparel,CarrierA,09/12/2024,2024-09-15,2024-09-17,26,0
ORD-104943,SUP-006,Northeast,Apparel,CarrierC,04/17/2024,2024-04-19,2024-04-19,173,0
ORD-100592,SUP-008,Southeast,Home Goods,CarrierA,07/18/2024,2024-07-28,2024-07-28,42,0
ORD-103113,SUP-019,Southwest,Electronics,CarrierC,2024/10/23,2024-11-02,2024-11-04,462,0
ORD-101621,SUP-009,Midwest,Electronics,CarrierB,2024-06-12,2024-06-19,2024-06-19,41,0
ORD-104675,SUP-013,Midwest,Electronics,CarrierB,2024/11/02,2024-11-07,2024-11-07,107,0
ORD-100730,SUP-005,Southwest,Home Goods,CarrierD,2024/02/12,2024-02-22,2024-02-22,289,0
ORD-100206,SUP-020,West,Office Supplies,CarrierB,10/13/2024,2024-10-23,2024-10-29,425,0
ORD-105397,SUP-019,Southeast,Electronics,CarrierB,2024/08/15,2024-08-20,2024-08-20,154,0
ORD-102837,SUP-007,Northeast,Perishables,CarrierD,02/05/2024,2024-02-07,2024-02-07,393,1
ORD-102544,SUP-004,Northeast,Electronics,CarrierB,01/17/2024,2024-01-24,2024-02-04,110,0
ORD-102420,SUP-001,West,Home Goods,CarrierD,2024-11-02,2024-11-05,2024-11-05,368,0
ORD-105821,SUP-003,Northeast,Electronics,CarrierB,2024/07/10,2024-07-13,2024-07-20,223,0
ORD-104075,SUP-009,Southeast,Home Goods,CarrierA,2024/02/21,2024-02-26,,114,0
ORD-101745,SUP-020,Southeast,Apparel,CarrierD,2024/03/09,2024-03-16,2024-03-16,342,0
ORD-102090,SUP-002,Midwest,Home Goods,CarrierA,04/08/2024,2024-04-13,2024-04-18,6,0
ORD-101967,SUP-017,Northeast,Industrial Parts,CarrierB,2024-06-17,2024-06-20,2024-06-21,37,0
ORD-101807,SUP-017,West,Office Supplies,CarrierC,2024/08/02,2024-08-04,2024-08-06,236,0
ORD-103121,SUP-006,Southwest,,CarrierA,11-Mar-2024,2024-03-18,2024-03-30,326,0
ORD-102608,SUP-009,Southwest,Electronics,CarrierA,27-Sep-2024,2024-10-07,2024-10-06,469,0
ORD-100102,SUP-014,Northeast,Apparel,CarrierC,07/06/2024,2024-07-08,2024-07-08,201,0
ORD-101404,SUP-015,West,Apparel,CarrierC,26-Oct-2024,2024-11-05,2024-11-05,351,0
ORD-101777,SUP-006,Southeast,Office Supplies,CarrierC,2024/09/04,2024-09-11,2024-09-14,333,0
ORD-105790,SUP-007,Northeast,Home Goods,CarrierA,10/05/2024,2024-10-15,2024-10-14,280,0
ORD-103484,SUP-017,West,Industrial Parts,CarrierD,2024-06-26,2024-07-03,2024-07-03,130,0
ORD-100589,SUP-014,Midwest,Apparel,CarrierB,2024-03-06,2024-03-13,2024-03-13,215,0
ORD-101297,SUP-014,West,Perishables,CarrierD,19-Dec-2024,2024-12-26,2024-12-26,474,0
ORD-102440,SUP-009,Midwest,Electronics,CarrierB,2024/09/16,2024-09-21,2024-09-21,312,0
ORD-105636,SUP-014,Southwest,Home Goods,CarrierB,28-Feb-2024,2024-03-01,2024-03-01,163,0
ORD-100313,SUP-001,Southwest,Home Goods,CarrierA,03-Sep-2024,2024-09-05,2024-09-09,101,0
ORD-104864,SUP-009,West,Industrial Parts,CarrierA,2024/05/07,2024-05-09,2024-05-10,214,0
ORD-101749,SUP-020,West,Electronics,CarrierB,07-Dec-2024,2024-12-17,2024-12-21,11,0
ORD-104351,SUP-005,West,Industrial Parts,CarrierA,12-Jun-2024,2024-06-19,2024-06-19,370,0
ORD-103588,SUP-007,Southeast,Apparel,CarrierC,2024-05-19,2024-05-22,2024-05-22,472,0
ORD-105041,SUP-008,West,Industrial Parts,CarrierB,10-Jul-2024,2024-07-15,2024-07-15,92,0
ORD-104008,SUP-001,Southeast,Office Supplies,CarrierD,12/22/2024,2024-12-24,2024-12-24,419,0
ORD-105761,SUP-011,Southeast,Industrial Parts,CarrierC,10/11/2024,2024-10-13,2024-10-13,316,1
ORD-102237,SUP-004,Southeast,Apparel,CarrierC,2024/12/11,2024-12-13,2024-12-20,385,0
ORD-105557,SUP-008,Southeast,Perishables,CarrierD,2024/05/12,2024-05-14,2024-05-13,122,0
ORD-104249,SUP-015,Midwest,Home Goods,CarrierD,30-Dec-2024,2025-01-04,2025-01-09,29,0
ORD-101771,SUP-012,Northeast,Perishables,CarrierD,23-Jan-2024,2024-01-26,2024-01-26,210,0
ORD-103118,SUP-013,West,Industrial Parts,CarrierA,20-Jan-2024,2024-01-25,2024-01-28,297,0
ORD-100548,SUP-009,Southwest,Electronics,CarrierA,10/18/2024,2024-10-25,2024-10-26,69,0
ORD-101753,SUP-007,Southwest,Office Supplies,CarrierD,2024-05-28,2024-06-04,2024-06-06,301,0
ORD-105662,SUP-009,Southwest,Perishables,CarrierA,2024-08-12,2024-08-17,2024-08-22,26,0
ORD-102156,SUP-006,Southwest,Office Supplies,CarrierB,12/30/2024,2025-01-04,2025-01-03,12,0
ORD-104829,SUP-019,Midwest,Office Supplies,CarrierC,2024-08-30,2024-09-02,2024-09-02,99,0
ORD-105246,SUP-018,Southeast,Apparel,CarrierD,09/12/2024,2024-09-22,2024-09-22,433,0
ORD-104028,SUP-005,Southeast,Industrial Parts,CarrierC,2024/02/22,2024-02-27,2024-02-27,2,0
ORD-102787,SUP-010,West,Apparel,CarrierB,2024-03-28,2024-04-02,2024-04-02,37,0
ORD-105106,SUP-005,Southwest,Electronics,CarrierA,2024/01/27,2024-01-29,2024-01-29,157,0
ORD-100871,SUP-006,Southeast,Home Goods,CarrierD,2024/08/20,2024-08-23,2024-09-01,261,0
ORD-105337,SUP-016,Northeast,Apparel,CarrierD,05-Jun-2024,2024-06-12,2024-06-14,83,0
ORD-105386,SUP-014,Midwest,Apparel,CarrierD,02-Jun-2024,2024-06-07,2024-06-07,92,0
ORD-105884,SUP-017,Southeast,Industrial Parts,CarrierB,09/06/2024,2024-09-16,2024-09-18,233,0
ORD-104080,SUP-009,Southeast,Industrial Parts,CarrierD,2024/06/06,2024-06-13,2024-06-13,183,0
ORD-104133,SUP-013,Midwest,Perishables,CarrierA,01/16/2024,2024-01-21,2024-01-21,449,0
ORD-101825,SUP-019,Southwest,Industrial Parts,CarrierD,2024/11/05,2024-11-10,2024-11-10,41,0
ORD-100931,SUP-006,Northeast,Perishables,CarrierB,2024/09/26,2024-10-01,2024-10-01,425,0
ORD-100067,SUP-005,Southwest,,CarrierC,27-Apr-2024,2024-04-30,2024-04-30,212,0
ORD-103078,SUP-015,Midwest,Apparel,CarrierA,05/11/2024,2024-05-14,2024-05-13,118,0
ORD-102646,SUP-019,West,Home Goods,CarrierD,14-Aug-2024,2024-08-16,2024-08-15,231,0
ORD-104029,SUP-018,Northeast,Home Goods,CarrierA,05-Apr-2024,2024-04-12,2024-04-11,35,0
ORD-100192,SUP-018,West,Apparel,CarrierA,02/01/2024,2024-02-06,2024-02-12,190,0
ORD-101497,SUP-004,West,Perishables,CarrierB,08/12/2024,2024-08-15,2024-08-15,357,0
ORD-103260,SUP-019,Southwest,Apparel,CarrierD,2024-11-13,2024-11-23,2024-11-23,117,0
ORD-104062,SUP-006,Northeast,Electronics,CarrierC,2024/02/10,2024-02-17,2024-02-16,233,0
ORD-102637,SUP-002,Southwest,Industrial Parts,CarrierD,2024/03/20,2024-03-23,2024-03-25,91,0
ORD-104239,SUP-019,West,Apparel,CarrierB,2024/08/02,2024-08-05,2024-08-04,244,0
ORD-100927,SUP-009,Midwest,Office Supplies,CarrierC,22-Sep-2024,2024-10-02,2024-10-02,89,0
ORD-104220,SUP-019,Southwest,Industrial Parts,CarrierC,12/17/2024,2024-12-20,2024-12-20,59,0
ORD-104499,SUP-001,Southwest,,CarrierB,2024-12-18,2024-12-28,2024-12-30,425,0
ORD-105924,SUP-007,West,Perishables,CarrierA,2024/11/20,2024-11-23,2024-11-23,120,0
ORD-103867,SUP-002,Northeast,Industrial Parts,CarrierB,03-Nov-2024,2024-11-10,2024-11-12,408,0
ORD-103359,SUP-002,West,Industrial Parts,CarrierB,03-Nov-2024,2024-11-05,2024-11-09,141,0
ORD-102860,SUP-006,,Perishables,CarrierB,23-Jul-2024,2024-08-02,2024-08-08,272,0
ORD-105606,SUP-019,Southeast,Industrial Parts,CarrierD,01/30/2024,2024-02-06,2024-02-06,330,0
ORD-100695,SUP-007,Southwest,Home Goods,CarrierA,2024-10-05,2024-10-08,2024-10-08,301,0
ORD-105867,SUP-014,West,Home Goods,CarrierB,09-Jun-2024,2024-06-19,2024-06-18,324,0
ORD-100238,SUP-009,Northeast,Apparel,CarrierA,2024/03/23,2024-03-26,2024-03-29,152,0
ORD-100304,SUP-006,Southwest,Apparel,CarrierB,2024/09/16,2024-09-23,2024-09-23,462,0
ORD-101081,SUP-011,Southwest,Perishables,CarrierD,09/22/2024,2024-09-25,2024-09-24,8,0
ORD-100058,SUP-015,Southwest,Office Supplies,CarrierC,2024-07-10,2024-07-12,2024-07-11,401,0
ORD-105167,SUP-017,Northeast,Perishables,CarrierD,02-Nov-2024,2024-11-04,2024-11-04,405,0
ORD-103901,SUP-020,Northeast,Office Supplies,CarrierC,2024-06-03,2024-06-13,2024-06-13,115,0
ORD-101840,SUP-002,Southeast,Perishables,CarrierD,2024-02-13,2024-02-15,2024-02-17,282,0
ORD-101691,SUP-020,Northeast,Home Goods,CarrierA,2024-09-29,2024-10-06,2024-10-06,112,0
ORD-102242,SUP-016,Southwest,Apparel,CarrierD,2024-01-31,2024-02-02,2024-02-01,33,0
ORD-102596,SUP-014,West,Perishables,CarrierD,2024/09/11,2024-09-21,2024-09-21,189,0
ORD-102949,SUP-015,Midwest,Industrial Parts,CarrierC,2024/07/23,2024-07-25,2024-07-25,282,0
ORD-104862,SUP-009,Midwest,Electronics,CarrierA,01/08/2024,2024-01-13,2024-01-13,346,0
ORD-103467,SUP-019,West,Home Goods,CarrierB,03-Oct-2024,2024-10-10,2024-10-10,194,0
ORD-104994,SUP-019,Northeast,Electronics,CarrierB,03-Jan-2024,2024-01-13,2024-01-20,219,0
ORD-101299,SUP-016,Southeast,Home Goods,CarrierA,2024/12/09,2024-12-12,2024-12-11,206,0
ORD-102139,SUP-005,Midwest,Industrial Parts,CarrierD,2024-08-07,2024-08-14,2024-08-14,100,0
ORD-101600,SUP-016,Northeast,Home Goods,CarrierD,19-Apr-2024,2024-04-21,2024-04-21,219,0
ORD-103273,SUP-004,Midwest,Perishables,CarrierA,2024-03-21,2024-03-24,2024-03-23,279,0
ORD-105366,SUP-015,Southeast,Perishables,CarrierB,2024/02/12,2024-02-14,2024-02-13,7,0
ORD-101499,SUP-002,Southwest,Office Supplies,CarrierC,2024-02-11,2024-02-14,2024-02-14,52,0
ORD-104697,SUP-013,Southwest,Perishables,CarrierA,2024/05/08,2024-05-18,2024-05-24,375,0
ORD-104907,SUP-012,Southeast,Perishables,CarrierA,09/10/2024,2024-09-13,2024-09-20,144,0
ORD-100783,SUP-020,Midwest,Electronics,CarrierA,08/08/2024,2024-08-11,2024-08-11,164,0
ORD-104512,SUP-019,Southeast,Electronics,CarrierA,22-Oct-2024,2024-10-25,2024-10-29,204,0
ORD-100392,SUP-003,West,Perishables,CarrierC,2024-09-08,2024-09-15,2024-09-15,120,0
ORD-101501,SUP-005,Midwest,Electronics,CarrierA,11/11/2024,2024-11-14,2024-11-13,357,0
ORD-101394,SUP-013,Northeast,Industrial Parts,CarrierB,2024-07-28,2024-07-30,2024-07-29,117,0
ORD-102147,SUP-006,,Perishables,CarrierA,2024/03/14,2024-03-19,2024-03-25,479,0
ORD-104388,SUP-011,Southwest,Apparel,CarrierD,2024/06/16,2024-06-26,2024-06-26,435,0
ORD-103004,SUP-008,Northeast,Perishables,CarrierC,11/03/2024,2024-11-06,2024-11-12,455,0
ORD-105718,SUP-006,West,Apparel,CarrierA,20-Dec-2024,2024-12-25,2024-12-25,13,0
ORD-105048,SUP-003,Midwest,Perishables,CarrierD,21-Apr-2024,2024-05-01,,35,0
ORD-102894,SUP-019,Midwest,Home Goods,CarrierD,2024/10/27,2024-10-29,2024-10-29,93,0
ORD-100280,SUP-005,West,Office Supplies,CarrierA,2024/03/19,2024-03-21,2024-03-21,277,0
ORD-102366,SUP-004,Southeast,Apparel,CarrierC,2024/11/28,2024-11-30,2024-12-05,53,0
ORD-100557,SUP-013,West,Home Goods,CarrierB,2024-10-06,2024-10-08,2024-10-08,285,0
ORD-104888,SUP-004,Southwest,Electronics,CarrierD,2024-01-25,2024-01-28,2024-01-28,80,0
ORD-100645,SUP-010,Southeast,Home Goods,CarrierD,2024-10-14,2024-10-19,2024-10-19,19,0
ORD-102385,SUP-010,Southeast,Electronics,CarrierD,2024/11/09,2024-11-19,2024-11-22,78,0
ORD-100231,SUP-019,West,Perishables,CarrierD,2024/03/08,2024-03-10,2024-03-09,70,0
ORD-105023,SUP-010,,,CarrierC,2024-04-11,2024-04-16,2024-04-15,81,0
ORD-104216,SUP-020,Southeast,,CarrierB,08-Feb-2024,2024-02-13,2024-02-16,268,0
ORD-101687,SUP-008,Midwest,Industrial Parts,CarrierC,19-Jun-2024,2024-06-26,2024-06-25,182,0
ORD-105900,SUP-010,Midwest,Electronics,CarrierA,29-Feb-2024,2024-03-02,2024-03-02,224,0
ORD-101891,SUP-006,Southeast,Perishables,CarrierC,2024-03-19,2024-03-26,2024-03-27,160,0
ORD-101217,SUP-002,Midwest,Electronics,CarrierA,21-Nov-2024,2024-11-26,2024-11-30,256,0
ORD-105968,SUP-001,Southwest,Perishables,CarrierD,08-Sep-2024,2024-09-13,2024-09-29,83,0
ORD-104539,SUP-010,Southeast,Electronics,CarrierD,2024/05/07,2024-05-10,2024-05-10,280,0
ORD-101961,SUP-013,West,Apparel,CarrierB,02/10/2024,2024-02-15,2024-02-15,225,0
ORD-103645,SUP-017,Midwest,Industrial Parts,CarrierD,2024/09/27,2024-10-02,2024-10-11,360,0
ORD-100457,SUP-019,Midwest,Industrial Parts,CarrierD,2024-02-07,2024-02-10,2024-02-09,445,0
ORD-105763,SUP-007,Southwest,Electronics,CarrierD,07/05/2024,2024-07-15,2024-07-15,131,0
ORD-101987,SUP-001,Southeast,Electronics,CarrierB,2024/07/03,2024-07-08,2024-07-07,158,0
ORD-105571,SUP-020,West,Industrial Parts,CarrierB,2024-10-05,2024-10-07,2024-10-07,484,0
ORD-103438,SUP-002,Southeast,Office Supplies,CarrierB,2024/03/17,2024-03-24,2024-03-24,60,0
ORD-102656,SUP-012,Southwest,Home Goods,CarrierB,2024/01/12,2024-01-19,2024-01-30,130,1
ORD-103622,SUP-014,Northeast,Perishables,CarrierD,17-Feb-2024,2024-02-20,2024-02-24,119,1
ORD-104986,SUP-009,Southwest,Perishables,CarrierD,2024/05/14,2024-05-19,2024-05-30,221,0
ORD-100846,SUP-006,Southwest,Apparel,CarrierC,2024/08/31,2024-09-05,2024-09-05,219,0
ORD-102262,SUP-002,Midwest,Electronics,CarrierD,30-Apr-2024,2024-05-07,2024-05-07,181,0
ORD-100779,SUP-017,Northeast,Perishables,CarrierC,2024/03/25,2024-04-01,2024-04-08,340,0
ORD-102106,SUP-017,Southwest,Apparel,CarrierD,08/05/2024,2024-08-15,2024-08-19,459,0
ORD-101549,SUP-003,Southeast,Apparel,CarrierA,2024/07/26,2024-07-29,2024-08-06,322,0
ORD-104032,SUP-016,Northeast,Electronics,CarrierA,2024/05/11,2024-05-14,2024-05-20,439,0
ORD-102048,SUP-012,Southwest,Office Supplies,CarrierB,05-Jul-2024,2024-07-15,2024-07-20,207,0
ORD-101326,SUP-013,,Electronics,CarrierB,10/31/2024,2024-11-03,2024-11-03,445,0
ORD-102112,SUP-014,Southwest,Apparel,CarrierA,13-Jun-2024,2024-06-18,2024-06-17,357,0
ORD-101828,SUP-006,Northeast,Electronics,CarrierA,31-May-2024,2024-06-03,2024-06-09,135,0
ORD-100214,SUP-002,Midwest,Apparel,CarrierC,2024-02-10,2024-02-13,2024-02-18,124,0
ORD-104989,SUP-006,Northeast,Perishables,CarrierC,2024-09-05,2024-09-12,2024-09-14,175,0
ORD-102423,SUP-018,Midwest,Apparel,CarrierC,01/18/2024,2024-01-23,2024-01-23,44,0
ORD-104832,SUP-018,Southwest,Home Goods,CarrierC,07/31/2024,2024-08-05,2024-08-07,230,0
ORD-101718,SUP-015,Southwest,Industrial Parts,CarrierD,04-Apr-2024,2024-04-06,2024-04-09,209,0
ORD-101586,SUP-002,Northeast,Apparel,CarrierA,11-May-2024,2024-05-13,2024-05-15,485,0
ORD-103619,SUP-011,Northeast,Office Supplies,CarrierB,2024/10/09,2024-10-16,2024-10-16,247,0
ORD-101924,SUP-004,Southeast,Industrial Parts,CarrierA,2024-03-30,2024-04-09,2024-04-09,381,0
ORD-101256,SUP-020,Midwest,Office Supplies,CarrierD,06/20/2024,2024-06-22,2024-06-25,478,0
ORD-103896,SUP-019,Southeast,Perishables,CarrierC,2024-09-01,2024-09-08,2024-09-08,42,0
ORD-103503,SUP-010,Midwest,Perishables,CarrierC,28-May-2024,2024-06-02,2024-06-02,61,0
ORD-102065,SUP-012,Midwest,Home Goods,CarrierA,2024/01/23,2024-01-26,2024-01-26,201,0
ORD-102855,SUP-008,Midwest,Apparel,CarrierD,2024/06/17,2024-06-24,2024-06-24,66,0
ORD-104860,SUP-014,Midwest,Apparel,CarrierB,11/22/2024,2024-11-24,2024-11-23,470,0
ORD-101247,SUP-010,Midwest,Perishables,CarrierB,02-Feb-2024,2024-02-07,2024-02-10,240,0
ORD-101373,SUP-005,Southeast,Home Goods,CarrierD,2024/11/01,2024-11-06,2024-11-06,347,0
ORD-104410,SUP-017,Southwest,Office Supplies,CarrierB,28-May-2024,2024-05-30,2024-05-29,461,0
ORD-102864,SUP-015,Northeast,Industrial Parts,CarrierC,08/07/2024,2024-08-12,2024-08-12,355,0
ORD-102006,SUP-008,Southeast,Electronics,CarrierD,2024/04/25,2024-04-27,2024-04-26,313,0
ORD-105683,SUP-019,Northeast,Perishables,CarrierD,01/22/2024,2024-01-24,2024-01-24,156,0
ORD-101652,SUP-016,Southwest,Home Goods,CarrierD,2024/04/24,2024-04-29,2024-04-29,408,0
ORD-101748,SUP-005,Midwest,Perishables,CarrierC,26-Oct-2024,2024-10-29,2024-10-29,443,0
ORD-101933,SUP-009,Midwest,Industrial Parts,CarrierB,03/25/2024,2024-04-01,2024-03-31,160,0
ORD-103938,SUP-016,Northeast,Perishables,CarrierB,2024/04/17,2024-04-20,2024-04-20,304,0
ORD-103290,SUP-003,Southwest,Apparel,CarrierC,10-Jul-2024,2024-07-20,2024-07-20,147,0
ORD-101463,SUP-012,Midwest,Office Supplies,CarrierD,2024-03-17,2024-03-20,2024-03-20,427,0
ORD-104591,SUP-003,Southwest,Apparel,CarrierB,01/30/2024,2024-02-01,2024-02-05,45,0
ORD-104898,SUP-005,Southeast,Apparel,CarrierB,2024/11/06,2024-11-08,2024-11-08,297,0
ORD-102560,SUP-003,Southwest,Electronics,CarrierD,2024-02-09,2024-02-19,2024-02-19,399,0
ORD-102394,SUP-007,West,Industrial Parts,CarrierB,09/06/2024,2024-09-11,2024-09-11,112,0
ORD-102999,SUP-018,West,Home Goods,CarrierB,2024-09-23,2024-10-03,2024-10-03,273,0
ORD-100501,SUP-008,West,Home Goods,CarrierD,2024/07/25,2024-07-27,,278,0
ORD-105265,SUP-007,West,Home Goods,CarrierC,2024-11-17,2024-11-27,2024-11-27,196,0
ORD-104279,SUP-008,Northeast,Apparel,CarrierA,06/17/2024,2024-06-24,2024-06-29,24,0
ORD-103491,SUP-016,Midwest,Apparel,CarrierD,2024/07/12,2024-07-22,2024-07-22,149,0
ORD-105657,SUP-016,Southwest,Perishables,CarrierA,04/10/2024,2024-04-15,2024-04-14,98,1
ORD-102223,SUP-018,West,Apparel,CarrierD,2024/06/05,2024-06-10,2024-06-10,408,0
ORD-102011,SUP-003,Southeast,Electronics,CarrierC,2024/08/29,2024-09-05,2024-09-05,231,0
ORD-104007,SUP-016,Southeast,Office Supplies,CarrierA,05-May-2024,2024-05-07,2024-05-07,98,0
ORD-101626,SUP-020,Southwest,Perishables,CarrierD,2024-02-29,2024-03-03,2024-03-03,442,0
ORD-101504,SUP-020,Southwest,Industrial Parts,CarrierC,2024/01/29,2024-02-05,2024-02-08,277,0
ORD-100881,SUP-013,Northeast,Electronics,CarrierC,08/28/2024,2024-08-30,2024-09-04,433,0
ORD-104294,SUP-005,Midwest,,CarrierD,2024/07/22,2024-07-25,2024-07-24,339,0
ORD-101915,SUP-004,Midwest,Home Goods,CarrierB,2024-01-06,2024-01-08,2024-01-10,11,0
ORD-102800,SUP-001,Northeast,Home Goods,CarrierC,08-Mar-2024,2024-03-15,2024-03-14,348,0
ORD-104147,SUP-014,Southwest,Home Goods,CarrierD,09/27/2024,2024-09-30,2024-09-30,58,0
ORD-100367,SUP-015,Southwest,Home Goods,CarrierA,03-Feb-2024,2024-02-10,2024-02-14,134,0
ORD-101750,SUP-009,Northeast,Office Supplies,CarrierA,09/25/2024,2024-09-30,2024-09-29,199,0
ORD-104659,SUP-020,Southeast,Industrial Parts,CarrierC,2024/09/20,2024-09-27,2024-09-27,430,0
ORD-105202,SUP-005,Southeast,Home Goods,CarrierC,2024/06/25,2024-07-02,2024-07-01,204,0
ORD-102905,SUP-008,Midwest,Office Supplies,CarrierA,2024-09-12,2024-09-19,2024-09-19,44,0
ORD-104605,SUP-016,Southeast,Apparel,CarrierA,03/27/2024,2024-04-01,2024-03-31,212,0
ORD-100566,SUP-002,Southeast,Office Supplies,CarrierC,17-Nov-2024,2024-11-27,2024-11-30,89,0
ORD-105833,SUP-016,Southwest,Industrial Parts,CarrierC,10-Feb-2024,2024-02-15,2024-02-15,409,0
ORD-101907,SUP-002,Southwest,Office Supplies,CarrierB,14-Apr-2024,2024-04-19,2024-04-19,55,0
ORD-103032,SUP-013,Midwest,,CarrierB,2024-07-22,2024-07-25,2024-07-24,401,0
ORD-104517,SUP-015,Southeast,Industrial Parts,CarrierB,2024/12/03,2024-12-08,2024-12-11,261,0
ORD-102265,SUP-005,Southwest,Home Goods,CarrierD,2024-04-19,2024-04-29,2024-04-29,264,0
ORD-100507,SUP-013,Midwest,Home Goods,CarrierD,2024-02-15,2024-02-18,2024-02-18,299,0
ORD-103582,SUP-018,Southwest,Electronics,CarrierC,2024/04/23,2024-04-25,2024-04-25,424,0
ORD-102796,SUP-016,Southeast,Office Supplies,CarrierA,15-Aug-2024,2024-08-22,2024-08-21,369,0
ORD-103882,SUP-001,,Office Supplies,CarrierB,2024/10/27,2024-10-30,2024-10-30,317,0
ORD-100098,SUP-014,Midwest,Industrial Parts,CarrierD,2024-08-31,2024-09-10,2024-09-10,7,0
ORD-105498,SUP-015,Northeast,Home Goods,CarrierB,2024/03/14,2024-03-16,2024-03-25,200,0
ORD-105499,SUP-010,Southwest,Perishables,CarrierC,17-Nov-2024,2024-11-27,2024-11-27,63,0
ORD-105310,SUP-004,Northeast,Industrial Parts,CarrierA,27-May-2024,2024-06-01,2024-06-06,214,0
ORD-100667,SUP-005,Southeast,Office Supplies,CarrierB,30-Jan-2024,2024-02-04,2024-02-04,123,0
ORD-100858,SUP-009,Midwest,Industrial Parts,CarrierA,12/02/2024,2024-12-09,2024-12-09,319,0
ORD-103361,SUP-006,Northeast,Industrial Parts,CarrierB,25-Apr-2024,2024-05-05,2024-05-05,154,0
ORD-104951,SUP-004,Northeast,Office Supplies,CarrierB,2024/04/23,2024-04-26,2024-04-26,208,0
ORD-105536,SUP-020,Northeast,Industrial Parts,CarrierC,2024-06-09,2024-06-12,2024-06-12,92,0
ORD-102743,SUP-013,Northeast,Office Supplies,CarrierD,2024-02-07,2024-02-14,2024-02-14,30,0
ORD-101132,SUP-003,Southeast,Home Goods,CarrierC,10/01/2024,2024-10-03,2024-10-06,459,0
ORD-100299,SUP-018,West,Office Supplies,CarrierC,2024-11-14,2024-11-17,2024-11-19,184,0
ORD-104580,SUP-018,Midwest,Industrial Parts,CarrierA,11/26/2024,2024-12-03,2024-12-03,304,0
ORD-101766,SUP-002,Southwest,,CarrierD,29-Jun-2024,2024-07-04,2024-07-03,150,0
ORD-102435,SUP-017,West,Industrial Parts,CarrierA,2024-02-02,2024-02-04,2024-02-04,219,0
ORD-104642,SUP-001,Southeast,Perishables,CarrierA,04-Jan-2024,2024-01-06,2024-01-07,310,0
ORD-103468,SUP-008,West,Office Supplies,CarrierA,2024-03-20,2024-03-23,2024-03-22,377,0
ORD-102689,SUP-010,Northeast,Apparel,CarrierD,2024/01/08,2024-01-13,2024-01-13,61,0
ORD-103002,SUP-017,West,Office Supplies,CarrierA,11/18/2024,2024-11-21,2024-11-24,263,0
ORD-101117,SUP-013,Southwest,Office Supplies,CarrierC,2024/12/04,2024-12-11,2024-12-10,297,0
ORD-104683,SUP-019,Midwest,Apparel,CarrierA,02/03/2024,2024-02-05,2024-02-05,110,0
ORD-105876,SUP-016,Southeast,Apparel,CarrierA,09/28/2024,2024-10-08,2024-10-11,104,0
ORD-103737,SUP-009,Southwest,Home Goods,CarrierB,19-May-2024,2024-05-24,2024-05-23,460,0
ORD-103834,SUP-005,Southeast,Apparel,CarrierA,21-Feb-2024,2024-02-24,2024-02-24,217,0
ORD-104930,SUP-012,Southwest,Home Goods,CarrierA,2024/06/28,2024-07-03,2024-07-06,366,0
ORD-105658,SUP-018,West,,CarrierD,2024-06-23,2024-06-25,2024-06-28,201,0
ORD-105406,SUP-003,West,Perishables,CarrierB,2024/08/18,2024-08-28,2024-09-06,305,0
ORD-102463,SUP-018,Southeast,Industrial Parts,CarrierC,2024-02-14,2024-02-24,2024-02-24,360,0
ORD-100556,SUP-017,,Office Supplies,CarrierD,10/23/2024,2024-10-26,2024-10-25,273,0
ORD-101034,SUP-008,Northeast,Home Goods,CarrierD,22-May-2024,2024-06-01,2024-06-01,419,0
ORD-105681,SUP-014,Northeast,Office Supplies,CarrierC,14-May-2024,2024-05-17,2024-05-17,331,0
ORD-105027,SUP-018,West,Apparel,CarrierB,10-Dec-2024,2024-12-13,2024-12-13,366,0
ORD-103506,SUP-017,Northeast,Home Goods,CarrierD,23-Mar-2024,2024-04-02,2024-04-04,112,0
ORD-101011,SUP-016,Southwest,Perishables,CarrierC,2024/01/10,2024-01-13,2024-01-13,134,0
ORD-103509,SUP-009,Southwest,Office Supplies,CarrierC,2024/05/20,2024-05-30,2024-05-30,145,0
ORD-104612,SUP-010,,Perishables,CarrierA,2024/01/31,2024-02-03,2024-02-03,321,0
ORD-100538,SUP-016,Southwest,Home Goods,CarrierD,28-Dec-2024,2025-01-04,2025-01-04,232,0
ORD-102707,SUP-006,Southwest,Perishables,CarrierB,2024/02/12,2024-02-17,2024-02-18,21,0
ORD-101520,SUP-020,Southeast,Electronics,CarrierD,08/16/2024,2024-08-23,2024-08-23,487,0
ORD-104431,SUP-020,Midwest,Office Supplies,CarrierC,22-Mar-2024,2024-03-29,2024-04-01,100,0
ORD-105725,SUP-007,Midwest,Electronics,CarrierB,2024-06-16,2024-06-19,2024-06-22,240,0
ORD-101528,SUP-006,West,Perishables,CarrierA,2024-11-25,2024-12-02,2024-12-02,453,0
ORD-103066,SUP-008,Midwest,Home Goods,CarrierD,2024-09-21,2024-09-24,2024-10-03,111,0
ORD-103594,SUP-015,West,Perishables,CarrierD,06/22/2024,2024-06-27,2024-07-02,110,0
ORD-103223,SUP-009,West,Office Supplies,CarrierC,2024/12/06,2024-12-11,2024-12-11,353,0
ORD-102584,SUP-009,Northeast,Electronics,CarrierA,02/17/2024,2024-02-27,2024-02-27,115,0
ORD-100934,SUP-013,Southwest,Office Supplies,CarrierB,31-Jul-2024,2024-08-10,2024-08-12,124,0
ORD-102842,SUP-003,West,,CarrierC,2024-10-28,2024-10-30,2024-10-30,225,1
ORD-103904,SUP-019,Northeast,Office Supplies,CarrierD,01/10/2024,2024-01-15,2024-01-14,318,0
ORD-104210,SUP-006,West,Home Goods,CarrierC,25-Jul-2024,2024-07-27,2024-07-26,41,0
ORD-103769,SUP-009,Southeast,Apparel,CarrierB,2024/12/09,2024-12-16,2024-12-15,269,0
ORD-105570,SUP-009,Southwest,Perishables,CarrierA,2024-07-02,2024-07-09,2024-07-09,252,0
ORD-103986,SUP-005,West,Apparel,CarrierB,06/29/2024,2024-07-04,2024-07-04,45,0
ORD-100700,SUP-008,Southwest,Apparel,CarrierD,2024-08-18,2024-08-28,2024-08-28,289,0
ORD-103255,SUP-008,Southwest,Electronics,CarrierD,09/04/2024,2024-09-14,2024-09-14,279,0
ORD-104141,SUP-002,Southwest,Perishables,CarrierD,09/21/2024,2024-09-26,2024-09-28,479,0
ORD-102856,SUP-016,West,Office Supplies,CarrierA,06/11/2024,2024-06-14,2024-06-14,401,0
ORD-101837,SUP-005,Southeast,Apparel,CarrierA,26-Apr-2024,2024-05-06,2024-05-06,58,0
ORD-103158,SUP-009,Midwest,Apparel,CarrierD,2024/04/28,2024-04-30,2024-04-30,12,0
ORD-104015,SUP-013,Southeast,Perishables,CarrierB,11/22/2024,2024-11-25,2024-11-24,85,0
ORD-101073,SUP-013,Northeast,Electronics,CarrierD,2024/06/24,2024-07-04,2024-07-08,455,0
ORD-105973,SUP-003,Southeast,Industrial Parts,CarrierB,2024/05/21,2024-05-26,2024-05-29,289,0
ORD-101147,SUP-019,West,Industrial Parts,CarrierA,2024-07-05,2024-07-15,2024-07-15,444,0
ORD-101447,SUP-015,West,Office Supplies,CarrierB,2024-12-04,2024-12-14,2024-12-14,58,0
ORD-105856,SUP-002,West,Electronics,CarrierB,2024-09-30,2024-10-05,,278,0
ORD-102305,SUP-015,Southwest,Apparel,CarrierB,04/01/2024,2024-04-04,2024-04-04,238,0
ORD-100850,SUP-009,West,Perishables,CarrierC,2024/01/15,2024-01-22,2024-01-21,105,1
ORD-103140,SUP-004,Northeast,Home Goods,CarrierD,09/17/2024,2024-09-19,2024-09-22,60,0
ORD-100524,SUP-012,Midwest,Apparel,CarrierC,2024-10-28,2024-10-31,2024-11-02,426,0
ORD-102726,SUP-005,Southeast,Apparel,CarrierC,09-Aug-2024,2024-08-16,2024-08-20,398,0
ORD-102774,SUP-019,Northeast,Perishables,CarrierB,2024/02/07,2024-02-14,2024-02-20,476,0
ORD-105772,SUP-002,Southeast,Home Goods,CarrierB,24-Jul-2024,2024-07-26,2024-07-26,128,0
ORD-102970,SUP-007,Northeast,Apparel,CarrierB,08/30/2024,2024-09-09,2024-09-09,257,0
ORD-102615,SUP-013,Southeast,Home Goods,CarrierB,2024-12-24,2024-12-31,2024-12-31,180,0
ORD-100005,SUP-019,Southeast,Industrial Parts,CarrierD,2024/12/10,2024-12-12,2024-12-12,52,0
ORD-104477,SUP-014,Northeast,Home Goods,CarrierC,2024/12/21,2024-12-28,2024-12-28,12,0
ORD-104108,SUP-007,Midwest,Office Supplies,CarrierB,2024/10/05,2024-10-12,2024-10-12,207,0
ORD-101379,SUP-007,Southeast,Apparel,CarrierB,2024-01-07,2024-01-12,2024-01-12,38,0
ORD-100616,SUP-018,West,Office Supplies,CarrierD,2024-03-25,2024-04-01,2024-04-01,164,0
ORD-100575,SUP-011,West,Perishables,CarrierB,2024/05/06,2024-05-11,2024-05-11,179,0
ORD-100976,SUP-005,Northeast,Office Supplies,CarrierD,09-Nov-2024,2024-11-16,2024-11-16,21,0
ORD-100639,SUP-020,West,Office Supplies,CarrierC,01/10/2024,2024-01-17,2024-01-17,97,0
ORD-103016,SUP-007,West,Perishables,CarrierC,09/17/2024,2024-09-19,2024-09-18,309,0
ORD-104165,SUP-003,Midwest,Electronics,CarrierB,02-Jun-2024,2024-06-04,2024-06-04,170,0
ORD-101377,SUP-016,Southwest,Home Goods,CarrierD,29-Jun-2024,2024-07-04,2024-07-04,445,0
ORD-103414,SUP-007,West,Perishables,CarrierB,09-Aug-2024,2024-08-12,2024-08-16,309,0
ORD-105182,SUP-017,Southwest,Perishables,CarrierA,2024-03-15,2024-03-25,2024-03-27,43,0
ORD-100288,SUP-006,Southwest,Apparel,CarrierD,2024/07/18,2024-07-28,2024-08-01,68,0
ORD-100513,SUP-019,Northeast,Industrial Parts,CarrierB,02/29/2024,2024-03-07,2024-03-06,93,0
ORD-104867,SUP-013,Northeast,Perishables,CarrierB,21-Nov-2024,2024-11-26,2024-11-26,395,0
ORD-100987,SUP-010,West,Apparel,CarrierA,23-Aug-2024,2024-08-25,2024-08-25,440,0
ORD-100432,SUP-004,Southwest,Electronics,CarrierA,29-Aug-2024,2024-09-05,2024-09-09,96,0
ORD-100588,SUP-019,Southeast,Home Goods,CarrierD,12/06/2024,2024-12-08,2024-12-08,209,0
ORD-102506,SUP-009,Midwest,Home Goods,CarrierB,2024-10-05,2024-10-15,2024-10-15,327,0
ORD-102233,SUP-017,,Electronics,CarrierC,2024-04-18,2024-04-21,2024-04-21,216,0
ORD-102754,SUP-003,Northeast,Apparel,CarrierC,02/25/2024,2024-03-03,2024-03-02,40,0
ORD-100847,SUP-011,Northeast,Perishables,CarrierC,09/08/2024,2024-09-18,2024-09-18,76,1
ORD-101703,SUP-013,Northeast,Industrial Parts,CarrierC,2024-12-24,2025-01-03,2025-01-03,297,0
ORD-104268,SUP-003,Midwest,Electronics,CarrierB,03/01/2024,2024-03-04,2024-03-07,498,1
ORD-100062,SUP-010,West,Office Supplies,CarrierA,19-Jul-2024,2024-07-29,2024-07-29,433,0
ORD-101156,SUP-014,Northeast,Home Goods,CarrierA,03/09/2024,2024-03-16,2024-03-16,389,0
ORD-104894,SUP-018,Northeast,Apparel,CarrierB,09/15/2024,2024-09-20,2024-09-20,220,0
ORD-102402,SUP-004,West,Apparel,CarrierA,2024-06-19,2024-06-29,2024-06-28,431,0
ORD-101560,SUP-005,Midwest,Industrial Parts,CarrierC,10/16/2024,2024-10-23,2024-10-23,224,0
ORD-100108,SUP-017,Midwest,Home Goods,CarrierB,2024-06-22,2024-07-02,2024-07-02,148,0
ORD-100517,SUP-009,West,Home Goods,CarrierD,05/06/2024,2024-05-11,2024-05-10,283,0
ORD-100923,SUP-018,Southwest,Electronics,CarrierA,28-May-2024,2024-06-07,2024-06-06,56,0
ORD-104942,SUP-007,Southeast,Electronics,CarrierB,10-Mar-2024,2024-03-20,2024-03-20,45,0
ORD-105576,SUP-013,Southeast,Office Supplies,CarrierA,2024-06-21,2024-06-26,2024-06-26,458,0
ORD-101356,SUP-011,West,Electronics,CarrierC,2024-04-28,2024-04-30,2024-04-30,8,0
ORD-104260,SUP-003,Southeast,Office Supplies,CarrierB,01-Apr-2024,2024-04-04,2024-04-06,480,0
ORD-101768,SUP-011,Midwest,Perishables,CarrierD,06/09/2024,2024-06-11,2024-06-21,77,0
ORD-101796,SUP-009,Southeast,Industrial Parts,CarrierB,22-Dec-2024,2024-12-24,2024-12-28,371,0
ORD-103817,SUP-001,Northeast,Office Supplies,CarrierD,2024/08/29,2024-09-01,2024-09-07,488,0
ORD-104067,SUP-012,Northeast,Office Supplies,CarrierA,2024/08/23,2024-08-26,2024-08-26,399,0
ORD-105358,SUP-011,Southwest,Apparel,CarrierA,02/13/2024,2024-02-16,2024-02-16,238,0
ORD-104736,SUP-012,Southwest,Industrial Parts,CarrierD,2024-02-05,2024-02-12,2024-02-14,183,0
ORD-105733,SUP-007,West,Office Supplies,CarrierA,2024-01-20,2024-01-27,2024-01-26,333,0
ORD-105360,SUP-004,,Office Supplies,CarrierC,07-Jul-2024,2024-07-09,2024-07-09,386,0
ORD-101963,SUP-009,Northeast,Home Goods,CarrierB,2024/12/18,2024-12-21,2024-12-21,12,0
ORD-105283,SUP-015,Midwest,Industrial Parts,CarrierA,2024-08-16,2024-08-23,2024-08-23,133,0
ORD-103881,SUP-013,West,Electronics,CarrierD,2024-07-16,2024-07-19,2024-07-19,357,0
ORD-104545,SUP-010,Southeast,Apparel,CarrierC,12/07/2024,2024-12-12,2024-12-12,326,0
ORD-103675,SUP-013,Midwest,Perishables,CarrierC,2024-05-31,2024-06-03,2024-06-02,361,0
ORD-100348,SUP-020,Midwest,Home Goods,CarrierB,09/23/2024,2024-09-30,2024-09-30,239,0
ORD-101926,SUP-003,Midwest,Apparel,CarrierA,2024-02-24,2024-02-27,2024-02-27,103,0
ORD-101456,SUP-008,Southwest,Home Goods,CarrierD,2024-05-26,2024-06-05,2024-06-05,457,0
ORD-104157,SUP-014,Southeast,Electronics,CarrierB,2024-11-03,2024-11-08,2024-11-08,403,0
ORD-100701,SUP-003,Southeast,Industrial Parts,CarrierA,2024/10/24,2024-10-26,2024-10-29,179,0
ORD-102023,SUP-013,Midwest,Home Goods,CarrierD,2024-05-07,2024-05-09,2024-05-09,420,0
ORD-103552,SUP-011,Midwest,Office Supplies,CarrierB,01/07/2024,2024-01-14,2024-01-14,26,0
ORD-102748,SUP-006,Southwest,Office Supplies,CarrierD,2024/04/15,2024-04-25,2024-04-27,31,0
ORD-100686,SUP-013,Northeast,Apparel,CarrierC,12/22/2024,2024-12-29,2024-12-28,243,0
ORD-102819,SUP-020,Midwest,Perishables,CarrierB,11-Dec-2024,2024-12-18,2024-12-21,191,0
ORD-105112,SUP-008,West,Perishables,CarrierB,2024-08-01,2024-08-08,2024-08-08,149,0
ORD-104298,SUP-003,West,Electronics,CarrierB,2024/02/02,2024-02-04,2024-02-04,307,0
ORD-104140,SUP-013,Southwest,Perishables,CarrierB,10/14/2024,2024-10-19,2024-10-20,141,0
ORD-104169,SUP-004,Southwest,Apparel,CarrierC,14-Nov-2024,2024-11-16,2024-11-16,112,0
ORD-103759,SUP-004,Southeast,Office Supplies,CarrierB,10-Jul-2024,2024-07-13,2024-07-13,499,0
ORD-104853,SUP-001,Southwest,Home Goods,CarrierB,2024-11-16,2024-11-19,,101,0
ORD-100643,SUP-013,West,Industrial Parts,CarrierD,2024-02-12,2024-02-15,2024-02-15,198,0
ORD-104197,SUP-015,West,Apparel,CarrierD,11/02/2024,2024-11-07,2024-11-10,20,0
ORD-103189,SUP-006,Midwest,Office Supplies,CarrierB,03/11/2024,2024-03-16,2024-03-22,189,0
ORD-101144,SUP-020,West,Industrial Parts,CarrierA,24-Jul-2024,2024-07-27,2024-07-26,264,0
ORD-103381,SUP-010,Midwest,Perishables,CarrierD,2024-10-13,2024-10-15,2024-10-15,299,0
ORD-101019,SUP-010,West,Perishables,CarrierB,05/10/2024,2024-05-20,2024-05-20,18,0
ORD-102824,SUP-019,Midwest,Electronics,CarrierB,07/29/2024,2024-08-08,2024-08-12,56,0
ORD-101710,SUP-018,Southeast,Apparel,CarrierD,2024-07-06,2024-07-13,2024-07-13,88,0
ORD-102192,SUP-020,West,Electronics,CarrierA,21-Sep-2024,2024-09-24,2024-09-23,285,0
ORD-102539,SUP-020,Midwest,Perishables,CarrierB,2024/12/01,2024-12-08,2024-12-08,412,0
ORD-104195,SUP-018,Northeast,Apparel,CarrierB,11-Sep-2024,2024-09-16,2024-09-15,169,0
ORD-102984,SUP-013,Southwest,Apparel,CarrierD,2024/10/23,2024-10-30,2024-10-29,386,0
ORD-105213,SUP-006,Midwest,Industrial Parts,CarrierB,05/05/2024,2024-05-15,2024-05-15,482,0
ORD-102209,SUP-007,Northeast,Apparel,CarrierD,18-Nov-2024,2024-11-23,2024-11-22,293,0
ORD-100054,SUP-013,West,Industrial Parts,CarrierB,2024/11/16,2024-11-19,2024-11-18,250,1
ORD-103512,SUP-012,Southwest,Industrial Parts,CarrierC,30-Aug-2024,2024-09-02,2024-09-02,173,0
ORD-100094,SUP-016,Midwest,Apparel,CarrierA,10/10/2024,2024-10-13,2024-10-12,222,0
ORD-105622,SUP-002,Southeast,Electronics,CarrierA,2024-03-14,2024-03-24,2024-03-29,324,0
ORD-104537,SUP-003,West,Apparel,CarrierC,2024-03-12,2024-03-22,2024-03-22,52,1
ORD-104540,SUP-007,West,Home Goods,CarrierC,07/05/2024,2024-07-12,2024-07-12,55,0
ORD-103660,SUP-011,Southeast,Home Goods,CarrierA,2024-01-10,2024-01-13,2024-01-12,286,0
ORD-104461,SUP-016,West,Electronics,CarrierB,2024/07/05,2024-07-15,2024-07-15,207,0
ORD-104192,SUP-014,West,Perishables,CarrierD,12-Jan-2024,2024-01-15,2024-01-15,364,0
ORD-101074,SUP-008,Southwest,Office Supplies,CarrierC,2024/09/10,2024-09-15,2024-09-15,419,0
ORD-101685,SUP-008,West,Perishables,CarrierA,06-Jan-2024,2024-01-11,2024-01-11,104,0
ORD-103160,SUP-019,Northeast,Office Supplies,CarrierC,2024/11/20,2024-11-25,2024-11-25,176,0
ORD-101139,SUP-003,Southwest,Electronics,CarrierC,03/02/2024,2024-03-04,2024-03-08,369,0
ORD-105630,SUP-008,Midwest,Office Supplies,CarrierA,09/26/2024,2024-09-29,2024-09-29,123,0
ORD-101399,SUP-007,Southwest,Perishables,CarrierC,2024/12/07,2024-12-10,2024-12-10,31,0
ORD-101827,SUP-010,Midwest,Perishables,CarrierA,2024/05/28,2024-06-02,2024-06-06,123,0
ORD-103450,SUP-011,Southeast,Office Supplies,CarrierA,2024-06-01,2024-06-08,2024-06-08,297,0
ORD-102762,SUP-016,Southwest,Electronics,CarrierD,20-Apr-2024,2024-04-30,2024-04-30,242,0
ORD-102429,SUP-006,Southeast,Apparel,CarrierC,2024-07-29,2024-08-03,2024-08-05,377,0
ORD-102851,SUP-007,,Apparel,CarrierB,2024-06-01,2024-06-08,2024-06-07,110,0
ORD-104274,SUP-014,Midwest,Home Goods,CarrierB,2024/04/11,2024-04-13,2024-04-13,8,0
ORD-103770,SUP-007,Northeast,Office Supplies,CarrierC,2024/07/31,2024-08-02,2024-08-02,313,0
ORD-105480,SUP-006,Midwest,Electronics,CarrierA,2024-04-26,2024-05-06,2024-05-06,124,0
ORD-100349,SUP-009,West,Perishables,CarrierC,2024-08-10,2024-08-20,2024-08-20,185,0
ORD-104248,SUP-011,West,Industrial Parts,CarrierC,2024-04-11,2024-04-16,2024-04-16,45,0
ORD-103982,SUP-016,Midwest,Office Supplies,CarrierB,2024-09-18,2024-09-28,2024-09-28,39,0
ORD-102827,SUP-001,Southeast,Apparel,CarrierB,2024-06-30,2024-07-02,2024-07-05,324,0
ORD-100244,SUP-010,Southwest,Home Goods,CarrierB,2024/05/15,2024-05-17,2024-05-17,307,0
ORD-100959,SUP-020,Midwest,Electronics,CarrierD,19-Aug-2024,2024-08-22,2024-08-22,468,0
ORD-100434,SUP-005,Southwest,Electronics,CarrierC,21-Mar-2024,2024-03-31,2024-03-31,388,0
ORD-103392,SUP-018,Southwest,Office Supplies,CarrierA,2024/09/09,2024-09-12,2024-09-12,366,0
ORD-101832,SUP-012,Southeast,Office Supplies,CarrierC,16-Jan-2024,2024-01-19,2024-01-21,126,0
ORD-105350,SUP-008,,Electronics,CarrierC,08-Jul-2024,2024-07-13,2024-07-12,105,0
ORD-101624,SUP-008,Southwest,Apparel,CarrierD,2024/06/08,2024-06-13,2024-06-17,462,0
ORD-105122,SUP-005,Southwest,Home Goods,CarrierD,2024-07-24,2024-08-03,2024-08-03,35,0
ORD-104941,SUP-020,Northeast,Office Supplies,CarrierC,11-Mar-2024,2024-03-14,2024-03-13,183,0
ORD-103508,SUP-017,West,Office Supplies,CarrierB,2024/12/11,2024-12-14,2024-12-13,78,0
ORD-101637,SUP-018,Southeast,Apparel,CarrierA,08/24/2024,2024-08-31,2024-09-15,139,0
ORD-100711,SUP-016,Northeast,Electronics,CarrierB,04/16/2024,2024-04-19,2024-04-18,425,0
ORD-102181,SUP-013,Midwest,Office Supplies,CarrierB,02-May-2024,2024-05-12,2024-05-12,257,0
ORD-104098,SUP-013,Southwest,Perishables,CarrierB,10/27/2024,2024-11-03,2024-11-03,488,0
ORD-100495,SUP-019,Southwest,Industrial Parts,CarrierD,2024/06/28,2024-07-01,2024-07-01,15,0
ORD-100600,SUP-020,Southwest,Perishables,CarrierB,15-Dec-2024,2024-12-22,2024-12-29,269,0
ORD-102947,SUP-010,Southwest,Office Supplies,CarrierC,2024-08-14,2024-08-19,2024-08-19,112,0
ORD-104352,SUP-016,Southwest,Apparel,CarrierA,06-Feb-2024,2024-02-11,2024-02-11,214,0
ORD-100840,SUP-015,Northeast,Electronics,CarrierD,02/19/2024,2024-02-29,2024-02-29,450,1
ORD-105997,SUP-010,Southeast,Electronics,CarrierB,28-May-2024,2024-06-02,2024-06-02,235,0
ORD-103282,SUP-008,Southwest,Electronics,CarrierD,11/09/2024,2024-11-19,2024-11-19,238,0
ORD-102896,SUP-018,West,Office Supplies,CarrierD,04/29/2024,2024-05-09,2024-05-09,465,0
ORD-104734,SUP-017,Southwest,Perishables,CarrierC,2024-12-14,2024-12-16,2024-12-19,306,0
ORD-100906,SUP-020,Southeast,Electronics,CarrierD,2024/01/30,2024-02-09,2024-02-09,248,0
ORD-104204,SUP-002,West,Apparel,CarrierB,24-Aug-2024,2024-09-03,2024-09-03,131,0
ORD-104152,SUP-007,Northeast,Electronics,CarrierB,2024-12-23,2024-12-28,2025-01-03,218,0
ORD-101515,SUP-018,Midwest,Industrial Parts,CarrierD,2024-03-23,2024-03-26,2024-03-26,133,0
ORD-104821,SUP-006,West,Office Supplies,CarrierC,2024/07/23,2024-07-25,2024-07-27,439,0
ORD-105895,SUP-017,West,Perishables,CarrierD,05/25/2024,2024-06-04,2024-06-07,183,0
ORD-101457,SUP-007,Southwest,Industrial Parts,CarrierC,2024/02/06,2024-02-16,2024-02-16,240,0
ORD-100563,SUP-014,West,Perishables,CarrierC,2024-02-21,2024-02-28,2024-02-28,206,0
ORD-105841,SUP-011,Northeast,Home Goods,CarrierC,11/11/2024,2024-11-14,2024-11-13,116,0
ORD-101743,SUP-018,West,Industrial Parts,CarrierC,09-Jun-2024,2024-06-11,2024-06-13,417,0
ORD-103534,SUP-005,Southeast,Office Supplies,CarrierA,13-Feb-2024,2024-02-20,2024-02-20,363,0
ORD-105735,SUP-001,Northeast,Industrial Parts,CarrierC,2024-08-15,2024-08-17,2024-08-20,115,0
ORD-103384,SUP-006,Southwest,Office Supplies,CarrierC,23-Oct-2024,2024-10-25,2024-10-31,484,0
ORD-100596,SUP-001,Southeast,Home Goods,CarrierA,19-Apr-2024,2024-04-26,2024-04-26,49,0
ORD-100940,SUP-015,West,Home Goods,CarrierD,2024/11/12,2024-11-14,2024-11-14,441,0
ORD-101814,SUP-017,Southwest,Perishables,CarrierA,2024/07/06,2024-07-16,2024-07-21,94,0
ORD-101424,SUP-005,Southwest,Industrial Parts,CarrierB,01-Oct-2024,2024-10-08,2024-10-08,181,1
ORD-104049,SUP-004,Southeast,Electronics,CarrierB,2024/05/20,2024-05-30,2024-06-20,12,0
ORD-102379,SUP-009,Southwest,Home Goods,CarrierD,03/14/2024,2024-03-21,2024-03-21,331,0
ORD-100839,SUP-017,West,Perishables,CarrierB,2024-07-26,2024-07-29,2024-08-05,84,0
ORD-100344,SUP-008,Northeast,Home Goods,CarrierD,11/08/2024,2024-11-15,2024-11-15,271,0
ORD-102514,SUP-020,Southeast,Electronics,CarrierC,2024/10/23,2024-11-02,2024-11-02,471,0
ORD-102354,SUP-010,Southwest,Apparel,CarrierC,01/21/2024,2024-01-24,2024-01-24,290,0
ORD-100778,SUP-002,Midwest,Office Supplies,CarrierD,06/06/2024,2024-06-11,2024-06-11,378,0
ORD-104503,SUP-016,Southeast,Electronics,CarrierB,2024-04-22,2024-04-27,2024-04-27,106,0
ORD-104703,SUP-008,Midwest,Home Goods,CarrierA,21-Apr-2024,2024-04-24,2024-04-24,177,0
ORD-105287,SUP-010,Midwest,Perishables,CarrierB,2024-11-04,2024-11-14,2024-11-14,153,0
ORD-100857,SUP-020,West,Industrial Parts,CarrierB,2024/08/24,2024-09-03,2024-09-03,266,0
ORD-103257,SUP-018,Midwest,,CarrierD,2024-03-05,2024-03-08,2024-03-07,357,0
ORD-103779,SUP-016,Southwest,Office Supplies,CarrierD,19-Aug-2024,2024-08-22,2024-08-22,410,0
ORD-103204,SUP-011,West,Home Goods,CarrierB,2024/03/23,2024-03-30,2024-03-30,138,0
ORD-105229,SUP-012,West,Apparel,CarrierB,07/23/2024,2024-07-26,2024-07-29,233,0
ORD-105470,SUP-019,Northeast,Home Goods,CarrierD,24-Nov-2024,2024-12-04,2024-12-04,213,0
ORD-104913,SUP-017,Southwest,Office Supplies,CarrierD,10/11/2024,2024-10-14,2024-10-14,311,0
ORD-100726,SUP-005,Southeast,Office Supplies,CarrierC,2024-04-02,2024-04-07,2024-04-06,472,0
ORD-101875,SUP-009,Northeast,Home Goods,CarrierD,12/15/2024,2024-12-17,2024-12-17,492,0
ORD-103370,SUP-007,Southeast,Industrial Parts,CarrierD,2024-02-18,2024-02-28,2024-02-28,288,0
ORD-104950,SUP-004,Northeast,Apparel,CarrierC,2024-05-05,2024-05-15,2024-05-15,337,0
ORD-104723,SUP-013,Midwest,Industrial Parts,CarrierD,18-Sep-2024,2024-09-23,2024-09-22,33,0
ORD-101831,SUP-013,Northeast,Apparel,CarrierA,2024/02/21,2024-02-23,2024-02-22,224,0
ORD-100275,SUP-013,Northeast,Industrial Parts,CarrierB,2024-04-03,2024-04-10,2024-04-10,485,0
ORD-103731,SUP-010,Southeast,Apparel,CarrierA,18-Nov-2024,2024-11-25,2024-11-24,78,0
ORD-103051,SUP-007,Southwest,Industrial Parts,CarrierD,02-May-2024,2024-05-09,2024-05-11,253,0
ORD-103037,SUP-014,Southeast,Office Supplies,CarrierB,2024-06-11,2024-06-14,2024-06-18,95,0
ORD-101850,SUP-020,Midwest,Industrial Parts,CarrierD,16-Jun-2024,2024-06-19,2024-06-19,69,0
ORD-104291,SUP-012,Northeast,Industrial Parts,CarrierD,2024-02-10,2024-02-15,2024-02-15,318,0
ORD-101532,SUP-010,West,Apparel,CarrierB,2024-01-28,2024-01-30,2024-01-30,375,0
ORD-104224,SUP-020,Northeast,Industrial Parts,CarrierB,2024-03-21,2024-03-31,2024-03-30,489,0
ORD-101102,SUP-001,West,Electronics,CarrierA,06-Apr-2024,2024-04-09,2024-04-10,62,0
ORD-100329,SUP-017,Southeast,Perishables,CarrierD,08/18/2024,2024-08-23,2024-08-29,226,0
ORD-101381,SUP-012,Southwest,Electronics,CarrierB,2024-09-28,2024-10-08,2024-10-08,258,0
ORD-103012,SUP-018,Northeast,Apparel,CarrierB,2024/01/14,2024-01-21,2024-01-21,256,0
ORD-104060,SUP-012,West,Office Supplies,CarrierD,2024/05/04,2024-05-07,2024-05-12,452,0
ORD-105245,SUP-004,Midwest,Electronics,CarrierB,25-Aug-2024,2024-08-28,2024-08-30,160,0
ORD-103327,SUP-011,West,Office Supplies,CarrierA,12-Feb-2024,2024-02-22,2024-02-21,84,0
ORD-104651,SUP-018,West,Home Goods,CarrierD,2024/07/20,2024-07-22,2024-07-22,184,0
ORD-104036,SUP-003,West,Industrial Parts,CarrierB,2024-07-22,2024-07-29,2024-07-29,367,0
ORD-105882,SUP-012,Southeast,Perishables,CarrierB,2024/01/29,2024-01-31,2024-02-10,343,1
ORD-100996,SUP-012,Northeast,Industrial Parts,CarrierB,24-Jul-2024,2024-07-27,2024-07-27,58,0
ORD-103446,SUP-018,Southwest,Industrial Parts,CarrierB,2024-04-02,2024-04-04,2024-04-04,161,0
ORD-105015,SUP-014,Midwest,Home Goods,CarrierB,19-Oct-2024,2024-10-26,2024-10-26,16,0
ORD-100796,SUP-013,Northeast,Perishables,CarrierB,2024-04-01,2024-04-03,2024-04-02,115,0
ORD-100123,SUP-004,Midwest,Industrial Parts,CarrierA,25-Aug-2024,2024-09-04,2024-09-04,226,0
ORD-104262,SUP-006,Northeast,Electronics,CarrierD,26-Sep-2024,2024-10-06,2024-10-06,226,0
ORD-102010,SUP-013,Southwest,Office Supplies,CarrierB,02/09/2024,2024-02-14,2024-02-13,376,0
ORD-101966,SUP-008,,Office Supplies,CarrierB,2024/10/27,2024-11-03,2024-11-03,442,0
ORD-104630,SUP-019,Southwest,Industrial Parts,CarrierA,04/25/2024,2024-04-30,2024-04-30,247,0
ORD-104589,SUP-008,West,Home Goods,CarrierC,07/31/2024,2024-08-10,2024-08-16,58,0
ORD-104983,SUP-007,Southwest,Home Goods,CarrierA,27-Apr-2024,2024-05-02,2024-05-01,343,0
ORD-102165,SUP-019,Southwest,Industrial Parts,CarrierB,2024/07/25,2024-07-30,2024-07-29,95,0
ORD-103798,SUP-016,Southeast,Office Supplies,CarrierA,2024-10-30,2024-11-02,2024-11-02,64,0
ORD-103031,SUP-012,Southeast,Electronics,CarrierD,2024/01/28,2024-02-02,2024-02-01,211,0
ORD-101683,SUP-016,Midwest,Electronics,CarrierC,2024-02-21,2024-02-26,2024-02-26,41,0
ORD-104261,SUP-019,Southeast,Apparel,CarrierC,13-Dec-2024,2024-12-20,2024-12-20,74,0
ORD-103993,SUP-009,West,Electronics,CarrierB,12/11/2024,2024-12-21,2024-12-22,390,0
ORD-105753,SUP-001,West,Industrial Parts,CarrierC,2024/06/17,2024-06-19,2024-06-26,67,0
ORD-101051,SUP-010,Midwest,Industrial Parts,CarrierA,13-Jul-2024,2024-07-23,2024-07-23,395,0
ORD-103571,SUP-018,,Home Goods,CarrierD,11/11/2024,2024-11-16,2024-11-16,454,0
ORD-103747,SUP-008,Northeast,Office Supplies,CarrierA,30-Mar-2024,2024-04-06,2024-04-06,251,0
ORD-105136,SUP-014,Northeast,Home Goods,CarrierA,27-Dec-2024,2024-12-30,2024-12-29,77,0
ORD-105668,SUP-003,Midwest,Home Goods,CarrierC,2024/09/27,2024-09-29,2024-09-29,389,0
ORD-105993,SUP-020,Southwest,Perishables,CarrierD,2024/09/06,2024-09-09,2024-09-09,354,0
ORD-105891,SUP-016,Northeast,Electronics,CarrierA,06/14/2024,2024-06-17,2024-06-17,14,0
ORD-100610,SUP-004,Southeast,Perishables,CarrierD,03-Apr-2024,2024-04-10,2024-04-22,149,0
ORD-101909,SUP-001,Midwest,Office Supplies,CarrierC,2024-06-17,2024-06-27,2024-07-02,20,0
ORD-100019,SUP-001,Southwest,Perishables,CarrierA,2024-03-10,2024-03-12,2024-03-17,223,0
ORD-100134,SUP-010,Northeast,Apparel,CarrierC,23-May-2024,2024-06-02,2024-06-01,484,0
ORD-100560,SUP-007,Northeast,,CarrierA,08/06/2024,2024-08-13,2024-08-13,104,0
ORD-100910,SUP-013,Southeast,Apparel,CarrierB,03-May-2024,2024-05-06,2024-05-06,115,0
ORD-105620,SUP-003,Northeast,Apparel,CarrierB,2024-07-15,2024-07-25,2024-07-25,170,0
ORD-100717,SUP-014,West,Home Goods,CarrierD,2024-04-12,2024-04-19,2024-04-19,330,1
ORD-101584,SUP-010,Northeast,Perishables,CarrierC,09/26/2024,2024-10-06,2024-10-14,404,0
ORD-103194,SUP-007,Southwest,,CarrierB,2024/04/29,2024-05-04,2024-05-04,282,0
ORD-103698,SUP-006,West,Apparel,CarrierD,07-Jan-2024,2024-01-10,2024-01-10,164,0
ORD-102174,SUP-002,Midwest,Perishables,CarrierD,02-Apr-2024,2024-04-09,2024-04-12,16,0
ORD-104987,SUP-014,Southwest,Apparel,CarrierA,2024/01/06,2024-01-09,2024-01-11,40,0
ORD-101854,SUP-010,Northeast,Industrial Parts,CarrierA,2024/03/07,2024-03-12,2024-03-12,20,0
ORD-104359,SUP-013,Southeast,Home Goods,CarrierD,2024-05-08,2024-05-11,2024-05-18,8,0
ORD-105804,SUP-006,Southeast,Perishables,CarrierD,04/04/2024,2024-04-14,2024-04-18,276,0
ORD-101877,SUP-008,Northeast,Apparel,CarrierB,01-Mar-2024,2024-03-04,2024-03-04,4,0
ORD-104443,SUP-016,West,Industrial Parts,CarrierD,07/09/2024,2024-07-16,2024-07-15,237,0
ORD-103447,SUP-005,Southeast,Perishables,CarrierA,06-Feb-2024,2024-02-16,2024-02-16,250,0
ORD-105395,SUP-002,Southwest,Perishables,CarrierA,07/19/2024,2024-07-21,2024-08-02,298,0
ORD-105292,SUP-018,West,Electronics,CarrierA,2024-01-25,2024-01-30,2024-01-29,77,0
ORD-104730,SUP-012,Southwest,Office Supplies,CarrierD,21-Jan-2024,2024-01-26,2024-01-29,325,0
ORD-105803,SUP-015,Southwest,,CarrierA,2024/08/24,2024-09-03,2024-09-03,123,0
ORD-104219,SUP-018,West,Industrial Parts,CarrierB,05/14/2024,2024-05-21,2024-05-21,218,0
ORD-100100,SUP-015,West,Industrial Parts,CarrierC,2024/04/04,2024-04-07,2024-04-09,293,0
ORD-104542,SUP-005,Southwest,Electronics,CarrierA,2024-10-22,2024-11-01,2024-10-31,398,0
ORD-105321,SUP-018,Midwest,Perishables,CarrierD,25-Apr-2024,2024-05-05,2024-05-05,289,0
ORD-104633,SUP-006,Northeast,Office Supplies,CarrierB,29-Mar-2024,2024-04-01,2024-04-01,138,0
ORD-103039,SUP-016,West,Perishables,CarrierA,05/18/2024,2024-05-23,2024-05-23,159,0
ORD-101162,SUP-004,,Apparel,CarrierB,2024/02/16,2024-02-19,2024-02-19,286,0
ORD-102459,SUP-009,Southeast,Perishables,CarrierA,2024-10-28,2024-11-07,2024-11-10,478,0
ORD-101651,SUP-017,Southeast,Industrial Parts,CarrierB,2024/11/06,2024-11-09,2024-11-09,75,0
ORD-103307,SUP-005,Northeast,Perishables,CarrierB,17-May-2024,2024-05-20,2024-05-20,78,0
ORD-102126,SUP-001,West,Electronics,CarrierD,12/27/2024,2024-12-30,2024-12-31,212,0
ORD-103735,SUP-003,,Home Goods,CarrierB,2024/05/12,2024-05-14,2024-05-14,321,0
ORD-100210,SUP-020,West,Apparel,CarrierC,18-Apr-2024,2024-04-23,2024-04-23,28,0
ORD-104432,SUP-008,Midwest,Perishables,CarrierC,23-Dec-2024,2024-12-28,2025-01-01,495,0
ORD-103532,SUP-013,West,Apparel,CarrierB,10/10/2024,2024-10-15,2024-10-15,499,0
ORD-104424,SUP-003,Southwest,Home Goods,CarrierC,2024-10-16,2024-10-23,2024-10-22,63,0
ORD-101723,SUP-019,Northeast,Home Goods,CarrierA,11/13/2024,2024-11-23,2024-11-26,263,0
ORD-103272,SUP-017,Midwest,Office Supplies,CarrierA,2024/02/15,2024-02-20,2024-02-20,335,0
ORD-101655,SUP-001,Northeast,Office Supplies,CarrierA,2024-03-13,2024-03-15,2024-03-24,144,0
ORD-103762,SUP-010,Southwest,Apparel,CarrierA,04-Jul-2024,2024-07-06,2024-07-06,22,0
ORD-103685,SUP-008,Southeast,Home Goods,CarrierC,2024/08/10,2024-08-15,2024-08-15,48,0
ORD-101005,SUP-010,West,Industrial Parts,CarrierC,2024-06-12,2024-06-19,2024-06-18,37,0
ORD-101240,SUP-016,West,Perishables,CarrierD,12/22/2024,2024-12-25,2024-12-25,294,0
ORD-105829,SUP-018,West,Apparel,CarrierB,08/24/2024,2024-08-26,2024-08-30,441,0
ORD-101857,SUP-001,West,Office Supplies,CarrierD,09/18/2024,2024-09-20,2024-09-21,65,0
ORD-103178,SUP-006,Southeast,Office Supplies,CarrierD,02/08/2024,2024-02-10,2024-02-28,23,0
ORD-102873,SUP-005,Midwest,Office Supplies,CarrierA,2024/03/15,2024-03-18,2024-03-18,492,0
ORD-104754,SUP-016,Midwest,Electronics,CarrierC,08/16/2024,2024-08-21,2024-08-20,457,0
ORD-105946,SUP-012,West,Home Goods,CarrierC,04/30/2024,2024-05-05,2024-05-05,383,0
ORD-105627,SUP-020,Southeast,Office Supplies,CarrierC,07-Jan-2024,2024-01-14,2024-01-14,250,0
ORD-105475,SUP-002,Northeast,Perishables,CarrierC,10-Sep-2024,2024-09-13,2024-09-19,255,0
ORD-101546,SUP-001,Southeast,Office Supplies,CarrierB,2024/10/16,2024-10-21,2024-10-24,142,0
ORD-104690,SUP-012,Midwest,Perishables,CarrierA,10/01/2024,2024-10-08,2024-10-08,180,0
ORD-100372,SUP-010,Southeast,Home Goods,CarrierB,2024-04-29,2024-05-06,2024-05-06,367,0
ORD-104106,SUP-020,Southwest,Perishables,CarrierA,2024/10/08,2024-10-13,2024-10-17,44,1
ORD-105162,SUP-019,Northeast,Perishables,CarrierA,11/28/2024,2024-11-30,2024-12-17,477,0
ORD-105459,SUP-010,West,Office Supplies,CarrierC,11-Dec-2024,2024-12-16,2024-12-16,484,0
ORD-103655,SUP-018,Northeast,Home Goods,CarrierC,2024-11-22,2024-11-24,2024-11-26,202,0
ORD-104389,SUP-010,Southeast,Apparel,CarrierB,09-Jul-2024,2024-07-11,2024-07-11,256,0
ORD-102105,SUP-020,West,Industrial Parts,CarrierC,2024-04-06,2024-04-09,2024-04-09,461,0
ORD-104927,SUP-013,Midwest,Office Supplies,CarrierC,2024-05-02,2024-05-12,2024-05-12,240,0
ORD-100834,SUP-009,Midwest,Perishables,CarrierB,10/31/2024,2024-11-03,2024-11-03,170,0
ORD-102843,SUP-019,Southwest,Perishables,CarrierD,2024/07/29,2024-07-31,2024-08-03,256,0
ORD-104281,SUP-007,Southeast,Industrial Parts,CarrierD,30-Jul-2024,2024-08-04,2024-08-03,154,0
ORD-104109,SUP-012,West,Office Supplies,CarrierC,08/09/2024,2024-08-12,2024-08-12,379,0
ORD-104104,SUP-010,Southeast,Industrial Parts,CarrierA,2024/02/24,2024-02-27,2024-02-27,320,0
ORD-103042,SUP-014,Southwest,Electronics,CarrierB,10-Apr-2024,2024-04-17,2024-04-17,145,0
ORD-103218,SUP-007,West,Electronics,CarrierC,2024-12-17,2024-12-24,2024-12-26,212,0
ORD-102399,SUP-004,Northeast,Office Supplies,CarrierA,29-May-2024,2024-05-31,2024-05-31,311,0
ORD-102730,SUP-004,Midwest,Perishables,CarrierD,2024-01-09,2024-01-12,2024-01-15,221,0
ORD-100205,SUP-020,West,Apparel,CarrierB,24-Feb-2024,2024-03-02,2024-03-02,233,0
ORD-101006,SUP-012,Southeast,Home Goods,CarrierA,2024-08-23,2024-08-26,2024-09-01,190,0
ORD-105242,SUP-015,Northeast,Office Supplies,CarrierB,2024-05-30,2024-06-06,2024-06-07,214,0
ORD-105742,SUP-012,West,Apparel,CarrierC,2024-10-10,2024-10-20,2024-10-19,208,0
ORD-105871,SUP-017,Southwest,Home Goods,CarrierC,10/04/2024,2024-10-11,2024-10-16,114,0
ORD-105952,SUP-018,Northeast,Apparel,CarrierD,08-Apr-2024,2024-04-15,2024-04-15,374,0
ORD-101564,SUP-018,Southwest,Office Supplies,CarrierA,10/19/2024,2024-10-26,2024-10-27,358,0
ORD-103331,SUP-016,West,Home Goods,CarrierA,03/09/2024,2024-03-12,2024-03-12,395,0
ORD-103015,SUP-009,Southeast,Perishables,CarrierA,2024/03/14,2024-03-16,2024-03-22,48,0
ORD-100951,SUP-011,West,Apparel,CarrierB,29-May-2024,2024-06-08,2024-06-08,378,0
ORD-104637,SUP-001,Midwest,Apparel,CarrierD,2024/08/08,2024-08-13,2024-08-12,427,0
ORD-105418,SUP-011,Southeast,Industrial Parts,CarrierB,11/25/2024,2024-11-28,2024-11-28,245,0
ORD-102270,SUP-010,Midwest,Electronics,CarrierB,27-Sep-2024,2024-09-30,2024-09-30,90,0
ORD-102103,SUP-007,West,Electronics,CarrierB,2024-09-30,2024-10-02,2024-10-02,84,0
ORD-102973,SUP-011,Southeast,Electronics,CarrierA,2024-07-24,2024-07-29,2024-07-29,456,0
ORD-102623,SUP-005,West,Electronics,CarrierB,03-Jul-2024,2024-07-08,2024-07-08,50,0
ORD-104535,SUP-004,Midwest,Industrial Parts,CarrierA,2024/12/13,2024-12-16,2024-12-15,375,0
ORD-102414,SUP-005,Northeast,Industrial Parts,CarrierA,07/05/2024,2024-07-12,2024-07-12,53,0
ORD-105088,SUP-017,Southeast,Home Goods,CarrierB,2024/12/15,2024-12-17,2024-12-23,258,0
ORD-104985,SUP-010,Southeast,Perishables,CarrierD,01/22/2024,2024-02-01,2024-02-02,18,1
ORD-102407,SUP-015,Midwest,Apparel,CarrierB,07-Jun-2024,2024-06-10,2024-06-10,167,0
ORD-103162,SUP-011,Southwest,Perishables,CarrierB,05/31/2024,2024-06-10,2024-06-17,180,0
ORD-101596,SUP-004,Northeast,Office Supplies,CarrierD,2024-08-27,2024-09-01,2024-09-01,66,0
ORD-100057,SUP-018,Southeast,Apparel,CarrierB,21-Jul-2024,2024-07-26,2024-07-25,481,0
ORD-103985,SUP-010,West,Electronics,CarrierB,05-Apr-2024,2024-04-10,2024-04-10,306,0
ORD-103784,SUP-002,Southwest,Office Supplies,CarrierA,18-Oct-2024,2024-10-28,2024-11-02,330,0
ORD-105247,SUP-001,West,Home Goods,CarrierC,06/12/2024,2024-06-19,2024-06-19,32,0
ORD-102696,SUP-002,Southeast,Apparel,CarrierC,08/21/2024,2024-08-26,2024-08-25,139,0
ORD-101958,SUP-008,Midwest,Industrial Parts,CarrierB,03/24/2024,2024-03-31,2024-03-30,445,0
ORD-102651,SUP-001,Midwest,,CarrierD,19-Aug-2024,2024-08-29,2024-09-02,417,0
ORD-105424,SUP-002,West,,CarrierA,24-Apr-2024,2024-04-29,2024-04-29,463,0
ORD-100646,SUP-017,West,Apparel,CarrierA,2024-12-14,2024-12-16,2024-12-15,486,0
ORD-102687,SUP-018,Midwest,Perishables,CarrierC,2024/09/20,2024-09-27,2024-09-27,396,0
ORD-103085,SUP-008,West,Home Goods,CarrierD,2024-03-22,2024-03-24,2024-03-24,49,0
ORD-104609,SUP-011,Southeast,Industrial Parts,CarrierC,02/17/2024,2024-02-19,2024-02-19,385,0
ORD-103766,SUP-020,West,Perishables,CarrierD,2024/04/05,2024-04-10,2024-04-10,449,0
ORD-105425,SUP-008,Midwest,Office Supplies,CarrierB,2024/10/29,2024-11-08,2024-11-07,326,0
ORD-102702,SUP-007,West,Apparel,CarrierD,2024/09/09,2024-09-16,2024-09-15,79,0
ORD-104408,SUP-016,Midwest,Electronics,CarrierA,04/02/2024,2024-04-07,2024-04-11,136,0
ORD-101615,SUP-009,Southeast,Home Goods,CarrierC,2024-12-06,2024-12-09,2024-12-09,422,0
ORD-103268,SUP-008,Southwest,Apparel,CarrierC,05-Dec-2024,2024-12-15,2024-12-15,237,0
ORD-103697,SUP-014,West,Electronics,CarrierB,2024/07/13,2024-07-16,,396,0
ORD-104679,SUP-001,Southeast,Office Supplies,CarrierC,2024/01/30,2024-02-09,2024-02-18,70,0
ORD-103353,SUP-016,Southeast,Apparel,CarrierC,05/30/2024,2024-06-01,2024-06-01,392,0
ORD-103630,SUP-013,,Office Supplies,CarrierB,12/12/2024,2024-12-17,2024-12-17,11,0
ORD-102000,SUP-013,Southwest,Industrial Parts,CarrierB,2024/02/29,2024-03-05,2024-03-05,55,0
ORD-101296,SUP-008,Northeast,Perishables,CarrierB,2024-04-22,2024-04-29,2024-04-29,347,0
ORD-102430,SUP-020,West,Industrial Parts,CarrierD,2024/06/24,2024-07-01,2024-07-12,219,0
ORD-100203,SUP-007,Midwest,Industrial Parts,CarrierB,29-Oct-2024,2024-11-08,2024-11-08,386,1
ORD-104172,SUP-008,Northeast,Office Supplies,CarrierA,2024-12-14,2024-12-19,2024-12-28,46,0
ORD-100518,SUP-014,Northeast,Apparel,CarrierD,2024-04-18,2024-04-23,2024-04-30,17,0
ORD-102968,SUP-020,Northeast,Perishables,CarrierA,06-Jan-2024,2024-01-11,2024-01-20,314,0
ORD-102815,SUP-012,Midwest,Electronics,CarrierB,2024-09-15,2024-09-22,2024-09-22,28,0
ORD-104775,SUP-011,Northeast,Electronics,CarrierC,06/09/2024,2024-06-12,2024-06-12,140,0
ORD-104044,SUP-008,Southwest,Perishables,CarrierD,21-Mar-2024,2024-03-28,2024-03-28,54,0
ORD-101859,SUP-016,Southwest,Electronics,CarrierA,05/19/2024,2024-05-21,2024-05-22,208,0
ORD-101817,SUP-016,Southwest,Electronics,CarrierA,07/05/2024,2024-07-15,2024-07-15,94,0
ORD-101077,SUP-015,Southwest,Industrial Parts,CarrierB,10/30/2024,2024-11-06,2024-11-08,334,0
ORD-104102,SUP-013,Southwest,Apparel,CarrierB,2024-03-07,2024-03-14,2024-03-14,167,0
ORD-101662,SUP-016,Midwest,Home Goods,CarrierC,2024/04/01,2024-04-11,2024-04-13,428,0
ORD-102951,SUP-012,Northeast,Perishables,CarrierB,29-May-2024,2024-06-03,2024-06-13,440,0
ORD-104586,SUP-004,Northeast,Home Goods,CarrierC,2024-10-19,2024-10-29,2024-11-04,226,0
ORD-103916,SUP-019,West,Home Goods,CarrierD,28-Jun-2024,2024-07-01,2024-07-01,227,0
ORD-104227,SUP-002,Northeast,Apparel,CarrierB,15-Feb-2024,2024-02-20,2024-02-22,416,0
ORD-105297,SUP-017,Southeast,,CarrierB,08/11/2024,2024-08-18,2024-08-20,103,0
ORD-104686,SUP-003,Midwest,Perishables,CarrierD,26-Jan-2024,2024-01-29,2024-01-29,451,0
ORD-102319,SUP-016,West,Industrial Parts,CarrierA,09-Feb-2024,2024-02-12,2024-02-12,276,0
ORD-103813,SUP-008,Southeast,,CarrierD,04-Feb-2024,2024-02-06,2024-02-14,75,0
ORD-104548,SUP-011,Southwest,Apparel,CarrierD,03/22/2024,2024-03-29,2024-03-29,161,0
ORD-102893,SUP-006,Northeast,Office Supplies,CarrierC,03/12/2024,2024-03-22,2024-03-27,251,0
ORD-101357,SUP-008,Midwest,Office Supplies,CarrierB,04/13/2024,2024-04-15,2024-04-15,304,0
ORD-105353,SUP-009,Southwest,Apparel,CarrierA,2024/12/05,2024-12-07,2024-12-07,499,0
ORD-100016,SUP-006,West,Home Goods,CarrierB,26-Nov-2024,2024-12-01,2024-12-01,367,0
ORD-102779,SUP-018,Southwest,Apparel,CarrierA,2024-10-15,2024-10-17,2024-10-20,353,0
ORD-103205,SUP-002,Northeast,Industrial Parts,CarrierD,31-Aug-2024,2024-09-03,2024-09-06,37,0
ORD-104455,SUP-011,Midwest,Apparel,CarrierD,23-Dec-2024,2024-12-30,2024-12-30,401,0
ORD-103301,SUP-011,Midwest,Perishables,CarrierC,2024/07/07,2024-07-10,2024-07-09,423,0
ORD-100761,SUP-008,Midwest,Home Goods,CarrierA,29-Feb-2024,2024-03-10,2024-03-09,79,0
ORD-104574,SUP-015,Midwest,Apparel,CarrierC,2024-07-17,2024-07-19,2024-07-19,392,0
ORD-101061,SUP-014,Southwest,Home Goods,CarrierB,2024/11/07,2024-11-14,2024-11-14,304,0
ORD-104569,SUP-020,West,Apparel,CarrierB,03/02/2024,2024-03-09,2024-03-10,198,0
ORD-105835,SUP-012,Southwest,Perishables,CarrierA,05/16/2024,2024-05-19,2024-05-22,20,0
ORD-102316,SUP-012,West,Industrial Parts,CarrierD,2024/10/20,2024-10-22,2024-10-23,35,0
ORD-103501,SUP-015,,Home Goods,CarrierC,2024-07-14,2024-07-21,2024-07-22,214,0
ORD-100190,SUP-019,West,Industrial Parts,CarrierD,2024/10/07,2024-10-09,2024-10-09,406,0
ORD-101971,SUP-006,Midwest,Industrial Parts,CarrierB,2024/08/23,2024-08-30,2024-09-05,369,0
ORD-100462,SUP-005,Southeast,Industrial Parts,CarrierB,28-Feb-2024,2024-03-02,2024-03-02,462,0
ORD-100484,SUP-004,Southwest,Industrial Parts,CarrierC,2024/04/18,2024-04-23,2024-04-26,441,0
ORD-101264,SUP-004,Southeast,Office Supplies,CarrierA,2024/10/12,2024-10-22,2024-10-22,260,0
ORD-102327,SUP-017,Southeast,Electronics,CarrierB,2024/04/22,2024-05-02,2024-05-06,303,0
ORD-101125,SUP-004,Southwest,Apparel,CarrierC,2024/03/21,2024-03-31,2024-03-31,277,0
ORD-102908,SUP-017,Southeast,Home Goods,CarrierA,22-Apr-2024,2024-04-24,2024-05-04,343,0
ORD-101370,SUP-018,Southeast,,CarrierB,2024/03/23,2024-04-02,2024-04-12,489,1
ORD-105744,SUP-009,Northeast,Home Goods,CarrierC,11/15/2024,2024-11-18,2024-11-18,27,0
ORD-102068,SUP-003,Southwest,Apparel,CarrierC,03-Feb-2024,2024-02-10,2024-02-09,151,0
ORD-105908,SUP-008,Midwest,Electronics,CarrierD,2024-12-07,2024-12-09,2024-12-09,494,0
ORD-104090,SUP-007,Northeast,Home Goods,CarrierB,2024-03-23,2024-03-30,2024-03-30,277,0
ORD-101470,SUP-010,West,Office Supplies,CarrierA,2024-04-09,2024-04-14,2024-04-14,437,0
ORD-104841,SUP-015,Midwest,Industrial Parts,CarrierC,2024-11-21,2024-11-26,2024-11-26,283,0
ORD-100110,SUP-009,Northeast,Electronics,CarrierA,06/29/2024,2024-07-04,2024-07-04,131,0
ORD-102345,SUP-017,Southeast,Home Goods,CarrierC,2024-11-05,2024-11-08,2024-11-08,477,0
ORD-105254,SUP-011,Southwest,Apparel,CarrierC,2024-07-19,2024-07-24,2024-07-24,422,0
ORD-101897,SUP-009,West,Office Supplies,CarrierB,04/22/2024,2024-04-27,2024-04-27,179,0
ORD-105474,SUP-020,West,Industrial Parts,CarrierB,15-Jul-2024,2024-07-25,2024-07-26,174,0
ORD-101172,SUP-017,Southeast,Perishables,CarrierD,21-Mar-2024,2024-03-28,2024-04-02,470,0
ORD-104784,SUP-019,Northeast,Office Supplies,CarrierA,2024-11-05,2024-11-12,2024-11-12,396,0
ORD-103229,SUP-008,Northeast,Perishables,CarrierA,2024-09-02,2024-09-04,2024-09-07,256,0
ORD-100232,SUP-004,Southeast,Home Goods,CarrierA,2024-10-11,2024-10-18,,364,0
ORD-101248,SUP-015,Northeast,Apparel,CarrierD,31-Aug-2024,2024-09-02,2024-09-06,158,0
ORD-104728,SUP-013,Midwest,Perishables,CarrierC,2024/11/18,2024-11-23,2024-11-27,84,0
ORD-101999,SUP-010,Southeast,Office Supplies,CarrierC,2024-12-03,2024-12-13,2024-12-12,90,0
ORD-102442,SUP-009,Northeast,Home Goods,CarrierD,2024-08-25,2024-09-01,2024-09-01,84,0
ORD-103743,SUP-020,Southeast,Home Goods,CarrierB,07/29/2024,2024-08-08,2024-08-13,182,0
ORD-104834,SUP-010,Northeast,Perishables,CarrierD,10/30/2024,2024-11-01,2024-11-01,37,0
ORD-104621,SUP-019,Southeast,Electronics,CarrierC,02/14/2024,2024-02-17,2024-02-17,388,0
ORD-103836,SUP-020,West,Perishables,CarrierA,10/10/2024,2024-10-17,2024-10-16,409,0
ORD-103127,SUP-002,Southwest,Perishables,CarrierC,13-Apr-2024,2024-04-18,2024-04-20,187,0
ORD-102285,SUP-012,Northeast,Apparel,CarrierC,08/11/2024,2024-08-18,2024-08-18,471,0
ORD-100933,SUP-014,Southwest,Industrial Parts,CarrierC,2024-07-21,2024-07-28,2024-07-28,53,0
ORD-101045,SUP-007,Midwest,Office Supplies,CarrierC,03/28/2024,2024-04-07,2024-04-08,107,0
ORD-102252,SUP-002,West,Apparel,CarrierA,2024-04-21,2024-04-28,2024-04-27,388,0
ORD-100448,SUP-004,Southwest,Home Goods,CarrierA,2024-03-28,2024-04-04,2024-04-06,408,0
ORD-100453,SUP-014,Southwest,Office Supplies,CarrierA,2024-03-01,2024-03-03,2024-03-03,112,0
ORD-102867,SUP-003,Midwest,Industrial Parts,CarrierA,2024-04-07,2024-04-12,2024-04-12,251,0
ORD-100012,SUP-001,Southwest,Perishables,CarrierA,11/18/2024,2024-11-20,2024-11-25,404,0
ORD-105550,SUP-018,West,Home Goods,CarrierC,16-Dec-2024,2024-12-19,2024-12-19,32,0
ORD-101387,SUP-010,Northeast,Office Supplies,CarrierC,07/12/2024,2024-07-15,2024-07-25,190,0
ORD-103803,SUP-017,Midwest,Home Goods,CarrierC,2024-05-02,2024-05-09,2024-05-08,190,0
ORD-103590,SUP-016,West,Office Supplies,CarrierC,2024/09/13,2024-09-16,2024-09-16,14,0
ORD-102801,SUP-013,Southwest,Office Supplies,CarrierD,2024-06-05,2024-06-15,2024-06-15,137,0
ORD-101885,SUP-015,Northeast,Industrial Parts,CarrierC,09-Sep-2024,2024-09-16,2024-09-18,50,0
ORD-105646,SUP-002,Midwest,Office Supplies,CarrierC,2024/03/24,2024-03-31,2024-03-31,371,0
ORD-105072,SUP-015,Northeast,Office Supplies,CarrierC,2024/05/06,2024-05-08,2024-05-08,1,0
ORD-103768,SUP-013,West,Perishables,CarrierC,04/14/2024,2024-04-21,2024-04-24,330,0
ORD-101021,SUP-008,Midwest,Electronics,CarrierC,2024-05-18,2024-05-25,2024-05-28,160,0
ORD-100836,SUP-011,Southwest,Home Goods,CarrierA,2024/04/16,2024-04-21,2024-04-20,424,0
ORD-101396,SUP-018,West,Home Goods,CarrierB,2024/05/06,2024-05-16,2024-05-16,320,0
ORD-104081,SUP-019,West,Perishables,CarrierB,2024/08/22,2024-09-01,2024-09-01,384,0
ORD-105755,SUP-006,Northeast,Apparel,CarrierC,02-Jan-2024,2024-01-07,2024-01-07,425,0
ORD-104463,SUP-009,Southwest,Industrial Parts,CarrierC,2024-08-04,2024-08-07,2024-08-07,464,0
ORD-102517,SUP-010,West,Electronics,CarrierD,26-May-2024,2024-06-02,2024-06-02,364,0
ORD-100791,SUP-001,Northeast,Home Goods,CarrierB,2024/02/22,2024-02-29,2024-02-29,340,0
ORD-103814,SUP-010,West,,CarrierD,02/27/2024,2024-03-01,2024-03-01,78,0
ORD-104283,SUP-008,Southwest,Office Supplies,CarrierC,2024/08/26,2024-08-31,2024-08-31,462,0
ORD-105771,SUP-006,Midwest,Electronics,CarrierD,03/18/2024,2024-03-28,2024-03-31,287,0
ORD-101216,SUP-011,West,Perishables,CarrierB,2024/04/04,2024-04-07,2024-04-07,328,0
ORD-104726,SUP-020,Southwest,Apparel,CarrierA,2024-04-24,2024-04-26,2024-04-26,297,0
ORD-105328,SUP-007,Southeast,Industrial Parts,CarrierC,2024/01/20,2024-01-30,2024-01-30,177,0
ORD-105214,SUP-003,Northeast,Apparel,CarrierA,14-Mar-2024,2024-03-24,2024-03-27,234,0
ORD-100863,SUP-018,Midwest,Apparel,CarrierC,11/28/2024,2024-12-01,2024-12-01,327,0
ORD-100104,SUP-010,Southwest,Electronics,CarrierB,2024/01/25,2024-02-04,2024-02-04,117,0
ORD-101344,SUP-004,Southwest,Home Goods,CarrierB,2024-01-17,2024-01-24,2024-01-27,333,0
ORD-101494,SUP-010,Northeast,Office Supplies,CarrierB,2024-05-18,2024-05-20,2024-05-20,96,0
ORD-105596,SUP-013,Southeast,Industrial Parts,CarrierD,23-Jan-2024,2024-01-25,2024-01-25,38,0
ORD-101268,SUP-013,West,Office Supplies,CarrierA,2024/03/02,2024-03-12,2024-03-12,167,0
ORD-102313,SUP-012,Midwest,Home Goods,CarrierA,03/29/2024,2024-04-03,2024-04-03,412,1
ORD-101540,SUP-001,Southwest,Apparel,CarrierC,2024/11/04,2024-11-06,2024-11-15,392,0
ORD-100516,SUP-020,Northeast,Electronics,CarrierD,2024-05-22,2024-05-25,2024-06-03,178,0
ORD-102089,SUP-012,Northeast,Apparel,CarrierA,2024/08/19,2024-08-24,2024-08-24,330,0
ORD-105227,SUP-014,Southeast,Electronics,CarrierC,2024/06/20,2024-06-23,2024-06-23,28,0
ORD-102684,SUP-001,West,Apparel,CarrierA,19-Aug-2024,2024-08-22,2024-09-02,236,0
ORD-103387,SUP-011,Southeast,Electronics,CarrierD,2024-04-07,2024-04-10,2024-04-09,313,0
ORD-103677,SUP-013,Southwest,Apparel,CarrierC,2024-10-13,2024-10-23,2024-10-23,250,0
ORD-102606,SUP-008,Southeast,Electronics,CarrierC,07/11/2024,2024-07-21,2024-07-21,172,0
ORD-104765,SUP-001,West,Home Goods,CarrierB,06-Oct-2024,2024-10-09,2024-10-08,103,0
ORD-105847,SUP-006,Southwest,Electronics,CarrierB,05-Jun-2024,2024-06-08,2024-06-09,279,0
ORD-102213,SUP-001,Southwest,Perishables,CarrierD,2024/05/17,2024-05-22,2024-05-27,214,0
ORD-105202,SUP-005,Southeast,Home Goods,CarrierC,25-Jun-2024,2024-07-02,2024-07-01,204,0
ORD-102098,SUP-004,Midwest,,CarrierB,2024/07/10,2024-07-20,2024-07-24,99,0
ORD-105671,SUP-014,West,Electronics,CarrierD,09/13/2024,2024-09-16,2024-09-16,361,0
ORD-104622,SUP-014,Northeast,Industrial Parts,CarrierA,25-Dec-2024,2025-01-01,2025-01-01,358,0
ORD-102334,SUP-016,Southeast,Electronics,CarrierC,15-Dec-2024,2024-12-22,2024-12-24,237,0
ORD-100159,SUP-005,West,Electronics,CarrierD,08/06/2024,2024-08-13,2024-08-13,10,0
ORD-104688,SUP-009,Midwest,Office Supplies,CarrierC,24-Mar-2024,2024-04-03,2024-04-02,365,0
ORD-103866,SUP-001,Southeast,Perishables,CarrierC,06/01/2024,2024-06-06,2024-06-08,438,0
ORD-104534,SUP-010,Southeast,Office Supplies,CarrierC,2024/12/07,2024-12-17,2024-12-17,346,0
ORD-101134,SUP-017,Southeast,Home Goods,CarrierC,10/30/2024,2024-11-09,2024-11-13,416,0
ORD-102397,SUP-006,Northeast,Perishables,CarrierB,18-Jan-2024,2024-01-21,2024-01-29,481,0
ORD-105526,SUP-002,West,Industrial Parts,CarrierA,2024-03-31,2024-04-02,2024-04-06,86,0
ORD-100678,SUP-007,West,Home Goods,CarrierB,10/26/2024,2024-11-02,2024-11-02,249,0
ORD-105638,SUP-020,Southwest,Apparel,CarrierC,2024-04-23,2024-05-03,2024-05-02,469,0
ORD-103498,SUP-001,Southwest,Office Supplies,CarrierD,06-Mar-2024,2024-03-16,2024-03-24,36,0
ORD-101246,SUP-006,Southwest,Home Goods,CarrierD,06/20/2024,2024-06-22,2024-06-24,475,0
ORD-100165,SUP-013,Southwest,Apparel,CarrierB,2024-09-24,2024-09-27,2024-10-03,358,0
ORD-102812,SUP-013,Southwest,Electronics,CarrierD,2024-06-16,2024-06-21,2024-06-21,24,0
ORD-104558,SUP-012,Southeast,Home Goods,CarrierB,06/14/2024,2024-06-17,2024-06-17,441,0
ORD-100394,SUP-019,Midwest,Apparel,CarrierA,11/18/2024,2024-11-23,2024-12-04,194,0
ORD-101550,SUP-019,Southeast,Perishables,CarrierC,31-Jan-2024,2024-02-05,2024-02-05,289,0
ORD-104445,SUP-016,Southeast,Office Supplies,CarrierA,2024/03/24,2024-03-26,2024-03-26,273,0
ORD-104646,SUP-014,Southwest,Home Goods,CarrierC,2024-01-03,2024-01-08,2024-01-07,199,0
ORD-101676,SUP-012,Northeast,Industrial Parts,CarrierA,2024-10-05,2024-10-12,2024-10-19,357,0
ORD-102457,SUP-015,West,Electronics,CarrierC,02/24/2024,2024-02-27,2024-02-27,438,0
ORD-102227,SUP-006,Northeast,Home Goods,CarrierD,2024/01/18,2024-01-28,2024-01-27,261,0
ORD-101620,SUP-001,Southeast,Home Goods,CarrierB,2024/02/16,2024-02-18,2024-02-17,42,0
ORD-100995,SUP-001,Northeast,Apparel,CarrierC,2024/02/27,2024-03-05,2024-03-04,252,1
ORD-104496,SUP-017,Midwest,Office Supplies,CarrierD,2024/01/05,2024-01-10,2024-01-09,116,0
ORD-101145,SUP-008,Midwest,Industrial Parts,CarrierA,04/03/2024,2024-04-05,2024-04-05,31,0
ORD-102043,SUP-007,Southeast,Home Goods,CarrierB,06/29/2024,2024-07-09,2024-07-09,76,0
ORD-101495,SUP-010,Southeast,Home Goods,CarrierD,21-Nov-2024,2024-11-23,2024-11-23,344,0
ORD-102838,SUP-004,Northeast,,CarrierA,2024-04-12,2024-04-19,2024-04-24,108,0
ORD-103611,SUP-019,Southwest,Office Supplies,CarrierD,21-Jan-2024,2024-01-31,2024-01-30,95,0
ORD-101435,SUP-014,Southwest,Industrial Parts,CarrierD,2024/10/25,2024-11-04,2024-11-04,432,0
ORD-102610,SUP-019,Midwest,Home Goods,CarrierD,2024/05/31,2024-06-07,2024-06-07,333,0
ORD-102809,SUP-005,Southwest,Home Goods,CarrierD,2024/08/18,2024-08-21,2024-08-21,258,1
ORD-105132,SUP-010,Northeast,Apparel,CarrierD,05/21/2024,2024-05-24,2024-05-23,405,0
ORD-103831,SUP-020,Northeast,Industrial Parts,CarrierD,2024-05-24,2024-05-31,2024-05-31,57,0
ORD-102164,SUP-006,West,,CarrierC,09/21/2024,2024-10-01,2024-10-04,13,0
ORD-102582,SUP-001,Northeast,Industrial Parts,CarrierC,11-Jan-2024,2024-01-14,2024-01-21,41,0
ORD-104860,SUP-014,Midwest,Apparel,CarrierB,2024/11/22,2024-11-24,2024-11-23,470,0
ORD-100037,SUP-007,Southwest,Office Supplies,CarrierC,12/12/2024,2024-12-17,2024-12-16,99,0
ORD-101300,SUP-004,Southwest,Apparel,CarrierB,2024-04-30,2024-05-03,2024-05-03,216,0
ORD-102064,SUP-003,Midwest,Perishables,CarrierB,11-Sep-2024,2024-09-16,2024-09-20,24,0
ORD-104444,SUP-013,Southwest,Office Supplies,CarrierC,03/28/2024,2024-03-31,2024-03-31,350,0
ORD-104012,SUP-009,Southeast,Apparel,CarrierB,26-Jul-2024,2024-07-31,2024-07-31,23,0
ORD-102363,SUP-004,Northeast,Electronics,CarrierC,10-Aug-2024,2024-08-12,2024-08-12,313,0
ORD-105003,SUP-011,Midwest,Perishables,CarrierD,2024/01/09,2024-01-19,2024-01-19,146,0
ORD-105509,SUP-008,West,Industrial Parts,CarrierC,2024-12-11,2024-12-14,2024-12-14,194,0
ORD-102197,SUP-002,Northeast,Home Goods,CarrierD,2024/01/14,2024-01-21,2024-01-23,472,0
ORD-101185,SUP-011,Southeast,Electronics,CarrierA,2024/06/02,2024-06-07,2024-06-07,103,0
ORD-101031,SUP-010,West,Home Goods,CarrierC,14-Oct-2024,2024-10-16,2024-10-16,337,0
ORD-100322,SUP-010,Midwest,Office Supplies,CarrierA,2024/02/13,2024-02-23,2024-02-23,244,0
ORD-100011,SUP-001,Midwest,Industrial Parts,CarrierA,02/11/2024,2024-02-14,2024-02-21,2,0
ORD-102720,SUP-020,Southwest,Electronics,CarrierC,2024-11-29,2024-12-02,2024-12-02,342,0
ORD-100017,SUP-001,West,Industrial Parts,CarrierA,07/01/2024,2024-07-08,2024-07-10,373,0
ORD-103057,SUP-009,Northeast,Industrial Parts,CarrierB,2024/12/11,2024-12-18,2024-12-18,118,0
ORD-103577,SUP-014,Midwest,Apparel,CarrierB,2024-09-08,2024-09-15,2024-09-14,362,0
ORD-105920,SUP-003,Southeast,Office Supplies,CarrierC,05/28/2024,2024-06-02,2024-06-07,201,0
ORD-100372,SUP-010,Southeast,Home Goods,CarrierB,29-Apr-2024,2024-05-06,2024-05-06,367,0
ORD-102567,SUP-010,Midwest,Home Goods,CarrierA,2024/12/28,2025-01-04,2025-01-04,306,0
ORD-104089,SUP-001,Southeast,Electronics,CarrierC,2024/11/20,2024-11-23,2024-11-25,218,0
ORD-103849,SUP-003,Midwest,Home Goods,CarrierC,2024/05/28,2024-05-31,2024-05-31,340,0
ORD-104699,SUP-007,Midwest,Electronics,CarrierD,2024-07-09,2024-07-14,2024-07-14,235,0
ORD-102273,SUP-019,Southwest,Industrial Parts,CarrierA,05/27/2024,2024-06-01,2024-05-31,58,0
ORD-101310,SUP-007,Southwest,Office Supplies,CarrierA,05-Feb-2024,2024-02-08,2024-02-07,138,0
ORD-101759,SUP-008,Southeast,Electronics,CarrierC,2024-11-07,2024-11-10,2024-11-10,157,0
ORD-101228,SUP-014,Northeast,Perishables,CarrierC,2024-04-13,2024-04-18,2024-04-18,18,0
ORD-100579,SUP-019,Northeast,Industrial Parts,CarrierB,11/27/2024,2024-12-07,2024-12-11,321,0
ORD-100019,SUP-001,,Perishables,CarrierA,2024/03/10,2024-03-12,2024-03-17,223,0
ORD-100800,SUP-019,West,Office Supplies,CarrierB,2024-10-11,2024-10-13,2024-10-12,422,0
ORD-101395,SUP-011,Southwest,Home Goods,CarrierB,2024/05/05,2024-05-08,2024-05-07,309,0
ORD-102661,SUP-020,Southeast,Office Supplies,CarrierA,2024/01/08,2024-01-15,2024-01-15,134,0
ORD-102978,SUP-016,Southeast,Office Supplies,CarrierA,2024/11/24,2024-11-27,2024-11-27,24,0
ORD-103253,SUP-013,Midwest,Home Goods,CarrierD,2024-10-21,2024-10-26,2024-10-26,414,0
ORD-102015,SUP-011,Southwest,Apparel,CarrierC,2024-06-13,2024-06-15,2024-06-14,278,0
ORD-104804,SUP-010,Southwest,Home Goods,CarrierA,2024/02/15,2024-02-17,2024-02-17,393,1
ORD-104587,SUP-010,Midwest,Industrial Parts,CarrierC,08/31/2024,2024-09-10,2024-09-14,495,0
ORD-105563,SUP-008,West,Home Goods,CarrierA,12/18/2024,2024-12-25,2024-12-25,61,0
ORD-102470,SUP-003,West,,CarrierB,08/21/2024,2024-08-26,2024-08-26,219,0
ORD-102246,SUP-008,Northeast,Office Supplies,CarrierB,29-Mar-2024,2024-03-31,2024-03-31,181,0
ORD-105370,SUP-012,Midwest,Industrial Parts,CarrierD,12-Jul-2024,2024-07-17,2024-07-17,341,0
ORD-102900,SUP-004,Midwest,Industrial Parts,CarrierC,12/23/2024,2024-12-30,2025-01-01,205,0
ORD-100494,SUP-012,Northeast,Industrial Parts,CarrierB,2024/01/05,2024-01-07,2024-01-15,321,0
ORD-104583,SUP-015,Southwest,Apparel,CarrierB,2024-11-15,2024-11-25,2024-11-24,361,0
ORD-101578,SUP-009,West,Perishables,CarrierB,2024/08/24,2024-08-27,2024-09-06,257,0
ORD-105594,SUP-001,Midwest,Home Goods,CarrierD,2024-05-20,2024-05-22,2024-05-22,163,0
ORD-102257,SUP-010,Northeast,,CarrierB,2024-01-16,2024-01-19,2024-01-19,373,0
ORD-101951,SUP-018,Southeast,Office Supplies,CarrierA,2024/08/16,2024-08-18,2024-08-26,26,0
ORD-105925,SUP-018,Northeast,Electronics,CarrierB,17-Feb-2024,2024-02-27,2024-02-27,296,0
ORD-101918,SUP-009,Midwest,Apparel,CarrierC,16-Dec-2024,2024-12-19,2024-12-18,377,0
ORD-104145,SUP-014,Northeast,Perishables,CarrierD,09-Mar-2024,2024-03-11,2024-03-11,440,0
ORD-105862,SUP-010,Northeast,Industrial Parts,CarrierB,11/29/2024,2024-12-06,2024-12-06,280,0
ORD-100946,SUP-018,Northeast,Electronics,CarrierD,2024-05-12,2024-05-17,2024-05-21,107,0
ORD-102963,SUP-020,Southwest,Perishables,CarrierA,17-Jan-2024,2024-01-27,2024-01-30,422,0
ORD-103181,SUP-005,Midwest,Perishables,CarrierD,2024/05/19,2024-05-22,2024-05-22,178,0
ORD-103529,SUP-016,Northeast,Perishables,CarrierD,01/31/2024,2024-02-10,2024-02-10,108,0
ORD-103169,SUP-015,Northeast,Electronics,CarrierB,2024/07/06,2024-07-09,2024-07-09,23,0
ORD-105770,SUP-020,Midwest,Industrial Parts,CarrierB,2024-07-06,2024-07-08,2024-07-08,455,0
ORD-104716,SUP-003,Midwest,,CarrierD,2024/03/24,2024-03-27,2024-04-02,421,0
ORD-105335,SUP-014,Southeast,,CarrierC,04/03/2024,2024-04-10,2024-04-16,176,0
ORD-101225,SUP-014,Northeast,Apparel,CarrierD,03-Oct-2024,2024-10-05,2024-10-05,124,0
ORD-100324,SUP-001,Northeast,Perishables,CarrierB,02/25/2024,2024-03-01,2024-03-05,428,0
ORD-101657,SUP-020,,Electronics,CarrierC,11/07/2024,2024-11-14,2024-11-14,318,0
ORD-100086,SUP-015,Southeast,Office Supplies,CarrierC,2024-02-25,2024-03-06,2024-03-09,492,0
ORD-104552,SUP-014,West,Industrial Parts,CarrierC,08/20/2024,2024-08-25,2024-08-24,111,0
ORD-100090,SUP-020,Northeast,Apparel,CarrierC,2024/12/02,2024-12-05,2024-12-05,427,0
ORD-102188,SUP-009,Northeast,Perishables,CarrierC,12/03/2024,2024-12-13,2024-12-17,118,0
ORD-103444,SUP-006,West,Apparel,CarrierC,2024-02-11,2024-02-13,2024-03-02,155,0
ORD-101729,SUP-019,Southwest,Electronics,CarrierC,2024-06-27,2024-06-29,2024-06-29,163,0
ORD-103802,SUP-016,Southwest,Electronics,CarrierA,08/21/2024,2024-08-24,2024-08-30,341,0
ORD-100480,SUP-008,West,Apparel,CarrierD,2024/03/11,2024-03-21,2024-03-21,400,0
ORD-104972,SUP-017,Midwest,Home Goods,CarrierC,09/23/2024,2024-09-25,2024-09-29,250,0
ORD-100157,SUP-001,Midwest,Apparel,CarrierD,2024-05-27,2024-05-30,2024-06-03,111,0
ORD-105113,SUP-019,West,Office Supplies,CarrierA,25-Feb-2024,2024-03-03,2024-03-02,192,0
ORD-104319,SUP-017,Southeast,Home Goods,CarrierD,10/15/2024,2024-10-25,2024-10-31,208,0
ORD-105861,SUP-012,Northeast,Apparel,CarrierC,2024-07-14,2024-07-21,2024-07-21,101,0
ORD-105407,SUP-005,West,Perishables,CarrierC,2024/09/27,2024-09-29,2024-09-29,279,0
ORD-104850,SUP-012,Southwest,Home Goods,CarrierD,2024/05/21,2024-05-28,2024-05-30,113,0
ORD-103705,SUP-001,Southwest,Office Supplies,CarrierA,2024/01/09,2024-01-12,2024-01-20,108,0
ORD-101044,SUP-015,West,Perishables,CarrierA,2024-07-27,2024-08-01,2024-08-05,34,1
ORD-105116,SUP-005,Southwest,Home Goods,CarrierC,08-Sep-2024,2024-09-15,2024-09-15,223,0
ORD-104221,SUP-008,Midwest,Perishables,CarrierD,2024/12/20,2024-12-27,2024-12-26,181,0
ORD-105612,SUP-008,Northeast,Office Supplies,CarrierB,2024-01-25,2024-01-27,2024-01-28,189,0
ORD-103285,SUP-020,Midwest,Perishables,CarrierA,12/20/2024,2024-12-25,2024-12-24,246,0
ORD-103383,SUP-014,Northeast,Office Supplies,CarrierA,2024-10-29,2024-10-31,2024-11-04,337,0
ORD-105269,SUP-020,Southeast,Home Goods,CarrierA,13-Nov-2024,2024-11-23,2024-11-23,318,0
ORD-103658,SUP-006,Southeast,Home Goods,CarrierC,2024-01-13,2024-01-20,2024-01-20,171,0
ORD-104128,SUP-013,Southeast,Industrial Parts,CarrierA,17-Jul-2024,2024-07-20,2024-07-19,296,0
ORD-105255,SUP-017,West,Electronics,CarrierB,27-Oct-2024,2024-10-29,2024-10-29,194,0
ORD-100913,SUP-020,Southeast,Perishables,CarrierA,16-Apr-2024,2024-04-18,2024-04-20,490,0
ORD-101262,SUP-011,Southeast,Electronics,CarrierC,2024-07-24,2024-08-03,2024-08-02,228,0
ORD-100769,SUP-015,Northeast,Industrial Parts,CarrierB,08/30/2024,2024-09-01,2024-09-11,109,0
ORD-100003,SUP-006,Southwest,Industrial Parts,CarrierD,2024-03-09,2024-03-14,2024-03-16,190,0
ORD-100230,SUP-017,West,Office Supplies,CarrierA,12/05/2024,2024-12-10,2024-12-10,410,0
ORD-101488,SUP-017,Southeast,Industrial Parts,CarrierB,12/07/2024,2024-12-09,2024-12-13,371,0
ORD-101419,SUP-002,Midwest,Electronics,CarrierC,2024-07-13,2024-07-15,2024-07-18,281,0
ORD-104531,SUP-018,West,Office Supplies,CarrierD,2024/08/29,2024-09-01,2024-08-31,194,0
ORD-104035,SUP-005,,Home Goods,CarrierB,2024/02/13,2024-02-20,2024-02-20,381,0
ORD-101004,SUP-009,West,Electronics,CarrierB,2024-05-02,2024-05-04,2024-05-11,61,0
ORD-105445,SUP-015,Midwest,Apparel,CarrierB,10/12/2024,2024-10-17,2024-10-17,417,0
ORD-103573,SUP-007,West,Office Supplies,CarrierA,2024-04-04,2024-04-09,2024-04-09,186,0
ORD-100965,SUP-003,,Apparel,CarrierC,29-Nov-2024,2024-12-01,2024-12-01,77,0
ORD-104831,SUP-009,Northeast,Industrial Parts,CarrierD,2024-12-10,2024-12-13,2024-12-12,126,0
ORD-103025,SUP-016,Northeast,Apparel,CarrierD,23-Jan-2024,2024-01-25,2024-01-25,33,0
ORD-101113,SUP-010,Southwest,Electronics,CarrierB,2024/03/16,2024-03-23,,481,0
ORD-104846,SUP-018,Southeast,Office Supplies,CarrierA,14-Sep-2024,2024-09-17,2024-09-25,1,0
ORD-103001,SUP-014,West,Electronics,CarrierB,2024/11/18,2024-11-23,2024-11-22,323,0
ORD-104302,SUP-012,Northeast,Office Supplies,CarrierD,19-Feb-2024,2024-02-22,2024-02-22,327,0
ORD-103265,SUP-010,Northeast,Office Supplies,CarrierB,2024/12/28,2025-01-04,2025-01-06,469,0
ORD-102545,SUP-007,West,Electronics,CarrierC,2024-09-16,2024-09-18,2024-09-18,248,0
ORD-101412,SUP-018,Northeast,Electronics,CarrierD,15-Oct-2024,2024-10-18,2024-10-19,490,0
ORD-104183,SUP-008,Midwest,Industrial Parts,CarrierA,2024/07/10,2024-07-15,2024-07-18,420,0
ORD-102618,SUP-004,Midwest,Perishables,CarrierB,01/07/2024,2024-01-17,2024-01-17,253,0
ORD-100921,SUP-007,Northeast,Office Supplies,CarrierC,2024/04/17,2024-04-19,2024-04-19,308,0
ORD-101552,SUP-020,Midwest,Perishables,CarrierA,2024-10-16,2024-10-26,2024-10-26,226,0
ORD-105982,SUP-012,Midwest,Electronics,CarrierB,2024-07-28,2024-08-02,2024-08-02,220,0
ORD-104619,SUP-009,Southwest,Electronics,CarrierA,2024/04/02,2024-04-07,2024-04-06,361,0
ORD-105012,SUP-004,Southwest,Perishables,CarrierA,13-Mar-2024,2024-03-23,2024-03-26,466,0
ORD-102488,SUP-002,Midwest,Industrial Parts,CarrierC,10-Mar-2024,2024-03-13,2024-03-12,1,0
ORD-100960,SUP-014,Southwest,Perishables,CarrierC,2024/08/05,2024-08-07,2024-08-10,454,0
ORD-104323,SUP-008,Southwest,Industrial Parts,CarrierC,2024/08/04,2024-08-14,2024-08-26,379,0
ORD-102685,SUP-011,Southeast,Electronics,CarrierA,24-Mar-2024,2024-03-31,2024-03-31,455,0
ORD-101039,SUP-016,Northeast,Office Supplies,CarrierB,04/14/2024,2024-04-17,2024-04-17,299,0
ORD-104508,SUP-019,West,Electronics,CarrierB,07/04/2024,2024-07-06,2024-07-10,413,0
ORD-102039,SUP-009,Midwest,Perishables,CarrierA,2024/10/21,2024-10-26,2024-10-26,79,0
ORD-104880,SUP-007,Northeast,Office Supplies,CarrierB,2024/06/24,2024-06-29,2024-06-29,152,0
ORD-102343,SUP-005,Southeast,Home Goods,CarrierA,2024-06-29,2024-07-02,2024-07-01,442,0
ORD-102634,SUP-003,,Apparel,CarrierB,22-Oct-2024,2024-10-27,2024-11-04,305,0
ORD-100393,SUP-001,West,Electronics,CarrierB,2024-11-03,2024-11-08,2024-11-12,413,0
ORD-101634,SUP-010,West,Industrial Parts,CarrierB,03/15/2024,2024-03-17,2024-03-16,77,0
ORD-103761,SUP-004,Northeast,Perishables,CarrierA,2024/03/20,2024-03-22,2024-03-26,198,0
ORD-102753,SUP-017,West,Electronics,CarrierB,2024-08-02,2024-08-09,2024-08-19,316,0
ORD-102776,SUP-007,Midwest,Electronics,CarrierA,04-Jan-2024,2024-01-11,2024-01-15,137,0
ORD-100551,SUP-005,Southeast,Industrial Parts,CarrierD,01/15/2024,2024-01-18,2024-01-17,296,0
ORD-103176,SUP-020,Southwest,Electronics,CarrierB,07/24/2024,2024-07-26,2024-07-27,219,0
ORD-101625,SUP-002,West,,CarrierC,11/07/2024,2024-11-09,2024-11-11,2,0
ORD-102452,SUP-019,Northeast,Apparel,CarrierA,04/23/2024,2024-04-25,2024-04-25,453,0
ORD-104528,SUP-001,Southeast,Electronics,CarrierB,2024/08/24,2024-09-03,2024-09-10,366,0
ORD-105377,SUP-010,Northeast,Industrial Parts,CarrierC,21-Jun-2024,2024-07-01,2024-07-01,225,0
ORD-103828,SUP-009,West,Office Supplies,CarrierA,15-Nov-2024,2024-11-20,2024-11-20,219,0
ORD-105174,SUP-013,Southwest,Home Goods,CarrierD,2024/06/25,2024-07-02,2024-07-02,141,0
ORD-102196,SUP-007,West,Apparel,CarrierB,11/03/2024,2024-11-08,2024-11-07,297,0
ORD-102226,SUP-019,Midwest,Office Supplies,CarrierB,09/19/2024,2024-09-22,2024-09-26,66,0
ORD-102635,SUP-012,Northeast,Apparel,CarrierA,27-Feb-2024,2024-03-05,2024-03-11,56,0
ORD-104215,SUP-016,West,Home Goods,CarrierA,12/13/2024,2024-12-20,2024-12-20,440,0
ORD-100703,SUP-015,Southeast,Apparel,CarrierA,2024-11-03,2024-11-06,2024-11-10,286,0
ORD-100823,SUP-010,Midwest,Perishables,CarrierC,14-Oct-2024,2024-10-16,2024-10-16,205,0
ORD-102640,SUP-001,Northeast,Apparel,CarrierD,02-Mar-2024,2024-03-04,2024-03-04,496,0
ORD-100544,SUP-019,Southeast,Electronics,CarrierD,05/28/2024,2024-06-07,2024-06-11,433,0
ORD-104999,SUP-010,,Perishables,CarrierA,03-May-2024,2024-05-08,2024-05-08,76,0
ORD-104826,SUP-014,Southeast,Apparel,CarrierA,2024/04/21,2024-05-01,2024-05-01,351,0
ORD-104786,SUP-004,Southeast,Perishables,CarrierD,2024/01/25,2024-02-04,2024-02-04,54,1
ORD-102588,SUP-011,Southeast,Perishables,CarrierB,2024-08-22,2024-08-24,2024-08-23,147,0
ORD-104442,SUP-004,Southwest,Perishables,CarrierC,11-Jul-2024,2024-07-13,2024-07-15,402,0
ORD-100901,SUP-001,Midwest,Perishables,CarrierA,03-Apr-2024,2024-04-13,2024-04-13,41,0
ORD-101666,SUP-008,Southeast,Office Supplies,CarrierA,06/29/2024,2024-07-04,2024-07-08,321,0
ORD-103500,SUP-001,Southeast,Office Supplies,CarrierD,2024-06-21,2024-06-23,2024-06-26,315,0
ORD-101335,SUP-015,Southwest,Electronics,CarrierA,2024-11-01,2024-11-06,2024-11-06,211,0
ORD-101561,SUP-016,Northeast,Office Supplies,CarrierD,2024/11/07,2024-11-14,2024-11-14,70,0
ORD-104317,SUP-007,,Home Goods,CarrierC,05/28/2024,2024-05-30,2024-05-30,369,0
ORD-104748,SUP-007,Southwest,Apparel,CarrierD,02/15/2024,2024-02-25,2024-02-25,435,0
ORD-100194,SUP-010,Southeast,Perishables,CarrierC,2024/09/03,2024-09-06,2024-09-06,7,0
ORD-105605,SUP-004,Southeast,Home Goods,CarrierD,2024/05/07,2024-05-09,2024-05-16,385,0
ORD-104557,SUP-003,Midwest,Apparel,CarrierA,2024/03/11,2024-03-14,2024-03-22,309,0
ORD-101406,SUP-007,Northeast,Home Goods,CarrierC,01/14/2024,2024-01-19,2024-01-19,52,0
ORD-103551,SUP-016,Midwest,Electronics,CarrierD,2024/02/26,2024-03-04,2024-03-03,84,0
ORD-100659,SUP-004,Midwest,Home Goods,CarrierC,11-Jun-2024,2024-06-21,2024-06-23,324,0
ORD-103701,SUP-013,Northeast,Industrial Parts,CarrierB,2024-11-21,2024-11-26,2024-11-29,337,0
ORD-104953,SUP-013,Midwest,Apparel,CarrierC,05/07/2024,2024-05-10,2024-05-09,442,0
ORD-101758,SUP-019,Northeast,Perishables,CarrierA,06/21/2024,2024-06-28,2024-07-01,470,0
ORD-100994,SUP-016,Midwest,Office Supplies,CarrierC,2024/05/28,2024-05-31,2024-06-02,465,0
ORD-101998,SUP-011,Northeast,Industrial Parts,CarrierA,2024-04-16,2024-04-19,2024-04-18,493,0
ORD-103155,SUP-019,West,Industrial Parts,CarrierC,03-Nov-2024,2024-11-13,2024-11-13,216,0
ORD-105872,SUP-003,West,Office Supplies,CarrierA,2024/11/19,2024-11-26,2024-11-26,419,0
ORD-103589,SUP-004,Southeast,Perishables,CarrierA,01/06/2024,2024-01-09,2024-01-22,7,0
ORD-102820,SUP-015,Midwest,Apparel,CarrierC,2024-06-08,2024-06-11,2024-06-10,29,0
ORD-101941,SUP-012,West,Industrial Parts,CarrierC,2024/04/06,2024-04-09,2024-04-10,404,0
ORD-101126,SUP-016,Northeast,Perishables,CarrierA,2024/01/07,2024-01-12,2024-01-11,417,1
ORD-104776,SUP-014,Midwest,Perishables,CarrierC,2024-05-08,2024-05-15,2024-05-15,458,0
ORD-104148,SUP-005,Midwest,Apparel,CarrierA,2024-04-13,2024-04-23,2024-04-23,222,0
ORD-104571,SUP-016,Northeast,Apparel,CarrierC,08/08/2024,2024-08-10,2024-08-10,1,0
ORD-100218,SUP-018,Midwest,Industrial Parts,CarrierA,2024-05-30,2024-06-09,2024-06-08,118,0
ORD-102941,SUP-018,,Industrial Parts,CarrierA,05/02/2024,2024-05-04,2024-05-04,461,0
ORD-101413,SUP-016,Midwest,Office Supplies,CarrierA,01/09/2024,2024-01-19,2024-01-19,442,0
ORD-105141,SUP-001,Southeast,Office Supplies,CarrierD,2024/08/22,2024-08-24,2024-08-27,66,0
ORD-100771,SUP-007,Midwest,Office Supplies,CarrierA,2024/04/07,2024-04-10,2024-04-09,91,0
ORD-105979,SUP-007,Midwest,Industrial Parts,CarrierC,2024-01-27,2024-02-06,2024-02-06,109,0
ORD-100013,SUP-001,Southwest,Home Goods,CarrierA,02/28/2024,2024-03-06,2024-03-12,366,0
ORD-104286,SUP-015,Southwest,Electronics,CarrierD,05/02/2024,2024-05-07,2024-05-09,188,0
ORD-105248,SUP-009,West,Industrial Parts,CarrierA,2024/12/01,2024-12-11,2024-12-11,352,0
ORD-101160,SUP-015,Southeast,Electronics,CarrierC,2024-02-26,2024-02-28,2024-02-29,10,0
ORD-104873,SUP-007,Northeast,Electronics,CarrierB,2024-03-25,2024-03-28,2024-03-27,402,0
ORD-102076,SUP-014,Southwest,Electronics,CarrierD,07/06/2024,2024-07-09,2024-07-09,168,0
ORD-102274,SUP-020,Southeast,Apparel,CarrierA,2024/02/14,2024-02-16,2024-02-16,370,0
ORD-100133,SUP-009,Northeast,Apparel,CarrierD,01/04/2024,2024-01-14,2024-01-14,455,0
ORD-102537,SUP-010,West,Perishables,CarrierB,07/13/2024,2024-07-16,2024-07-19,134,0
ORD-103741,SUP-009,Southeast,Home Goods,CarrierA,2024/10/09,2024-10-19,2024-10-19,320,0
ORD-100827,SUP-018,West,Perishables,CarrierD,12/01/2024,2024-12-11,2024-12-14,117,0
ORD-105692,SUP-014,West,Electronics,CarrierC,10/30/2024,2024-11-01,2024-11-01,388,0
ORD-101847,SUP-004,West,Electronics,CarrierA,12/29/2024,2025-01-03,2025-01-09,372,0
ORD-103868,SUP-001,West,Electronics,CarrierA,05/14/2024,2024-05-21,2024-05-21,203,0
ORD-104474,SUP-015,Northeast,Perishables,CarrierA,2024/02/05,2024-02-10,2024-02-13,468,0
ORD-102897,SUP-008,Northeast,Industrial Parts,CarrierD,2024/08/05,2024-08-07,2024-08-07,419,0
ORD-103464,SUP-019,Southeast,Home Goods,CarrierD,2024-09-16,2024-09-23,2024-09-23,45,0
ORD-105249,SUP-006,Northeast,Apparel,CarrierB,2024/05/03,2024-05-05,2024-05-05,413,0
ORD-101298,SUP-004,Southeast,Home Goods,CarrierA,2024-04-06,2024-04-16,2024-04-16,433,0
ORD-102236,SUP-001,West,Perishables,CarrierC,11-May-2024,2024-05-13,2024-05-19,113,0
ORD-102772,SUP-009,Southeast,Perishables,CarrierB,2024/09/03,2024-09-06,2024-09-05,216,0
ORD-105626,SUP-020,Midwest,Electronics,CarrierD,2024-06-05,2024-06-10,2024-06-10,225,0
ORD-105486,SUP-006,Southeast,Industrial Parts,CarrierB,2024-07-01,2024-07-03,2024-07-03,483,0
ORD-104434,SUP-002,Northeast,Perishables,CarrierC,09/16/2024,2024-09-26,2024-09-30,363,0
ORD-104144,SUP-002,Southwest,Office Supplies,CarrierD,04-Oct-2024,2024-10-07,2024-10-08,491,0
ORD-103600,SUP-015,Northeast,Perishables,CarrierB,2024-04-14,2024-04-16,2024-04-16,227,0
ORD-103263,SUP-003,West,Perishables,CarrierB,15-Jan-2024,2024-01-25,2024-02-02,385,0
ORD-101094,SUP-018,Southeast,Industrial Parts,CarrierA,2024/01/11,2024-01-14,2024-01-13,34,0
ORD-103329,SUP-003,Northeast,Home Goods,CarrierC,12/14/2024,2024-12-21,2024-12-21,298,0
ORD-105760,SUP-006,Southeast,Apparel,CarrierD,2024/02/14,2024-02-17,2024-02-17,391,0
ORD-105492,SUP-017,Southwest,Apparel,CarrierB,10/09/2024,2024-10-16,2024-10-16,467,0
ORD-100622,SUP-003,Southwest,Perishables,CarrierB,2024-06-22,2024-06-27,2024-06-29,341,0
ORD-105720,SUP-009,Southeast,Industrial Parts,CarrierD,03-Sep-2024,2024-09-06,2024-09-06,343,0
ORD-103891,SUP-016,West,Perishables,CarrierB,26-Jul-2024,2024-07-31,2024-07-31,78,0
ORD-104556,SUP-017,West,Electronics,CarrierC,28-Nov-2024,2024-12-03,2024-12-05,349,0
ORD-105721,SUP-001,Midwest,Office Supplies,CarrierD,10-Mar-2024,2024-03-12,2024-03-12,433,0
ORD-100804,SUP-007,Southeast,Apparel,CarrierD,05/29/2024,2024-06-01,2024-06-01,327,0
ORD-101030,SUP-004,West,Electronics,CarrierC,2024/01/09,2024-01-14,2024-01-14,464,0
ORD-100587,SUP-001,West,Office Supplies,CarrierD,20-Aug-2024,2024-08-23,2024-08-31,74,0
ORD-104712,SUP-002,Midwest,,CarrierA,13-Jul-2024,2024-07-18,2024-07-18,407,0
ORD-105756,SUP-004,Midwest,Industrial Parts,CarrierC,2024-01-02,2024-01-07,2024-01-06,264,0
ORD-103177,SUP-006,West,Electronics,CarrierD,04/22/2024,2024-04-25,2024-04-25,213,1
ORD-102054,SUP-015,Midwest,Apparel,CarrierC,07-Dec-2024,2024-12-14,2024-12-17,47,0
ORD-105422,SUP-004,Midwest,Home Goods,CarrierC,10/30/2024,2024-11-02,2024-11-04,197,1
ORD-100593,SUP-016,Southwest,Perishables,CarrierA,2024/04/29,2024-05-01,2024-05-01,338,0
ORD-105289,SUP-014,Southwest,Industrial Parts,CarrierC,2024/08/16,2024-08-21,2024-08-24,422,0
ORD-102398,SUP-001,Northeast,Office Supplies,CarrierB,2024-01-11,2024-01-18,2024-01-18,36,0
ORD-102594,SUP-004,West,Apparel,CarrierB,30-Aug-2024,2024-09-01,2024-08-31,251,0
ORD-103147,SUP-002,Southwest,Apparel,CarrierC,2024-07-14,2024-07-21,2024-07-21,320,0
ORD-103052,SUP-015,Midwest,Apparel,CarrierD,2024-04-23,2024-05-03,2024-05-02,284,0
ORD-101936,SUP-019,Southwest,Office Supplies,CarrierA,2024/01/06,2024-01-16,,55,0
ORD-102784,SUP-014,Midwest,Home Goods,CarrierA,2024/06/07,2024-06-17,2024-06-16,128,0
ORD-100756,SUP-015,Northeast,,CarrierC,2024-11-06,2024-11-11,2024-11-18,251,0
ORD-105281,SUP-017,Northeast,Office Supplies,CarrierC,2024-07-16,2024-07-19,2024-07-19,54,0
ORD-100757,SUP-008,Southwest,Perishables,CarrierC,2024/05/07,2024-05-09,2024-05-09,226,0
ORD-103172,SUP-010,Southwest,Electronics,CarrierB,04/30/2024,2024-05-05,2024-05-04,142,0
ORD-100599,SUP-020,Northeast,Office Supplies,CarrierC,02/11/2024,2024-02-13,2024-02-13,451,0
ORD-101384,SUP-003,Southwest,Perishables,CarrierA,18-Nov-2024,2024-11-21,2024-11-22,186,0
ORD-100443,SUP-008,Southeast,Office Supplies,CarrierA,2024-09-30,2024-10-05,2024-10-05,371,0
ORD-104088,SUP-009,Northeast,Apparel,CarrierB,2024/02/28,2024-03-06,2024-03-06,352,0
ORD-100358,SUP-013,Midwest,Home Goods,CarrierD,2024-03-23,2024-03-28,2024-03-27,428,0
ORD-105315,SUP-005,West,Office Supplies,CarrierB,2024/06/17,2024-06-19,2024-06-19,167,0
ORD-103883,SUP-010,Northeast,Home Goods,CarrierB,2024/08/17,2024-08-20,2024-08-20,72,0
ORD-103593,SUP-008,Southwest,Perishables,CarrierC,2024-06-26,2024-07-06,2024-07-05,35,0
ORD-100998,SUP-006,Southwest,Perishables,CarrierC,2024/10/17,2024-10-27,2024-10-28,86,0
ORD-105497,SUP-012,Southwest,Electronics,CarrierB,30-Sep-2024,2024-10-10,2024-10-10,478,0
ORD-105139,SUP-006,Southeast,Industrial Parts,CarrierA,14-Mar-2024,2024-03-16,2024-03-19,20,0
ORD-102271,SUP-014,Southeast,Apparel,CarrierA,2024-01-25,2024-01-30,2024-01-29,178,0
ORD-105739,SUP-002,West,Perishables,CarrierA,03-Dec-2024,2024-12-10,2024-12-15,107,0
ORD-102128,SUP-003,Southwest,Home Goods,CarrierB,11/20/2024,2024-11-27,2024-12-05,399,0
ORD-104004,SUP-008,Southeast,Home Goods,CarrierB,2024-12-08,2024-12-13,2024-12-13,411,0
ORD-102377,SUP-006,Southeast,Electronics,CarrierB,2024/10/20,2024-10-23,2024-10-22,353,0
ORD-100661,SUP-002,Southwest,Industrial Parts,CarrierC,11/12/2024,2024-11-17,2024-11-20,39,0
ORD-104451,SUP-003,West,Home Goods,CarrierD,2024/04/03,2024-04-08,2024-04-11,180,0
ORD-104665,SUP-014,West,Apparel,CarrierB,09/16/2024,2024-09-21,2024-09-21,386,0
ORD-103391,SUP-015,Midwest,Home Goods,CarrierB,2024-12-18,2024-12-20,2024-12-25,198,0
ORD-100191,SUP-018,Northeast,,CarrierD,03-Jul-2024,2024-07-10,2024-07-10,151,0
ORD-100893,SUP-019,West,Office Supplies,CarrierD,2024-10-10,2024-10-20,2024-10-20,31,0
ORD-105253,SUP-008,,Home Goods,CarrierC,2024/02/09,2024-02-16,2024-02-15,245,0
ORD-104541,SUP-017,Northeast,Home Goods,CarrierB,2024/08/07,2024-08-09,2024-08-09,478,0
ORD-103344,SUP-018,Southeast,Perishables,CarrierA,2024/12/26,2025-01-05,2025-01-04,69,0
ORD-105906,SUP-008,Northeast,Home Goods,CarrierC,2024/06/24,2024-06-29,2024-06-28,360,0
ORD-100321,SUP-006,Northeast,Industrial Parts,CarrierC,2024-10-09,2024-10-11,2024-10-11,181,0
ORD-101055,SUP-001,Southwest,Perishables,CarrierA,09/28/2024,2024-10-03,2024-10-05,362,0
ORD-100197,SUP-002,West,Apparel,CarrierD,19-Feb-2024,2024-02-26,2024-02-29,20,0
ORD-105661,SUP-009,Midwest,Electronics,CarrierA,05/15/2024,2024-05-17,2024-05-18,462,0
ORD-105944,SUP-001,Southwest,Home Goods,CarrierD,03-Jan-2024,2024-01-10,2024-01-10,433,0
ORD-102667,SUP-007,Southeast,Home Goods,CarrierB,12-Dec-2024,2024-12-15,2024-12-14,401,0
ORD-101881,SUP-008,Northeast,Apparel,CarrierA,02/04/2024,2024-02-07,2024-02-08,242,0
ORD-100256,SUP-003,Northeast,Perishables,CarrierA,2024-08-26,2024-09-02,2024-09-02,252,0
ORD-102304,SUP-014,Southwest,Home Goods,CarrierA,12-Oct-2024,2024-10-22,2024-10-22,57,0
ORD-105309,SUP-004,Southeast,Home Goods,CarrierA,2024-04-30,2024-05-10,2024-05-14,206,0
ORD-102653,SUP-004,Midwest,Apparel,CarrierB,2024-10-21,2024-10-23,2024-10-29,406,0
ORD-102961,SUP-001,Southeast,Electronics,CarrierD,18-Jan-2024,2024-01-21,2024-01-22,44,0
ORD-105439,SUP-003,West,Industrial Parts,CarrierC,2024-06-20,2024-06-22,2024-07-02,337,0
ORD-102445,SUP-008,Southwest,,CarrierA,2024/05/30,2024-06-01,2024-06-01,335,0
ORD-102157,SUP-004,Southeast,Office Supplies,CarrierC,2024-12-10,2024-12-15,2024-12-14,469,0
ORD-100246,SUP-009,Southeast,Apparel,CarrierD,09/11/2024,2024-09-18,2024-09-19,486,0
ORD-101213,SUP-006,Southwest,Electronics,CarrierA,02/23/2024,2024-02-25,2024-02-25,295,0
ORD-103373,SUP-018,West,Perishables,CarrierA,16-Jan-2024,2024-01-23,2024-01-30,15,1
ORD-101953,SUP-019,Southwest,Home Goods,CarrierD,12/18/2024,2024-12-21,2024-12-21,315,0
ORD-104276,SUP-013,Southwest,Office Supplies,CarrierC,23-Apr-2024,2024-04-28,2024-04-28,168,1
ORD-101037,SUP-017,,Office Supplies,CarrierB,2024/09/05,2024-09-08,2024-09-08,105,0
ORD-100471,SUP-003,Southeast,,CarrierC,2024-12-23,2024-12-30,2025-01-02,416,0
ORD-101899,SUP-019,Southwest,Office Supplies,CarrierD,13-May-2024,2024-05-20,2024-05-20,270,0
ORD-100759,SUP-001,Midwest,Industrial Parts,CarrierA,11-Jun-2024,2024-06-21,2024-06-25,137,0
ORD-104673,SUP-020,Northeast,Industrial Parts,CarrierD,17-Apr-2024,2024-04-22,2024-04-22,330,0
ORD-101042,SUP-013,Midwest,Perishables,CarrierC,2024-12-04,2024-12-06,2024-12-06,495,0
ORD-103992,SUP-007,Midwest,Electronics,CarrierA,01/28/2024,2024-02-04,2024-02-06,114,0
ORD-103644,SUP-007,Midwest,Office Supplies,CarrierD,06/11/2024,2024-06-18,2024-06-18,485,0
ORD-101922,SUP-016,Northeast,Home Goods,CarrierB,11-Mar-2024,2024-03-13,2024-03-13,87,0
ORD-100851,SUP-010,Southwest,Industrial Parts,CarrierB,02-Aug-2024,2024-08-09,2024-08-09,492,0
ORD-103422,SUP-013,Southeast,Home Goods,CarrierD,2024-09-22,2024-09-27,2024-09-27,410,0
ORD-102688,SUP-014,Southeast,Electronics,CarrierC,2024/11/13,2024-11-20,2024-11-20,51,0
ORD-105144,SUP-012,West,Perishables,CarrierD,2024/10/08,2024-10-13,2024-10-17,311,0
ORD-102764,SUP-016,West,Office Supplies,CarrierC,17-Jan-2024,2024-01-22,2024-01-22,97,0
ORD-101364,SUP-003,Midwest,Office Supplies,CarrierA,2024-08-02,2024-08-07,2024-08-07,43,0
ORD-104613,SUP-015,Southwest,Office Supplies,CarrierA,2024/02/23,2024-03-01,2024-02-29,237,0
ORD-105280,SUP-010,West,Office Supplies,CarrierD,10/05/2024,2024-10-10,2024-10-09,79,0
ORD-100891,SUP-006,West,Perishables,CarrierA,30-Jul-2024,2024-08-09,2024-08-11,72,0
ORD-100273,SUP-011,West,Office Supplies,CarrierA,05/24/2024,2024-05-31,2024-05-30,109,0
ORD-104366,SUP-017,Southwest,Apparel,CarrierC,27-Dec-2024,2025-01-06,2025-01-09,186,0
ORD-101715,SUP-002,West,Apparel,CarrierD,2024/02/27,2024-03-01,2024-03-01,242,1
ORD-105798,SUP-017,West,Perishables,CarrierA,2024-07-12,2024-07-17,2024-07-25,441,0
ORD-103026,SUP-009,West,Office Supplies,CarrierA,2024/10/12,2024-10-15,2024-10-15,68,0
ORD-105333,SUP-008,West,Home Goods,CarrierB,2024-07-28,2024-07-30,2024-08-04,90,0
ORD-103709,SUP-012,Midwest,Electronics,CarrierD,2024/03/19,2024-03-26,2024-03-26,27,0
ORD-101414,SUP-017,Northeast,Office Supplies,CarrierD,2024/06/07,2024-06-12,2024-06-12,359,0
ORD-100099,SUP-010,Northeast,Perishables,CarrierC,2024-02-14,2024-02-19,2024-02-18,385,0
ORD-104511,SUP-001,Midwest,Home Goods,CarrierC,11/26/2024,2024-12-01,2024-12-01,21,0
ORD-104300,SUP-002,Northeast,Industrial Parts,CarrierD,2024/11/29,2024-12-06,2024-12-11,150,0
ORD-105714,SUP-008,Southeast,Apparel,CarrierC,10/19/2024,2024-10-21,2024-10-26,459,0
ORD-100335,SUP-004,Northeast,Home Goods,CarrierC,2024-10-12,2024-10-19,2024-10-19,44,0
ORD-102589,SUP-013,Southwest,Office Supplies,CarrierD,2024-06-30,2024-07-05,2024-07-05,413,0
ORD-101121,SUP-015,Southwest,Perishables,CarrierC,21-Oct-2024,2024-10-24,2024-10-29,15,0
ORD-102603,SUP-015,Southwest,Apparel,CarrierC,02/09/2024,2024-02-16,2024-02-16,382,0
ORD-100040,SUP-012,Northeast,Apparel,CarrierB,13-Aug-2024,2024-08-23,2024-08-23,170,0
ORD-105598,SUP-003,Northeast,Electronics,CarrierA,04/12/2024,2024-04-22,2024-04-22,232,0
ORD-105037,SUP-002,Southeast,Office Supplies,CarrierB,2024-11-28,2024-11-30,2024-12-04,345,0
ORD-103152,SUP-014,Midwest,Office Supplies,CarrierC,26-Sep-2024,2024-10-03,2024-10-12,246,0
ORD-103541,SUP-012,Northeast,Perishables,CarrierB,2024/05/23,2024-05-30,2024-06-07,315,0
ORD-102611,SUP-005,Northeast,Perishables,CarrierB,2024-04-19,2024-04-22,2024-04-22,153,0
ORD-103334,SUP-006,Northeast,Perishables,CarrierA,03-Jul-2024,2024-07-10,2024-07-10,27,0
ORD-103821,SUP-007,Southwest,Industrial Parts,CarrierC,2024-01-16,2024-01-18,2024-01-17,83,0
ORD-100919,SUP-016,Southeast,Perishables,CarrierC,10-Aug-2024,2024-08-17,2024-08-22,339,0
ORD-102253,SUP-010,West,Apparel,CarrierD,12-Feb-2024,2024-02-15,2024-02-14,323,0
ORD-104771,SUP-010,Southwest,Office Supplies,CarrierA,2024-08-01,2024-08-11,2024-08-11,256,0
ORD-105050,SUP-017,Northeast,Perishables,CarrierC,2024-07-19,2024-07-21,2024-07-23,159,0
ORD-100955,SUP-013,,Home Goods,CarrierB,25-Apr-2024,2024-04-27,2024-04-27,173,0
ORD-101913,SUP-014,Southeast,Office Supplies,CarrierD,2024/09/14,2024-09-24,2024-10-10,79,0
ORD-104168,SUP-008,Midwest,Electronics,CarrierA,05-Nov-2024,2024-11-07,2024-11-12,192,0
ORD-103861,SUP-002,Southeast,Electronics,CarrierA,04-May-2024,2024-05-09,2024-05-09,279,0
ORD-101277,SUP-006,West,Industrial Parts,CarrierB,2024/11/07,2024-11-10,2024-11-11,441,0
ORD-100306,SUP-010,Southeast,Industrial Parts,CarrierD,21-Jul-2024,2024-07-28,2024-07-28,366,0
ORD-101548,SUP-012,Northeast,Perishables,CarrierA,03-Mar-2024,2024-03-10,2024-03-10,117,0
ORD-101736,SUP-019,Northeast,,CarrierA,2024-05-20,2024-05-30,2024-06-01,64,0
ORD-101249,SUP-014,Midwest,Office Supplies,CarrierC,2024/04/25,2024-05-02,2024-05-02,36,0
ORD-103669,SUP-008,Midwest,,CarrierD,2024-10-27,2024-11-06,2024-11-06,197,0
ORD-105918,SUP-004,Southeast,,CarrierD,2024-02-22,2024-02-27,2024-03-03,236,0
ORD-105294,SUP-016,Southwest,Perishables,CarrierA,29-Apr-2024,2024-05-06,2024-05-05,98,0
ORD-105036,SUP-007,West,Electronics,CarrierC,2024/12/25,2025-01-01,2025-01-01,90,0
ORD-102723,SUP-009,Southeast,Perishables,CarrierC,08-Mar-2024,2024-03-10,2024-03-09,151,0
ORD-101731,SUP-009,Midwest,Perishables,CarrierB,2024/05/07,2024-05-09,2024-05-08,187,0
ORD-100553,SUP-012,Northeast,Perishables,CarrierB,18-Dec-2024,2024-12-21,2024-12-25,374,0
ORD-103239,SUP-018,Southwest,Industrial Parts,CarrierC,02/08/2024,2024-02-18,2024-02-18,359,0
ORD-102680,SUP-019,Southwest,Industrial Parts,CarrierD,2024-06-16,2024-06-23,2024-06-23,468,0
ORD-105135,SUP-003,Midwest,Electronics,CarrierC,2024/04/22,2024-04-29,2024-05-01,496,0
ORD-105143,SUP-002,Southwest,Industrial Parts,CarrierD,2024-09-06,2024-09-13,2024-09-23,214,0
ORD-101253,SUP-017,Northeast,Office Supplies,CarrierB,2024/12/21,2024-12-24,2024-12-23,244,0
ORD-101041,SUP-017,Northeast,Apparel,CarrierA,2024/10/18,2024-10-23,2024-10-23,344,0
ORD-101697,SUP-009,West,Electronics,CarrierB,07/03/2024,2024-07-08,2024-07-08,436,0
ORD-102928,SUP-019,Midwest,Electronics,CarrierA,2024-09-30,2024-10-10,2024-10-10,328,0
ORD-100188,SUP-002,Southwest,Office Supplies,CarrierD,2024/02/02,2024-02-12,2024-02-14,121,0
ORD-101991,SUP-009,West,Apparel,CarrierA,2024-06-05,2024-06-08,2024-06-08,184,0
ORD-103979,SUP-007,Southwest,Industrial Parts,CarrierD,24-Mar-2024,2024-03-26,2024-03-26,413,0
ORD-102289,SUP-007,West,Home Goods,CarrierA,02/06/2024,2024-02-11,2024-02-10,200,0
ORD-104146,SUP-012,West,Electronics,CarrierB,13-Mar-2024,2024-03-18,2024-03-18,200,0
ORD-105611,SUP-014,Midwest,Industrial Parts,CarrierA,12/30/2024,2025-01-04,2025-01-10,302,0
ORD-101518,SUP-015,Southeast,Office Supplies,CarrierB,2024-03-21,2024-03-28,2024-03-28,55,0
ORD-105477,SUP-008,Southeast,Perishables,CarrierA,08/07/2024,2024-08-17,2024-08-21,101,0
ORD-100685,SUP-020,West,Office Supplies,CarrierA,01-Mar-2024,2024-03-06,2024-03-05,410,0
ORD-102513,SUP-009,Southeast,Home Goods,CarrierB,30-Jan-2024,2024-02-04,2024-02-03,221,0
ORD-104824,SUP-018,Northeast,Office Supplies,CarrierC,12/28/2024,2024-12-30,2025-01-04,276,0
ORD-100789,SUP-006,West,Apparel,CarrierC,12/03/2024,2024-12-08,2024-12-08,194,0
ORD-102718,SUP-018,Northeast,Industrial Parts,CarrierC,2024-08-20,2024-08-22,2024-08-24,183,0
ORD-103296,SUP-004,Northeast,Office Supplies,CarrierD,2024-01-20,2024-01-30,2024-02-06,45,0
ORD-101012,SUP-012,Southeast,Industrial Parts,CarrierA,2024/10/29,2024-11-03,2024-11-03,268,0
ORD-101420,SUP-006,Southeast,Industrial Parts,CarrierA,2024-02-05,2024-02-12,2024-02-12,332,0
ORD-103767,SUP-002,Northeast,Perishables,CarrierD,2024/07/08,2024-07-10,2024-07-15,415,0
ORD-105392,SUP-017,Southeast,Industrial Parts,CarrierC,06-Jul-2024,2024-07-11,2024-07-17,179,0
ORD-103646,SUP-014,Midwest,Perishables,CarrierD,11/19/2024,2024-11-29,2024-11-29,394,0
ORD-101785,SUP-011,Southeast,Apparel,CarrierA,22-Apr-2024,2024-04-25,2024-04-25,406,0
ORD-103721,SUP-010,Midwest,Industrial Parts,CarrierB,12-Jun-2024,2024-06-19,2024-06-19,378,0
ORD-102899,SUP-017,,Industrial Parts,CarrierC,2024/10/07,2024-10-17,2024-10-23,203,0
ORD-102489,SUP-014,Southwest,Home Goods,CarrierB,2024/12/02,2024-12-05,2024-12-05,243,0
ORD-105653,SUP-001,Southwest,Electronics,CarrierB,01/28/2024,2024-02-02,2024-02-02,272,0
ORD-102150,SUP-016,Midwest,Perishables,CarrierC,03/28/2024,2024-03-31,2024-03-30,398,0
ORD-101587,SUP-020,Southeast,Electronics,CarrierD,2024-06-05,2024-06-12,2024-06-12,389,0
ORD-103616,SUP-009,Midwest,Office Supplies,CarrierB,2024-08-28,2024-09-02,2024-09-02,376,0
ORD-101441,SUP-001,Northeast,Apparel,CarrierB,24-Jun-2024,2024-06-26,2024-06-25,216,0
ORD-101613,SUP-006,Southeast,Industrial Parts,CarrierA,09/29/2024,2024-10-04,2024-10-06,102,0
ORD-102116,SUP-006,Northeast,Apparel,CarrierB,2024/05/07,2024-05-09,2024-05-11,177,0
ORD-102907,SUP-016,Southwest,Perishables,CarrierC,2024/09/08,2024-09-15,2024-09-15,266,0
ORD-102075,SUP-004,Midwest,Perishables,CarrierA,2024-02-03,2024-02-05,2024-02-08,30,0
ORD-103738,SUP-015,Southeast,Electronics,CarrierC,27-Jan-2024,2024-02-06,2024-02-10,240,0
ORD-105981,SUP-001,Midwest,Electronics,CarrierD,2024/09/12,2024-09-17,2024-09-21,392,0
ORD-103067,SUP-013,Southwest,Office Supplies,CarrierB,2024/09/22,2024-09-29,2024-09-29,127,0
ORD-100316,SUP-011,Northeast,Industrial Parts,CarrierA,02-Oct-2024,2024-10-12,2024-10-11,292,0
ORD-104608,SUP-003,Midwest,Perishables,CarrierC,10-Feb-2024,2024-02-13,2024-02-21,92,0
ORD-101355,SUP-016,Southeast,Electronics,CarrierD,2024/03/17,2024-03-24,2024-03-24,351,0
ORD-105514,SUP-018,Southwest,Perishables,CarrierB,05-Jun-2024,2024-06-10,2024-06-15,415,0
ORD-103876,SUP-014,Southeast,Perishables,CarrierD,2024/04/01,2024-04-11,2024-04-14,470,0
ORD-101993,SUP-010,West,Office Supplies,CarrierA,2024/02/29,2024-03-07,2024-03-06,256,0
ORD-105191,SUP-003,Southwest,Perishables,CarrierC,07-Jul-2024,2024-07-10,2024-07-14,59,0
ORD-101177,SUP-018,Northeast,Electronics,CarrierB,02-Jun-2024,2024-06-05,2024-06-05,307,1
ORD-101630,SUP-012,West,Industrial Parts,CarrierC,2024/07/20,2024-07-22,2024-07-22,12,0
ORD-102621,SUP-012,West,Perishables,CarrierA,12/20/2024,2024-12-30,2024-12-30,444,0
ORD-104252,SUP-015,Southeast,Electronics,CarrierD,22-Jan-2024,2024-01-29,2024-02-02,495,1
ORD-103626,SUP-009,Northeast,Industrial Parts,CarrierC,27-Dec-2024,2025-01-06,2025-01-08,40,0
ORD-103692,SUP-003,Northeast,Electronics,CarrierB,09/11/2024,2024-09-13,,14,0
ORD-100330,SUP-015,West,Apparel,CarrierA,2024/12/17,2024-12-20,2024-12-20,222,0
ORD-102229,SUP-006,Southeast,Perishables,CarrierC,26-Aug-2024,2024-08-29,2024-08-29,247,0
ORD-101673,SUP-013,West,Electronics,CarrierD,2024/11/22,2024-11-27,2024-11-27,205,0
ORD-103079,SUP-020,,Home Goods,CarrierA,2024/07/04,2024-07-14,2024-07-13,1,0
ORD-102155,SUP-020,Southwest,Industrial Parts,CarrierC,07/05/2024,2024-07-12,2024-07-24,494,1
ORD-105500,SUP-020,Southwest,Office Supplies,CarrierB,2024/04/30,2024-05-10,2024-05-10,95,0
ORD-101498,SUP-016,West,Home Goods,CarrierC,2024/03/09,2024-03-19,2024-03-19,479,0
ORD-100032,SUP-013,Southwest,Office Supplies,CarrierB,2024-01-15,2024-01-18,2024-01-18,93,0
ORD-104346,SUP-001,Southeast,Perishables,CarrierB,2024-05-01,2024-05-03,2024-05-05,232,0
ORD-101724,SUP-020,Southwest,Home Goods,CarrierD,2024/11/15,2024-11-18,2024-11-18,472,0
ORD-103339,SUP-012,Midwest,Industrial Parts,CarrierD,2024/07/23,2024-08-02,2024-08-01,321,0
ORD-102863,SUP-009,Midwest,Electronics,CarrierD,03/27/2024,2024-04-03,2024-04-03,434,0
ORD-105604,SUP-012,Southeast,Home Goods,CarrierC,09/22/2024,2024-09-24,2024-09-26,37,0
ORD-105420,SUP-018,West,Electronics,CarrierB,09/27/2024,2024-10-07,2024-10-12,384,0
ORD-104205,SUP-002,Southeast,Industrial Parts,CarrierD,2024-09-05,2024-09-12,2024-09-15,118,0
ORD-102706,SUP-002,Midwest,Apparel,CarrierA,2024-04-02,2024-04-04,2024-04-06,300,1
ORD-102142,SUP-005,West,Office Supplies,CarrierD,2024-02-29,2024-03-05,2024-03-04,233,0
ORD-101438,SUP-007,West,Electronics,CarrierB,02/04/2024,2024-02-06,2024-02-13,335,0
ORD-104297,SUP-017,Northeast,Electronics,CarrierC,06/20/2024,2024-06-27,2024-06-29,482,0
ORD-101398,SUP-001,Southeast,Electronics,CarrierC,2024-05-02,2024-05-07,2024-05-10,323,0
ORD-101476,SUP-006,Midwest,Home Goods,CarrierB,01/13/2024,2024-01-23,2024-01-31,394,0
ORD-103495,SUP-014,Southwest,Apparel,CarrierB,2024/04/28,2024-05-05,2024-05-05,404,0
ORD-100663,SUP-016,West,Home Goods,CarrierC,04/05/2024,2024-04-08,2024-04-08,394,0
ORD-105194,SUP-008,Southwest,Industrial Parts,CarrierD,07-Jan-2024,2024-01-14,2024-01-14,259,0
ORD-101010,SUP-013,,Apparel,CarrierA,17-Jun-2024,2024-06-22,2024-06-22,107,0
ORD-101333,SUP-014,Southeast,Industrial Parts,CarrierB,10/03/2024,2024-10-13,2024-10-13,95,0
ORD-100221,SUP-010,West,Office Supplies,CarrierC,2024-08-12,2024-08-15,2024-08-15,420,0
ORD-101386,SUP-017,West,Home Goods,CarrierC,07/30/2024,2024-08-04,2024-08-04,85,0
ORD-104272,SUP-003,Midwest,Office Supplies,CarrierB,2024-02-04,2024-02-14,2024-02-14,60,0
ORD-101141,SUP-007,West,Apparel,CarrierC,2024/05/16,2024-05-26,2024-05-26,213,0
ORD-102162,SUP-004,Southwest,Industrial Parts,CarrierB,2024/10/14,2024-10-17,2024-10-17,329,0
ORD-103073,SUP-011,West,Home Goods,CarrierA,20-Oct-2024,2024-10-23,2024-10-23,456,0
ORD-103472,SUP-010,Southwest,Electronics,CarrierC,2024/01/22,2024-01-24,2024-01-23,374,0
ORD-105117,SUP-013,West,Electronics,CarrierA,20-Nov-2024,2024-11-22,2024-11-22,119,0
ORD-102738,SUP-008,Southeast,Home Goods,CarrierA,17-Aug-2024,2024-08-24,2024-08-24,470,0
ORD-104590,SUP-003,West,Electronics,CarrierB,2024-05-26,2024-05-31,2024-06-10,84,0
ORD-101380,SUP-001,Northeast,Perishables,CarrierA,2024/12/02,2024-12-05,2024-12-14,220,0
ORD-103198,SUP-018,Midwest,Perishables,CarrierA,2024-06-23,2024-06-26,2024-06-29,434,0
ORD-101720,SUP-005,Midwest,Electronics,CarrierC,07/09/2024,2024-07-14,2024-07-14,361,0
ORD-103865,SUP-006,Midwest,Home Goods,CarrierD,2024/10/26,2024-10-29,2024-11-09,134,0
ORD-105878,SUP-005,Midwest,Office Supplies,CarrierC,13-May-2024,2024-05-23,2024-05-23,419,0
ORD-104892,SUP-014,Southeast,Industrial Parts,CarrierC,2024/01/24,2024-02-03,2024-02-03,401,0
ORD-100932,SUP-011,,Perishables,CarrierB,11/23/2024,2024-11-25,2024-11-25,78,0
ORD-104422,SUP-013,Southwest,Electronics,CarrierA,2024/02/13,2024-02-20,2024-02-20,479,0
ORD-102351,SUP-015,Midwest,Home Goods,CarrierA,2024/01/31,2024-02-02,2024-02-02,462,0
ORD-101938,SUP-016,West,Perishables,CarrierC,21-Feb-2024,2024-02-24,2024-02-24,182,1
ORD-103434,SUP-016,Southeast,Home Goods,CarrierA,2024/05/14,2024-05-21,2024-05-21,68,0
ORD-101608,SUP-009,Northeast,Industrial Parts,CarrierB,12-Jan-2024,2024-01-15,2024-01-21,242,0
ORD-105431,SUP-017,Southwest,Perishables,CarrierB,2024-05-11,2024-05-16,2024-05-16,437,0
ORD-102578,SUP-016,Southwest,Apparel,CarrierD,07/03/2024,2024-07-10,2024-07-10,410,0
ORD-103807,SUP-015,Southeast,Apparel,CarrierC,2024-02-19,2024-02-29,2024-03-11,422,0
ORD-105084,SUP-009,West,Electronics,CarrierD,2024-04-02,2024-04-12,2024-04-12,471,0
ORD-102523,SUP-010,West,Home Goods,CarrierB,11/14/2024,2024-11-17,2024-11-17,77,0
ORD-105998,SUP-002,Midwest,Office Supplies,CarrierA,2024-04-18,2024-04-21,2024-04-21,159,0
ORD-101140,SUP-017,Southeast,Perishables,CarrierD,01/26/2024,2024-01-31,2024-01-31,301,0
ORD-103964,SUP-003,West,Home Goods,CarrierA,2024-03-16,2024-03-21,2024-03-21,410,0
ORD-103369,SUP-001,Southwest,Perishables,CarrierA,2024/01/27,2024-01-29,2024-02-01,67,0
ORD-100710,SUP-001,Midwest,Electronics,CarrierC,12-Sep-2024,2024-09-22,2024-09-21,417,0
ORD-105090,SUP-002,Northeast,Perishables,CarrierD,2024-06-06,2024-06-11,2024-06-17,189,0
ORD-103216,SUP-003,Southwest,Electronics,CarrierA,2024/07/15,2024-07-18,2024-07-27,380,0
ORD-101989,SUP-014,Midwest,Apparel,CarrierA,08/26/2024,2024-08-29,2024-08-29,469,0
ORD-103672,SUP-020,Midwest,Industrial Parts,CarrierD,2024/03/11,2024-03-13,2024-03-17,180,0
ORD-105850,SUP-015,Midwest,Office Supplies,CarrierD,08/21/2024,2024-08-26,2024-08-25,388,0
ORD-102088,SUP-003,Northeast,Perishables,CarrierB,2024-01-14,2024-01-19,2024-01-27,335,0
ORD-100361,SUP-005,Northeast,Industrial Parts,CarrierB,08/09/2024,2024-08-14,2024-08-14,19,0
ORD-101686,SUP-015,West,Electronics,CarrierB,2024/11/18,2024-11-23,2024-11-25,235,0
ORD-100772,SUP-001,Northeast,Apparel,CarrierD,11-Apr-2024,2024-04-16,2024-04-23,369,0
ORD-101606,SUP-015,Southeast,Electronics,CarrierC,2024/09/28,2024-09-30,2024-10-03,257,0
ORD-102538,SUP-018,West,Industrial Parts,CarrierC,2024/10/23,2024-10-26,2024-10-26,449,0
ORD-100900,SUP-001,Midwest,Home Goods,CarrierA,10-Nov-2024,2024-11-12,2024-11-17,219,0
ORD-101533,SUP-001,Midwest,Home Goods,CarrierB,05/20/2024,2024-05-27,2024-05-26,401,0
ORD-101427,SUP-019,Northeast,Electronics,CarrierB,12/25/2024,2024-12-27,2025-01-06,336,0
ORD-105390,SUP-006,Southeast,Apparel,CarrierA,2024/05/18,2024-05-21,2024-05-21,455,0
ORD-100854,SUP-018,Northeast,Apparel,CarrierB,21-Jul-2024,2024-07-24,2024-07-23,431,1
ORD-102886,SUP-014,Midwest,Industrial Parts,CarrierB,2024-03-12,2024-03-22,2024-03-22,371,0
ORD-102228,SUP-008,West,Office Supplies,CarrierB,2024-01-22,2024-01-29,2024-02-04,219,0
ORD-101392,SUP-020,Southwest,Electronics,CarrierD,2024-05-02,2024-05-05,2024-05-05,311,0
ORD-100944,SUP-004,Southeast,,CarrierC,2024/09/22,2024-09-27,2024-10-02,471,0
ORD-102512,SUP-013,Northeast,Industrial Parts,CarrierD,04/20/2024,2024-04-27,2024-04-26,218,0
ORD-100874,SUP-013,Southeast,Office Supplies,CarrierD,12/20/2024,2024-12-22,2024-12-22,274,0
ORD-104882,SUP-002,Midwest,Apparel,CarrierD,2024/07/14,2024-07-21,2024-07-26,323,0
ORD-100770,SUP-005,Southeast,Home Goods,CarrierB,2024-08-07,2024-08-14,2024-08-14,487,0
ORD-100894,SUP-001,Midwest,Electronics,CarrierB,06/03/2024,2024-06-13,2024-06-22,337,0
ORD-102349,SUP-005,West,Electronics,CarrierD,04/29/2024,2024-05-06,2024-05-06,49,0
ORD-101603,SUP-005,Midwest,Home Goods,CarrierC,18-Apr-2024,2024-04-25,2024-04-25,241,0
ORD-103191,SUP-011,Northeast,Apparel,CarrierA,2024/05/18,2024-05-25,2024-05-25,485,0
ORD-100749,SUP-001,Southeast,Industrial Parts,CarrierD,2024/03/17,2024-03-24,2024-03-25,379,0
ORD-103376,SUP-010,,Apparel,CarrierD,05/07/2024,2024-05-14,2024-05-13,40,0
ORD-103504,SUP-016,West,Electronics,CarrierD,06/12/2024,2024-06-22,2024-06-22,335,0
ORD-105511,SUP-014,Northeast,Office Supplies,CarrierD,2024/01/25,2024-02-04,2024-02-03,237,0
ORD-100083,SUP-001,Southwest,Office Supplies,CarrierB,05-Oct-2024,2024-10-10,2024-10-10,159,0
ORD-105098,SUP-018,West,Electronics,CarrierB,2024/03/07,2024-03-14,2024-03-14,230,0
ORD-102437,SUP-017,Midwest,Home Goods,CarrierD,2024-10-03,2024-10-05,2024-10-05,323,0
ORD-100128,SUP-005,Southeast,Apparel,CarrierB,2024/12/17,2024-12-27,2024-12-27,40,0
ORD-105097,SUP-002,West,Home Goods,CarrierD,2024/12/30,2025-01-02,2025-01-02,476,0
ORD-103378,SUP-003,Midwest,Home Goods,CarrierB,2024/03/12,2024-03-17,2024-03-19,32,0
ORD-100885,SUP-005,Southeast,Electronics,CarrierD,04/06/2024,2024-04-13,2024-04-13,80,0
ORD-101431,SUP-009,Northeast,Industrial Parts,CarrierD,2024-09-22,2024-09-24,2024-10-01,329,0
ORD-100134,SUP-010,Northeast,Apparel,CarrierC,23-May-2024,2024-06-02,2024-06-01,484,0
ORD-101852,SUP-015,Southwest,Home Goods,CarrierB,2024/07/31,2024-08-10,2024-08-10,354,0
ORD-105348,SUP-011,Northeast,Home Goods,CarrierB,22-Apr-2024,2024-05-02,2024-05-02,2,0
ORD-102146,SUP-003,West,Office Supplies,CarrierB,07/24/2024,2024-07-27,2024-07-27,234,0
ORD-105046,SUP-011,Midwest,Home Goods,CarrierB,04/15/2024,2024-04-22,2024-04-21,117,0
ORD-102918,SUP-003,Southeast,Industrial Parts,CarrierA,2024/01/27,2024-02-01,2024-02-06,225,1
ORD-104091,SUP-009,West,Home Goods,CarrierA,06/01/2024,2024-06-06,2024-06-05,83,0
ORD-104844,SUP-007,Northeast,Apparel,CarrierC,2024/05/06,2024-05-09,2024-05-09,308,0
ORD-104414,SUP-011,West,Apparel,CarrierC,2024-08-28,2024-08-30,2024-08-30,200,0
ORD-100522,SUP-007,Northeast,Office Supplies,CarrierA,2024/01/05,2024-01-15,2024-01-15,258,0
ORD-101020,SUP-012,Midwest,Electronics,CarrierD,12/23/2024,2024-12-28,2024-12-27,252,0
ORD-101545,SUP-009,West,Industrial Parts,CarrierD,2024/12/07,2024-12-12,2024-12-11,136,0
ORD-105921,SUP-007,Midwest,Home Goods,CarrierA,13-Apr-2024,2024-04-23,2024-04-23,207,0
ORD-102663,SUP-020,Southwest,Perishables,CarrierC,2024-06-20,2024-06-30,2024-06-30,167,0
ORD-104948,SUP-006,Southeast,Office Supplies,CarrierD,2024-02-02,2024-02-04,2024-02-09,480,0
ORD-103840,SUP-011,Southwest,Perishables,CarrierD,16-Jul-2024,2024-07-18,2024-07-18,138,0
ORD-101301,SUP-002,West,Industrial Parts,CarrierC,2024/06/15,2024-06-17,2024-06-17,354,0
ORD-100111,SUP-018,West,Industrial Parts,CarrierD,12/19/2024,2024-12-22,2024-12-29,57,0
ORD-100478,SUP-015,Southeast,Industrial Parts,CarrierD,05/25/2024,2024-05-28,2024-06-03,72,0
ORD-103739,SUP-014,Midwest,Office Supplies,CarrierD,2024/11/20,2024-11-30,2024-11-30,346,0
ORD-103652,SUP-014,West,Home Goods,CarrierD,2024-06-19,2024-06-22,2024-06-22,197,0
ORD-104119,SUP-001,West,Apparel,CarrierA,2024/04/17,2024-04-27,2024-04-27,359,0
ORD-100657,SUP-003,Midwest,Office Supplies,CarrierB,2024/12/13,2024-12-18,2024-12-19,138,0
ORD-104304,SUP-018,Southeast,Industrial Parts,CarrierB,01/06/2024,2024-01-16,2024-01-19,478,0
ORD-102722,SUP-010,Northeast,Electronics,CarrierA,2024-09-26,2024-09-29,2024-09-29,225,0
ORD-102193,SUP-019,Northeast,Industrial Parts,CarrierC,2024/05/02,2024-05-05,2024-05-05,63,0
ORD-105411,SUP-005,Midwest,Perishables,CarrierB,09-Jan-2024,2024-01-14,2024-01-14,97,0
ORD-105922,SUP-016,Southwest,Home Goods,CarrierD,2024-03-07,2024-03-12,2024-03-12,373,0
ORD-103725,SUP-011,Southwest,Home Goods,CarrierC,2024/09/18,2024-09-21,2024-09-30,470,1
ORD-105223,SUP-011,Midwest,Electronics,CarrierC,23-Mar-2024,2024-03-28,,10,0
ORD-101432,SUP-013,Northeast,Electronics,CarrierD,2024-12-28,2025-01-02,2025-01-01,11,0
ORD-100748,SUP-019,Midwest,Apparel,CarrierD,2024-09-11,2024-09-14,2024-09-14,246,0
ORD-102030,SUP-002,Southeast,Office Supplies,CarrierC,05-Dec-2024,2024-12-10,2024-12-10,369,0
ORD-103628,SUP-002,Southeast,Home Goods,CarrierB,08/12/2024,2024-08-22,2024-08-21,398,0
ORD-103715,SUP-006,Southeast,Office Supplies,CarrierB,2024/06/09,2024-06-14,2024-06-14,84,0
ORD-102625,SUP-007,Northeast,Electronics,CarrierA,2024-05-09,2024-05-19,2024-05-18,445,0
ORD-104326,SUP-003,West,Office Supplies,CarrierB,2024/08/29,2024-09-01,2024-09-01,13,0
ORD-101919,SUP-003,Midwest,Apparel,CarrierC,2024/09/11,2024-09-13,2024-09-19,406,0
ORD-102913,SUP-006,West,Office Supplies,CarrierD,2024-10-18,2024-10-20,2024-10-25,494,0
ORD-103816,SUP-020,Northeast,Electronics,CarrierA,06/20/2024,2024-06-25,2024-06-24,311,0
ORD-103678,SUP-013,Midwest,Office Supplies,CarrierA,10/18/2024,2024-10-21,2024-10-20,135,0
ORD-100107,SUP-011,Northeast,Home Goods,CarrierA,08-Aug-2024,2024-08-11,2024-08-11,164,0
ORD-103371,SUP-009,Midwest,Home Goods,CarrierC,28-Oct-2024,2024-10-30,2024-10-30,399,0
ORD-102204,SUP-009,Northeast,Perishables,CarrierA,2024/12/13,2024-12-15,2024-12-18,306,0
ORD-100120,SUP-010,Northeast,Industrial Parts,CarrierA,2024/09/24,2024-09-26,2024-09-27,153,0
ORD-100364,SUP-008,Southeast,Office Supplies,CarrierA,2024-12-22,2024-12-25,2024-12-25,169,0
ORD-104384,SUP-012,West,Industrial Parts,CarrierA,25-Apr-2024,2024-05-05,2024-05-04,261,0
ORD-103706,SUP-015,Midwest,Electronics,CarrierB,2024-01-27,2024-02-01,2024-02-01,218,0
ORD-102657,SUP-010,West,Home Goods,CarrierC,27-Dec-2024,2025-01-03,2025-01-02,422,0
ORD-100872,SUP-007,Midwest,Industrial Parts,CarrierB,10-Dec-2024,2024-12-13,2024-12-12,6,0
ORD-100898,SUP-010,West,Industrial Parts,CarrierB,08/26/2024,2024-09-02,2024-09-01,108,0
ORD-104206,SUP-007,West,Office Supplies,CarrierA,2024/11/20,2024-11-30,2024-11-30,99,0
ORD-104051,SUP-010,Northeast,Home Goods,CarrierB,2024-02-22,2024-03-03,2024-03-03,232,0
ORD-104306,SUP-017,Southwest,Electronics,CarrierA,08-Dec-2024,2024-12-10,2024-12-12,246,0
ORD-103185,SUP-019,Southeast,Office Supplies,CarrierA,2024/03/27,2024-04-06,2024-04-09,466,0
ORD-105494,SUP-003,Southwest,Industrial Parts,CarrierB,30-Mar-2024,2024-04-04,2024-04-08,70,0
ORD-103639,SUP-004,West,Home Goods,CarrierB,2024-10-04,2024-10-06,2024-10-05,423,0
ORD-105461,SUP-019,Northeast,Industrial Parts,CarrierA,04-Dec-2024,2024-12-11,2024-12-11,59,0
ORD-103405,SUP-014,Midwest,Electronics,CarrierA,2024/08/01,2024-08-08,2024-08-08,228,0
ORD-105930,SUP-016,Northeast,,CarrierB,2024-09-19,2024-09-26,2024-09-26,103,0
ORD-105329,SUP-001,Midwest,Office Supplies,CarrierD,2024/12/15,2024-12-17,2024-12-24,376,0
ORD-105230,SUP-003,Southwest,Apparel,CarrierB,12/15/2024,2024-12-20,2024-12-20,404,0
ORD-103875,SUP-009,Midwest,Perishables,CarrierD,27-Apr-2024,2024-04-30,2024-04-30,34,0
ORD-102300,SUP-019,,Electronics,CarrierB,02-Feb-2024,2024-02-09,2024-02-09,16,0
ORD-101524,SUP-012,West,Office Supplies,CarrierC,30-Apr-2024,2024-05-10,2024-05-10,158,0
ORD-102408,SUP-014,,Electronics,CarrierD,11/06/2024,2024-11-09,2024-11-09,127,0
ORD-103689,SUP-004,Northeast,Office Supplies,CarrierB,23-Sep-2024,2024-09-26,2024-09-26,63,0
ORD-101960,SUP-020,Southwest,Industrial Parts,CarrierA,18-May-2024,2024-05-28,2024-06-08,113,0
ORD-102027,SUP-002,Southeast,Apparel,CarrierA,2024/01/03,2024-01-05,2024-01-05,250,0
ORD-104259,SUP-019,West,Perishables,CarrierC,2024-08-14,2024-08-19,2024-08-19,63,0
ORD-105759,SUP-015,Northeast,Electronics,CarrierB,07/28/2024,2024-08-04,2024-08-04,298,0
ORD-104379,SUP-011,Northeast,Office Supplies,CarrierB,02/23/2024,2024-03-04,2024-03-04,267,0
ORD-105728,SUP-009,Northeast,Electronics,CarrierC,08-Sep-2024,2024-09-11,2024-09-11,246,0
ORD-104643,SUP-017,,Electronics,CarrierB,04/17/2024,2024-04-20,2024-04-20,311,0
ORD-103455,SUP-006,Southwest,Perishables,CarrierB,03-Jan-2024,2024-01-06,2024-01-06,437,0
ORD-100055,SUP-002,Midwest,Home Goods,CarrierB,11/07/2024,2024-11-14,2024-11-14,401,0
ORD-103539,SUP-002,Midwest,Perishables,CarrierA,08/26/2024,2024-08-29,2024-09-01,383,0
ORD-103190,SUP-015,Midwest,Electronics,CarrierC,27-Jul-2024,2024-08-06,2024-08-06,415,0
ORD-104640,SUP-019,Southwest,Electronics,CarrierB,2024-04-08,2024-04-15,2024-04-15,29,0
ORD-105688,SUP-016,West,Perishables,CarrierA,2024/06/03,2024-06-05,2024-06-04,91,0
ORD-101727,SUP-017,Southwest,Office Supplies,CarrierB,2024/10/23,2024-10-26,2024-10-28,311,0
ORD-101325,SUP-018,Southeast,Industrial Parts,CarrierB,2024-08-22,2024-08-25,2024-08-25,496,1
ORD-105427,SUP-013,Midwest,Apparel,CarrierB,02/16/2024,2024-02-23,2024-02-23,52,0
ORD-102849,SUP-003,Southwest,Perishables,CarrierA,06/27/2024,2024-07-02,2024-07-05,437,0
ORD-102018,SUP-007,Southeast,Perishables,CarrierB,2024-08-08,2024-08-11,2024-08-10,183,0
ORD-100482,SUP-020,Midwest,Perishables,CarrierB,17-Mar-2024,2024-03-27,2024-03-26,281,0
ORD-105070,SUP-002,Southeast,,CarrierB,16-May-2024,2024-05-19,2024-05-19,450,0
ORD-103950,SUP-005,Midwest,Industrial Parts,CarrierA,2024/04/14,2024-04-17,2024-04-16,426,0
ORD-105868,SUP-002,Midwest,Home Goods,CarrierC,02/13/2024,2024-02-16,2024-02-18,365,0
ORD-103730,SUP-002,West,Home Goods,CarrierB,02/28/2024,2024-03-04,,407,0
ORD-101810,SUP-004,Southwest,Electronics,CarrierC,02-Jun-2024,2024-06-05,2024-06-09,481,0
ORD-102921,SUP-008,Southeast,Home Goods,CarrierC,13-Jun-2024,2024-06-15,2024-06-14,128,0
ORD-100671,SUP-015,Southeast,Home Goods,CarrierA,06-Dec-2024,2024-12-16,2024-12-17,11,0
ORD-103420,SUP-013,Southwest,Industrial Parts,CarrierC,2024/09/04,2024-09-07,2024-09-11,89,0
ORD-103913,SUP-014,West,Perishables,CarrierD,14-Jan-2024,2024-01-21,2024-01-22,435,0
ORD-105732,SUP-016,Southwest,Office Supplies,CarrierD,2024/12/04,2024-12-07,2024-12-07,282,0
ORD-100187,SUP-003,Southwest,Perishables,CarrierB,01-May-2024,2024-05-04,2024-05-04,291,0
ORD-102243,SUP-005,,Office Supplies,CarrierD,17-Dec-2024,2024-12-19,2024-12-19,152,0
ORD-105034,SUP-012,Southwest,Perishables,CarrierA,15-Jan-2024,2024-01-18,2024-01-22,141,0
ORD-101477,SUP-012,Southeast,Apparel,CarrierA,2024/03/17,2024-03-22,2024-03-22,72,0
ORD-104154,SUP-010,West,Apparel,CarrierC,30-Jun-2024,2024-07-07,2024-07-07,386,0
ORD-102340,SUP-004,Southwest,Office Supplies,CarrierC,13-Dec-2024,2024-12-18,2024-12-18,486,0
ORD-101802,SUP-004,Southwest,Electronics,CarrierD,24-Oct-2024,2024-11-03,2024-11-06,312,0
ORD-104827,SUP-009,Midwest,Electronics,CarrierA,2024-03-05,2024-03-08,2024-03-11,244,0
ORD-101512,SUP-020,West,Apparel,CarrierA,2024-04-02,2024-04-09,2024-04-09,229,0
ORD-103279,SUP-005,Midwest,Electronics,CarrierA,13-Oct-2024,2024-10-15,2024-10-15,438,0
ORD-102231,SUP-012,Midwest,Apparel,CarrierA,27-Mar-2024,2024-04-06,2024-04-19,472,0
ORD-104447,SUP-011,Southeast,Office Supplies,CarrierC,12/06/2024,2024-12-09,2024-12-08,149,0
ORD-102712,SUP-011,West,Apparel,CarrierA,12-May-2024,2024-05-22,2024-05-22,196,0
ORD-100236,SUP-015,Southeast,Home Goods,CarrierD,2024/02/16,2024-02-26,2024-02-27,82,0
ORD-102927,SUP-005,Midwest,Perishables,CarrierC,2024/01/22,2024-02-01,2024-02-01,161,0
ORD-103780,SUP-007,Midwest,Home Goods,CarrierC,2024/03/04,2024-03-06,2024-03-06,84,0
ORD-100973,SUP-014,Midwest,Apparel,CarrierD,2024/11/08,2024-11-11,2024-11-11,192,0
ORD-103661,SUP-006,West,Office Supplies,CarrierC,18-Oct-2024,2024-10-25,2024-10-30,400,0
ORD-105854,SUP-010,Southeast,Apparel,CarrierB,11/19/2024,2024-11-26,2024-11-25,64,0
ORD-105773,SUP-009,Midwest,Industrial Parts,CarrierC,09/23/2024,2024-09-30,2024-10-03,463,0
ORD-104937,SUP-017,Northeast,Home Goods,CarrierA,22-Oct-2024,2024-10-27,2024-10-27,241,0
ORD-104017,SUP-019,,Electronics,CarrierC,2024-12-06,2024-12-11,2024-12-11,488,0
ORD-101444,SUP-009,Northeast,Electronics,CarrierD,04/18/2024,2024-04-21,2024-04-21,483,0
ORD-101928,SUP-010,Midwest,Apparel,CarrierD,08/02/2024,2024-08-04,2024-08-04,114,0
ORD-103935,SUP-019,West,Perishables,CarrierA,26-Aug-2024,2024-08-29,2024-08-29,328,0
ORD-105274,SUP-020,Southeast,Office Supplies,CarrierB,04/07/2024,2024-04-10,2024-04-17,451,0
ORD-104919,SUP-014,Southeast,Home Goods,CarrierC,29-Dec-2024,2024-12-31,2025-01-03,130,0
ORD-104292,SUP-016,Southeast,,CarrierC,2024-03-01,2024-03-06,2024-03-06,203,0
ORD-102133,SUP-018,West,Home Goods,CarrierA,01/23/2024,2024-01-25,2024-01-24,82,0
ORD-102717,SUP-001,Northeast,Perishables,CarrierA,2024/08/17,2024-08-27,2024-09-02,331,0
ORD-100418,SUP-006,Midwest,Industrial Parts,CarrierD,2024-12-14,2024-12-24,2024-12-25,456,0
ORD-101702,SUP-010,Southwest,Office Supplies,CarrierB,02-Feb-2024,2024-02-07,2024-02-06,462,0
ORD-105674,SUP-001,Southeast,Industrial Parts,CarrierC,2024-11-08,2024-11-18,2024-11-24,100,0
ORD-105179,SUP-003,Northeast,Home Goods,CarrierB,2024/04/11,2024-04-18,2024-04-21,132,0
ORD-103880,SUP-005,Southeast,Electronics,CarrierD,12/01/2024,2024-12-04,2024-12-04,251,0
ORD-103941,SUP-020,Southwest,Apparel,CarrierD,30-Aug-2024,2024-09-09,2024-09-12,389,0
ORD-104423,SUP-007,Northeast,Electronics,CarrierA,2024-05-05,2024-05-08,2024-05-08,482,0
ORD-105261,SUP-017,Southwest,,CarrierA,14-Aug-2024,2024-08-21,2024-08-21,41,0
ORD-102839,SUP-009,Northeast,Industrial Parts,CarrierB,2024/02/16,2024-02-26,2024-02-25,435,0
ORD-100437,SUP-015,Midwest,Perishables,CarrierC,2024/01/03,2024-01-10,2024-01-09,246,0
ORD-105533,SUP-002,Northeast,Office Supplies,CarrierA,2024/06/24,2024-07-04,2024-07-08,344,0
ORD-101436,SUP-004,West,Industrial Parts,CarrierB,02-Aug-2024,2024-08-12,,455,0
ORD-103787,SUP-009,Northeast,Apparel,CarrierA,2024-05-05,2024-05-08,2024-05-07,410,0
ORD-105873,SUP-014,Southeast,,CarrierC,2024-04-12,2024-04-14,2024-04-14,241,0
ORD-103757,SUP-004,Southeast,Home Goods,CarrierC,29-May-2024,2024-05-31,2024-06-07,242,0
ORD-100534,SUP-018,Southwest,Perishables,CarrierB,2024/08/17,2024-08-22,2024-08-22,238,0
ORD-100821,SUP-020,Southeast,Electronics,CarrierB,20-Oct-2024,2024-10-22,2024-10-22,340,0
ORD-101848,SUP-011,Northeast,Perishables,CarrierB,11-Jul-2024,2024-07-14,2024-07-17,335,0
ORD-101571,SUP-010,Northeast,Industrial Parts,CarrierC,2024/08/05,2024-08-08,2024-08-07,180,0
ORD-105087,SUP-005,Southwest,Electronics,CarrierD,13-Aug-2024,2024-08-16,2024-08-16,77,0
ORD-103667,SUP-003,Southeast,Perishables,CarrierA,04-Sep-2024,2024-09-06,2024-09-13,139,0
ORD-101417,SUP-012,West,Industrial Parts,CarrierC,2024/11/29,2024-12-09,2024-12-12,209,0
ORD-101563,SUP-010,Northeast,,CarrierA,20-Dec-2024,2024-12-25,2024-12-25,391,0
ORD-100175,SUP-011,West,Industrial Parts,CarrierC,29-Mar-2024,2024-04-03,2024-04-02,470,0
ORD-103014,SUP-005,West,Industrial Parts,CarrierB,2024-12-17,2024-12-27,2024-12-26,356,0
ORD-101995,SUP-019,West,Apparel,CarrierB,2024-06-30,2024-07-02,,434,0
ORD-105075,SUP-015,Northeast,Perishables,CarrierC,2024/11/30,2024-12-05,2024-12-08,102,0
ORD-104258,SUP-019,Midwest,Perishables,CarrierA,15-Apr-2024,2024-04-17,2024-04-23,453,0
ORD-105501,SUP-008,Southeast,Industrial Parts,CarrierD,16-Aug-2024,2024-08-26,2024-08-26,14,0
ORD-101542,SUP-002,Northeast,Perishables,CarrierD,2024/05/02,2024-05-09,2024-05-13,245,0
ORD-103603,SUP-017,Midwest,Office Supplies,CarrierC,2024/01/05,2024-01-10,2024-01-10,78,0
ORD-101433,SUP-010,Southeast,Apparel,CarrierA,05/24/2024,2024-05-26,2024-05-25,216,0
ORD-105789,SUP-018,Southeast,Office Supplies,CarrierC,02/06/2024,2024-02-09,,410,0
ORD-104437,SUP-010,Northeast,Home Goods,CarrierA,2024/03/24,2024-03-27,2024-03-27,490,0
ORD-101646,SUP-019,Southeast,Industrial Parts,CarrierC,2024-01-22,2024-01-27,2024-01-30,92,0
ORD-100630,SUP-017,Midwest,Home Goods,CarrierD,2024-07-31,2024-08-03,2024-08-03,294,0
ORD-100909,SUP-006,Southeast,Apparel,CarrierB,2024/09/05,2024-09-08,2024-09-07,405,0
ORD-103417,SUP-018,Southeast,,CarrierC,02/06/2024,2024-02-08,2024-02-07,467,0
ORD-101925,SUP-013,Midwest,,CarrierD,2024-03-20,2024-03-30,2024-03-29,233,0
ORD-105546,SUP-008,Midwest,Apparel,CarrierD,2024/08/08,2024-08-15,2024-08-15,253,0
ORD-105114,SUP-003,Southwest,Industrial Parts,CarrierA,2024/06/10,2024-06-13,2024-06-15,331,0
ORD-104793,SUP-005,West,Office Supplies,CarrierB,05/02/2024,2024-05-05,2024-05-05,46,0
ORD-102751,SUP-011,Southwest,Office Supplies,CarrierA,2024/06/30,2024-07-03,2024-07-03,376,0
ORD-105123,SUP-018,Southwest,Home Goods,CarrierC,2024-01-07,2024-01-09,2024-01-13,167,0
ORD-104040,SUP-006,Southeast,Electronics,CarrierB,2024/11/04,2024-11-06,2024-11-05,343,0
ORD-103636,SUP-004,Northeast,Industrial Parts,CarrierC,2024/05/25,2024-05-27,2024-05-26,168,0
ORD-103021,SUP-007,West,Home Goods,CarrierC,2024-07-17,2024-07-19,2024-07-19,224,0
ORD-100619,SUP-013,Midwest,Perishables,CarrierC,2024-11-06,2024-11-11,2024-11-16,485,0
ORD-105277,SUP-009,Southwest,Industrial Parts,CarrierA,13-Sep-2024,2024-09-23,2024-09-23,414,0
ORD-104837,SUP-012,Southwest,Perishables,CarrierA,09/12/2024,2024-09-17,2024-09-21,21,0
ORD-100216,SUP-007,Northeast,Industrial Parts,CarrierA,07/17/2024,2024-07-27,2024-07-27,302,0
ORD-102355,SUP-007,Northeast,Perishables,CarrierB,2024/11/12,2024-11-14,2024-11-20,329,0
ORD-105218,SUP-011,Midwest,Home Goods,CarrierD,2024-11-04,2024-11-07,2024-11-07,180,0
ORD-104214,SUP-018,Northeast,Apparel,CarrierC,2024-11-08,2024-11-18,2024-11-26,483,0
ORD-104241,SUP-006,Southwest,Perishables,CarrierC,2024/03/02,2024-03-07,2024-03-11,103,0
ORD-105235,SUP-012,West,Perishables,CarrierB,2024-06-16,2024-06-19,2024-06-23,286,0
ORD-105302,SUP-010,Northeast,Home Goods,CarrierC,2024/08/09,2024-08-11,2024-08-11,335,0
ORD-104704,SUP-017,Southeast,Perishables,CarrierB,2024/04/05,2024-04-15,2024-04-18,359,0
ORD-102132,SUP-012,Southwest,Electronics,CarrierB,21-Feb-2024,2024-03-02,2024-03-03,178,0
ORD-103128,SUP-005,Northeast,Home Goods,CarrierD,2024/04/04,2024-04-07,2024-04-07,387,0
ORD-102471,SUP-009,West,Office Supplies,CarrierD,2024-10-31,2024-11-07,2024-11-07,340,0
ORD-100460,SUP-013,Northeast,Electronics,CarrierB,03/17/2024,2024-03-19,2024-03-18,262,0
ORD-104981,SUP-011,West,Electronics,CarrierC,2024-06-26,2024-07-01,2024-07-01,131,0
ORD-102007,SUP-008,Southeast,Apparel,CarrierC,2024/09/17,2024-09-24,2024-09-24,340,0
ORD-104357,SUP-014,Midwest,Industrial Parts,CarrierB,04-Oct-2024,2024-10-07,2024-10-06,282,0
ORD-100267,SUP-004,Southwest,Industrial Parts,CarrierD,05/20/2024,2024-05-30,2024-05-29,162,0
ORD-104364,SUP-001,Southwest,Apparel,CarrierC,06/13/2024,2024-06-18,2024-06-18,365,0
ORD-101521,SUP-012,West,Apparel,CarrierB,12/08/2024,2024-12-13,2024-12-13,426,0
ORD-105857,SUP-009,Midwest,Electronics,CarrierA,2024-02-19,2024-02-22,2024-02-22,433,0
ORD-100817,SUP-009,Southwest,Electronics,CarrierC,01-Nov-2024,2024-11-04,2024-11-03,225,0
ORD-104158,SUP-016,Southwest,Office Supplies,CarrierB,2024-05-15,2024-05-18,2024-05-17,497,0
ORD-102575,SUP-012,Northeast,Home Goods,CarrierD,2024/09/01,2024-09-04,2024-09-03,257,0
ORD-104607,SUP-013,Northeast,Home Goods,CarrierC,2024-07-12,2024-07-15,2024-07-15,448,0
ORD-103354,SUP-009,West,Apparel,CarrierD,08/16/2024,2024-08-23,2024-08-23,286,0
ORD-102451,SUP-005,Southwest,Perishables,CarrierC,2024-09-10,2024-09-15,2024-09-14,29,0
ORD-105063,SUP-005,,Electronics,CarrierB,2024-06-07,2024-06-12,2024-06-11,496,0
ORD-101291,SUP-018,Northeast,Industrial Parts,CarrierC,16-Jun-2024,2024-06-21,2024-06-21,74,0
ORD-100001,SUP-010,Southwest,Perishables,CarrierC,12-Jan-2024,2024-01-14,2024-01-13,485,0
ORD-103248,SUP-004,Northeast,Office Supplies,CarrierA,2024/09/27,2024-10-04,2024-10-08,402,0
ORD-101752,SUP-017,Northeast,Office Supplies,CarrierA,2024/08/04,2024-08-11,2024-08-11,296,0
ORD-103819,SUP-016,Midwest,Electronics,CarrierB,2024-07-01,2024-07-06,2024-07-06,311,0
ORD-104956,SUP-010,Southeast,Home Goods,CarrierB,2024-11-07,2024-11-17,2024-11-17,30,0
ORD-104069,SUP-016,Southeast,Apparel,CarrierD,2024-03-24,2024-03-31,2024-03-31,267,1
ORD-101103,SUP-012,Midwest,Home Goods,CarrierD,2024-07-19,2024-07-22,2024-07-22,429,0
ORD-100561,SUP-007,Midwest,Electronics,CarrierC,2024/03/20,2024-03-27,2024-03-27,373,0
ORD-104360,SUP-020,West,Home Goods,CarrierA,21-Aug-2024,2024-08-23,2024-08-23,246,0
ORD-104381,SUP-007,Northeast,Electronics,CarrierD,11/24/2024,2024-12-04,2024-12-03,245,0
ORD-100880,SUP-005,Southeast,Industrial Parts,CarrierD,08/22/2024,2024-08-25,2024-08-25,405,0
ORD-101787,SUP-005,West,Industrial Parts,CarrierC,15-Feb-2024,2024-02-18,2024-02-18,102,0
ORD-101008,SUP-018,Midwest,,CarrierD,19-Apr-2024,2024-04-21,2024-04-20,308,0
ORD-105779,SUP-004,Northeast,Perishables,CarrierC,2024-04-23,2024-04-25,2024-05-01,469,0
ORD-105672,SUP-005,,Perishables,CarrierC,2024/07/17,2024-07-19,2024-07-21,443,0
ORD-101426,SUP-019,Southwest,Perishables,CarrierB,2024/11/16,2024-11-18,2024-11-18,444,0
ORD-101120,SUP-014,Southeast,Industrial Parts,CarrierA,2024/06/13,2024-06-23,2024-06-23,124,0
ORD-102166,SUP-014,Midwest,Perishables,CarrierA,2024-02-07,2024-02-17,2024-02-17,401,0
ORD-104353,SUP-003,Northeast,Industrial Parts,CarrierA,17-Jan-2024,2024-01-19,2024-01-22,128,0
ORD-101195,SUP-019,Northeast,Apparel,CarrierD,08/23/2024,2024-08-26,2024-08-29,422,0
ORD-104836,SUP-008,Northeast,,CarrierC,06/27/2024,2024-07-04,2024-07-08,465,0
ORD-105540,SUP-005,Midwest,Apparel,CarrierC,2024-12-01,2024-12-08,2024-12-08,253,0
ORD-105267,SUP-019,Northeast,Apparel,CarrierB,12/22/2024,2025-01-01,2025-01-01,482,0
ORD-101330,SUP-019,Southwest,Electronics,CarrierC,29-Feb-2024,2024-03-03,2024-03-02,333,0
ORD-105197,SUP-006,Midwest,Office Supplies,CarrierD,2024-11-08,2024-11-10,2024-11-10,113,0
ORD-104687,SUP-010,West,Home Goods,CarrierB,2024-05-08,2024-05-10,2024-05-10,81,0
ORD-105330,SUP-017,Southwest,Industrial Parts,CarrierA,10/26/2024,2024-10-29,2024-10-29,299,0
ORD-105907,SUP-010,West,Perishables,CarrierA,2024/11/09,2024-11-12,2024-11-12,199,0
ORD-101420,SUP-006,Southeast,Industrial Parts,CarrierA,02/05/2024,2024-02-12,2024-02-12,332,0
ORD-102659,SUP-009,West,Perishables,CarrierD,18-Jun-2024,2024-06-28,2024-06-28,365,0
ORD-102179,SUP-016,Southwest,Office Supplies,CarrierD,2024/07/11,2024-07-14,2024-07-14,315,0
ORD-105947,SUP-014,Midwest,Apparel,CarrierA,2024-01-28,2024-02-07,,84,0
ORD-104400,SUP-003,Southwest,Electronics,CarrierD,2024/01/29,2024-02-03,2024-02-02,346,0
ORD-101721,SUP-019,Northeast,Home Goods,CarrierD,07-Feb-2024,2024-02-14,2024-02-14,499,0
ORD-101231,SUP-009,Southwest,Electronics,CarrierD,26-Jun-2024,2024-06-28,2024-07-05,438,0
ORD-102206,SUP-002,Midwest,Office Supplies,CarrierD,29-Nov-2024,2024-12-02,2024-12-03,262,0
ORD-100396,SUP-013,West,Office Supplies,CarrierC,2024-03-25,2024-04-04,2024-04-04,3,0
ORD-100332,SUP-016,Southwest,Home Goods,CarrierD,2024-12-29,2025-01-03,2025-01-03,357,0
ORD-102579,SUP-019,Southeast,Home Goods,CarrierD,09-Jun-2024,2024-06-19,2024-06-19,256,0
ORD-105391,SUP-008,Northeast,Office Supplies,CarrierB,01-Dec-2024,2024-12-04,2024-12-04,299,0
ORD-105934,SUP-009,Southeast,Office Supplies,CarrierB,05/03/2024,2024-05-10,2024-05-14,324,0
ORD-101535,SUP-001,Southwest,Perishables,CarrierC,11/15/2024,2024-11-22,2024-11-25,227,0
ORD-103201,SUP-020,Midwest,Home Goods,CarrierC,2024/08/30,2024-09-01,2024-09-04,256,0
ORD-102328,SUP-016,Southwest,Industrial Parts,CarrierB,2024-02-28,2024-03-01,2024-03-01,366,0
ORD-101959,SUP-020,West,Perishables,CarrierA,2024-04-18,2024-04-25,2024-04-25,256,0
ORD-100613,SUP-008,West,Office Supplies,CarrierA,2024-04-12,2024-04-14,2024-04-13,244,0
ORD-100290,SUP-010,Southeast,Perishables,CarrierC,03/05/2024,2024-03-15,2024-03-14,139,0
ORD-105132,SUP-010,Northeast,Apparel,CarrierD,2024/05/21,2024-05-24,2024-05-23,405,0
ORD-102527,SUP-008,Southeast,Industrial Parts,CarrierC,2024-07-29,2024-07-31,2024-08-10,120,0
ORD-100990,SUP-019,Midwest,Perishables,CarrierC,2024-08-14,2024-08-21,2024-08-20,119,0
ORD-102406,SUP-014,Northeast,Industrial Parts,CarrierD,09-Jul-2024,2024-07-14,2024-07-14,181,0
ORD-105730,SUP-008,Southwest,Industrial Parts,CarrierA,2024-10-01,2024-10-06,2024-10-12,317,0
ORD-102932,SUP-003,Southeast,Office Supplies,CarrierA,2024-03-14,2024-03-21,2024-03-21,321,0
ORD-102645,SUP-005,Northeast,,CarrierA,2024-04-15,2024-04-22,2024-04-21,78,0
ORD-102287,SUP-006,West,Electronics,CarrierC,03/13/2024,2024-03-15,2024-03-15,304,0
ORD-100650,SUP-007,Southwest,Office Supplies,CarrierB,04-Nov-2024,2024-11-09,2024-11-09,477,0
ORD-101559,SUP-006,Midwest,Office Supplies,CarrierC,2024-08-05,2024-08-15,2024-08-15,189,0
ORD-100487,SUP-002,Midwest,Industrial Parts,CarrierB,05-Jun-2024,2024-06-12,2024-06-11,302,0
ORD-104510,SUP-015,West,Office Supplies,CarrierB,03/27/2024,2024-04-01,2024-04-03,100,0
ORD-101772,SUP-012,Midwest,Electronics,CarrierD,06/04/2024,2024-06-06,2024-06-10,422,0
ORD-102290,SUP-001,,Home Goods,CarrierB,2024-06-07,2024-06-10,2024-06-09,213,0
ORD-101678,SUP-008,Midwest,,CarrierD,06/03/2024,2024-06-05,2024-06-05,4,0
ORD-100345,SUP-003,West,Electronics,CarrierC,2024/02/04,2024-02-09,2024-02-09,477,0
ORD-101313,SUP-020,Southeast,Apparel,CarrierD,2024-01-21,2024-01-28,2024-02-02,301,0
ORD-104061,SUP-010,Southeast,Industrial Parts,CarrierB,03/09/2024,2024-03-12,2024-03-12,443,0
ORD-103854,SUP-020,,Industrial Parts,CarrierB,08/24/2024,2024-08-27,2024-08-27,410,0
ORD-100852,SUP-016,West,Industrial Parts,CarrierA,13-Oct-2024,2024-10-15,2024-10-15,190,0
ORD-104436,SUP-003,Southwest,Apparel,CarrierA,06-Jan-2024,2024-01-08,2024-01-08,348,0
ORD-100092,SUP-011,Southeast,Industrial Parts,CarrierB,2024-08-30,2024-09-01,2024-09-01,342,0
ORD-103888,SUP-011,Northeast,Perishables,CarrierD,2024-02-29,2024-03-02,2024-03-01,194,0
ORD-104250,SUP-016,West,Office Supplies,CarrierB,2024/01/30,2024-02-09,2024-02-11,96,0
ORD-104082,SUP-015,West,Apparel,CarrierA,03/10/2024,2024-03-17,2024-03-29,185,0
ORD-100794,SUP-007,Southwest,Electronics,CarrierB,2024-03-02,2024-03-04,2024-03-08,340,0
ORD-105754,SUP-012,Southeast,Home Goods,CarrierD,2024-04-24,2024-05-04,2024-05-06,335,0
ORD-103295,SUP-011,West,Electronics,CarrierB,2024/07/14,2024-07-16,2024-07-16,335,0
ORD-102565,SUP-020,West,Electronics,CarrierD,2024-09-16,2024-09-26,2024-09-30,301,0
ORD-105601,SUP-012,West,Apparel,CarrierB,2024-04-12,2024-04-14,2024-04-14,419,0
ORD-104895,SUP-010,Southwest,Office Supplies,CarrierB,2024-09-03,2024-09-05,2024-09-04,308,0
ORD-102332,SUP-008,Midwest,Perishables,CarrierB,2024/08/16,2024-08-21,2024-08-20,368,0
ORD-100702,SUP-013,Southwest,Home Goods,CarrierC,2024/01/20,2024-01-23,2024-01-25,492,0
ORD-101774,SUP-004,Northeast,Home Goods,CarrierD,06/03/2024,2024-06-05,2024-06-05,139,0
ORD-105472,SUP-013,Midwest,Perishables,CarrierA,2024/05/14,2024-05-24,2024-06-02,215,0
ORD-104316,SUP-006,Southeast,Industrial Parts,CarrierA,2024/11/28,2024-12-08,2024-12-11,89,0
ORD-103393,SUP-013,Northeast,Perishables,CarrierA,12/18/2024,2024-12-23,2024-12-22,189,0
ORD-103690,SUP-016,Midwest,Electronics,CarrierA,2024-04-12,2024-04-22,2024-04-21,140,0
ORD-105706,SUP-007,,Industrial Parts,CarrierC,04/06/2024,2024-04-13,2024-04-12,431,0
ORD-102372,SUP-010,Northeast,Electronics,CarrierA,20-Nov-2024,2024-11-25,2024-11-25,129,0
ORD-102821,SUP-011,West,Office Supplies,CarrierA,29-Jan-2024,2024-01-31,2024-01-31,146,0
ORD-102742,SUP-015,Southwest,Home Goods,CarrierC,2024-06-15,2024-06-17,2024-06-16,275,0
ORD-101525,SUP-013,Southwest,Perishables,CarrierA,08/29/2024,2024-09-08,2024-09-14,293,0
ORD-102943,SUP-018,Midwest,Home Goods,CarrierD,08/05/2024,2024-08-12,2024-08-12,304,0
ORD-102652,SUP-006,Northeast,Perishables,CarrierB,12/29/2024,2025-01-03,2025-01-02,257,0
ORD-105936,SUP-002,Midwest,Office Supplies,CarrierD,2024/09/18,2024-09-25,2024-09-25,30,0
ORD-105859,SUP-016,Midwest,Industrial Parts,CarrierA,12-Feb-2024,2024-02-19,2024-02-21,301,0
ORD-100430,SUP-006,Midwest,Industrial Parts,CarrierC,12-Feb-2024,2024-02-15,2024-02-22,224,0
ORD-104548,SUP-011,Southwest,Apparel,CarrierD,2024/03/22,2024-03-29,2024-03-29,161,0
ORD-103289,SUP-004,Southeast,Home Goods,CarrierC,2024/11/09,2024-11-12,2024-11-18,437,0
ORD-102249,SUP-019,West,Home Goods,CarrierA,2024/07/26,2024-08-02,,338,0
ORD-102756,SUP-001,Southwest,Home Goods,CarrierC,2024-11-20,2024-11-25,,205,0
ORD-105443,SUP-017,Southeast,Home Goods,CarrierB,08-Nov-2024,2024-11-15,2024-11-15,228,0
ORD-104015,SUP-013,Southeast,Perishables,CarrierB,22-Nov-2024,2024-11-25,2024-11-24,85,0
ORD-104761,SUP-005,Northeast,Apparel,CarrierC,2024-03-26,2024-03-31,2024-03-31,423,0
ORD-105413,SUP-017,West,Electronics,CarrierC,23-Jul-2024,2024-08-02,2024-08-02,308,0
ORD-105777,SUP-004,Midwest,Perishables,CarrierB,2024-07-01,2024-07-11,2024-07-11,50,0
ORD-101739,SUP-010,Northeast,Perishables,CarrierC,2024-07-01,2024-07-04,2024-07-05,18,0
ORD-101128,SUP-005,Midwest,Electronics,CarrierA,11/26/2024,2024-12-06,2024-12-06,443,0
ORD-103522,SUP-013,West,Home Goods,CarrierA,03/03/2024,2024-03-06,2024-03-06,155,0
ORD-103017,SUP-019,West,Office Supplies,CarrierD,2024/03/18,2024-03-20,2024-03-24,146,0
ORD-103513,SUP-012,West,Industrial Parts,CarrierA,2024/02/16,2024-02-21,2024-02-20,46,0
ORD-102441,SUP-001,West,Office Supplies,CarrierB,2024-02-06,2024-02-08,2024-02-08,39,0
ORD-103921,SUP-004,West,Perishables,CarrierB,2024-05-28,2024-05-31,2024-05-31,95,0
ORD-105430,SUP-018,Southeast,Home Goods,CarrierD,08/09/2024,2024-08-12,2024-08-20,60,0
ORD-100505,SUP-005,Midwest,Industrial Parts,CarrierD,28-Jul-2024,2024-08-04,2024-08-03,275,0
ORD-100632,SUP-015,Midwest,Home Goods,CarrierB,2024/11/08,2024-11-10,2024-11-09,461,0
ORD-100577,SUP-003,West,Office Supplies,CarrierC,26-Nov-2024,2024-12-06,2024-12-06,31,0
ORD-103544,SUP-012,Southwest,Office Supplies,CarrierB,2024-06-18,2024-06-23,2024-06-23,287,0
ORD-101080,SUP-005,Northeast,Electronics,CarrierB,2024/09/20,2024-09-23,2024-09-23,126,0
ORD-105210,SUP-003,Southwest,Electronics,CarrierA,2024/03/26,2024-03-29,2024-04-03,146,0
ORD-105663,SUP-017,Midwest,Home Goods,CarrierD,2024-04-15,2024-04-22,2024-04-22,276,0
ORD-102852,SUP-017,Midwest,Electronics,CarrierD,2024/10/28,2024-10-30,2024-10-30,114,0
ORD-105147,SUP-008,Southeast,Home Goods,CarrierD,03/18/2024,2024-03-20,2024-03-26,183,0
ORD-103976,SUP-003,Northeast,Electronics,CarrierC,18-Aug-2024,2024-08-25,2024-08-24,405,0
ORD-105484,SUP-020,Midwest,Office Supplies,CarrierB,07-Jan-2024,2024-01-14,2024-01-14,148,0
ORD-101855,SUP-003,Midwest,Office Supplies,CarrierB,16-May-2024,2024-05-18,2024-05-18,457,0
ORD-101917,SUP-009,Midwest,Apparel,CarrierD,2024-08-22,2024-09-01,2024-09-03,156,0
ORD-103516,SUP-010,Northeast,Apparel,CarrierA,2024/06/09,2024-06-12,2024-06-12,379,0
ORD-103100,SUP-003,Midwest,Industrial Parts,CarrierD,2024-10-03,2024-10-06,2024-10-07,86,0
ORD-100983,SUP-018,Southeast,Office Supplies,CarrierC,2024/01/07,2024-01-14,2024-01-14,403,0
ORD-104902,SUP-016,,Industrial Parts,CarrierD,05/31/2024,2024-06-10,2024-06-10,479,0
ORD-101675,SUP-016,Northeast,Electronics,CarrierC,10/13/2024,2024-10-18,2024-10-18,223,0
ORD-100785,SUP-011,Northeast,,CarrierC,2024-10-21,2024-10-28,2024-10-28,490,0
ORD-104746,SUP-015,Midwest,Apparel,CarrierA,2024/05/21,2024-05-24,2024-05-25,2,0
ORD-101973,SUP-002,Southwest,Electronics,CarrierB,04/12/2024,2024-04-14,2024-04-24,353,0
ORD-100500,SUP-014,Midwest,Electronics,CarrierA,2024/09/16,2024-09-18,2024-09-18,471,1
ORD-104305,SUP-015,Northeast,Office Supplies,CarrierD,2024-03-19,2024-03-26,2024-03-26,268,0
ORD-103696,SUP-011,Southwest,Office Supplies,CarrierC,2024/04/25,2024-04-28,2024-04-28,282,0
ORD-102117,SUP-019,Southwest,Electronics,CarrierC,11-Nov-2024,2024-11-21,2024-11-21,342,0
ORD-105031,SUP-018,Southwest,Home Goods,CarrierA,08/08/2024,2024-08-15,2024-08-14,486,0
ORD-101361,SUP-016,West,Apparel,CarrierD,2024/12/06,2024-12-11,2024-12-15,262,0
ORD-100292,SUP-019,West,Electronics,CarrierC,11/17/2024,2024-11-19,2024-11-19,341,0
ORD-102438,SUP-009,,Office Supplies,CarrierB,01/10/2024,2024-01-12,2024-01-12,81,0
ORD-103525,SUP-012,West,Apparel,CarrierC,2024-01-20,2024-01-22,2024-01-22,86,1
ORD-101682,SUP-012,Midwest,Electronics,CarrierB,2024/02/28,2024-03-04,2024-03-04,469,0
ORD-100093,SUP-008,Northeast,Electronics,CarrierD,01/25/2024,2024-01-30,2024-02-03,286,0
ORD-104100,SUP-010,Southeast,Electronics,CarrierC,2024-10-04,2024-10-09,2024-10-09,287,0
ORD-104555,SUP-004,Northeast,Perishables,CarrierB,2024-07-27,2024-08-01,2024-08-05,49,0
ORD-104387,SUP-004,Midwest,Industrial Parts,CarrierB,12/17/2024,2024-12-19,2024-12-23,267,1
ORD-104757,SUP-009,Midwest,Electronics,CarrierB,2024/05/29,2024-06-08,2024-06-07,280,0
ORD-102078,SUP-020,West,Apparel,CarrierC,07/21/2024,2024-07-23,2024-07-23,116,0
ORD-100859,SUP-005,West,Apparel,CarrierC,2024/03/27,2024-03-29,2024-03-28,428,0
ORD-103385,SUP-009,Southeast,Apparel,CarrierD,2024/01/22,2024-01-25,2024-02-01,378,0
ORD-100279,SUP-008,Southeast,Electronics,CarrierA,06/03/2024,2024-06-08,2024-06-08,474,0
ORD-103958,SUP-017,West,Industrial Parts,CarrierB,2024-07-12,2024-07-17,2024-07-20,95,0
ORD-105623,SUP-007,Northeast,Apparel,CarrierC,2024-08-25,2024-09-04,2024-09-03,458,0
ORD-101939,SUP-013,West,Perishables,CarrierC,2024-02-20,2024-02-25,2024-02-25,410,0
ORD-103754,SUP-013,West,Perishables,CarrierA,2024-02-03,2024-02-05,2024-02-12,184,0
ORD-105827,SUP-018,Midwest,Home Goods,CarrierA,2024/11/19,2024-11-21,2024-11-21,131,0
ORD-101956,SUP-011,Southeast,Industrial Parts,CarrierC,2024-12-23,2025-01-02,2025-01-02,144,0
ORD-103375,SUP-002,Southeast,Electronics,CarrierB,03/03/2024,2024-03-13,2024-03-15,195,0
ORD-100861,SUP-018,Midwest,Perishables,CarrierD,14-Oct-2024,2024-10-21,2024-10-21,381,1
ORD-103829,SUP-015,Southwest,Home Goods,CarrierA,09/03/2024,2024-09-05,2024-09-06,336,0
ORD-100938,SUP-012,,Apparel,CarrierB,2024/08/29,2024-08-31,2024-08-30,476,0
ORD-103773,SUP-003,Southeast,Apparel,CarrierC,03/25/2024,2024-03-30,2024-04-01,40,0
ORD-103886,SUP-017,Midwest,Industrial Parts,CarrierD,2024/12/09,2024-12-11,2024-12-10,263,0
ORD-100006,SUP-012,Southeast,Home Goods,CarrierA,2024-02-24,2024-02-26,2024-02-29,343,0
ORD-101063,SUP-013,West,Office Supplies,CarrierA,03-Mar-2024,2024-03-13,2024-03-13,12,0
ORD-102823,SUP-008,Southeast,Electronics,CarrierB,2024-08-11,2024-08-14,2024-08-16,499,0
ORD-102857,SUP-013,Southwest,Home Goods,CarrierC,11/25/2024,2024-12-02,2024-12-01,413,0
ORD-104269,SUP-003,West,Industrial Parts,CarrierA,2024-05-10,2024-05-17,2024-05-20,130,0
ORD-100224,SUP-005,West,Office Supplies,CarrierD,03/06/2024,2024-03-09,2024-03-08,429,0
ORD-101523,SUP-004,Northeast,Office Supplies,CarrierA,11/03/2024,2024-11-08,2024-11-07,402,0
ORD-102388,SUP-001,West,Home Goods,CarrierA,2024-06-22,2024-06-27,2024-06-29,262,0
ORD-100436,SUP-015,West,,CarrierD,2024-06-26,2024-06-29,2024-06-29,264,0
ORD-105519,SUP-020,Southwest,Apparel,CarrierB,16-Aug-2024,2024-08-19,2024-08-19,134,0
ORD-101043,SUP-010,Southwest,Electronics,CarrierD,18-Aug-2024,2024-08-23,2024-08-23,105,0
ORD-101358,SUP-004,West,Electronics,CarrierD,2024/04/06,2024-04-13,2024-04-13,175,0
ORD-103984,SUP-009,Southwest,,CarrierD,2024/06/18,2024-06-28,2024-07-05,426,0
ORD-103276,SUP-002,Southeast,Office Supplies,CarrierC,29-Jan-2024,2024-02-08,2024-02-08,112,0
ORD-100602,SUP-002,Southwest,Industrial Parts,CarrierC,2024/12/08,2024-12-15,2024-12-19,339,0
ORD-104731,SUP-006,Northeast,Home Goods,CarrierC,2024-08-14,2024-08-19,2024-08-18,78,0
ORD-105206,SUP-017,Southeast,Apparel,CarrierC,2024/09/16,2024-09-23,2024-10-14,133,0
ORD-105890,SUP-001,Northeast,Home Goods,CarrierB,2024/01/29,2024-02-01,2024-02-13,15,0
ORD-101338,SUP-020,West,Apparel,CarrierA,12/13/2024,2024-12-16,2024-12-18,451,0
ORD-104181,SUP-002,Midwest,Industrial Parts,CarrierD,2024/06/29,2024-07-01,2024-07-10,232,1
ORD-103084,SUP-009,Midwest,Electronics,CarrierB,2024/06/21,2024-07-01,2024-07-04,63,0
ORD-101853,SUP-015,Midwest,Apparel,CarrierA,07/25/2024,2024-08-01,2024-08-01,133,0
ORD-102874,SUP-011,Northeast,Home Goods,CarrierC,09/13/2024,2024-09-16,2024-09-16,445,0
ORD-100768,SUP-004,Northeast,Industrial Parts,CarrierA,07/16/2024,2024-07-26,2024-07-29,232,0
ORD-101308,SUP-002,West,Home Goods,CarrierA,2024/09/14,2024-09-16,2024-09-16,84,0
ORD-102079,SUP-012,West,Industrial Parts,CarrierA,2024-07-16,2024-07-26,2024-07-25,298,0
ORD-103786,SUP-013,Northeast,,CarrierC,2024-05-05,2024-05-08,,213,0
ORD-105086,SUP-015,Southeast,Industrial Parts,CarrierC,11-Oct-2024,2024-10-21,2024-10-20,31,0
ORD-103183,SUP-017,Southwest,Perishables,CarrierA,2024-10-08,2024-10-15,2024-10-23,247,0
ORD-102104,SUP-014,Midwest,Industrial Parts,CarrierC,2024/06/30,2024-07-03,2024-07-03,16,0
ORD-101931,SUP-001,Midwest,Industrial Parts,CarrierA,2024-05-07,2024-05-17,2024-05-17,33,0
ORD-102450,SUP-020,West,Industrial Parts,CarrierC,2024-01-23,2024-01-28,2024-01-28,180,0
ORD-103679,SUP-017,Northeast,Industrial Parts,CarrierD,03/02/2024,2024-03-07,2024-03-07,184,0
ORD-100464,SUP-003,Southeast,Industrial Parts,CarrierD,2024/04/26,2024-05-06,2024-05-10,288,0
ORD-100568,SUP-017,Southeast,Apparel,CarrierD,2024/07/06,2024-07-09,2024-07-09,325,0
ORD-100725,SUP-001,Northeast,Home Goods,CarrierA,11/14/2024,2024-11-21,2024-11-21,332,0
ORD-103259,SUP-004,Northeast,Office Supplies,CarrierA,2024/05/17,2024-05-22,2024-05-22,348,0
ORD-101818,SUP-004,West,Perishables,CarrierB,2024/09/18,2024-09-28,2024-10-04,376,0
ORD-101526,SUP-013,West,Perishables,CarrierA,2024-06-20,2024-06-27,2024-06-26,115,0
ORD-103710,SUP-018,Midwest,Electronics,CarrierC,24-Oct-2024,2024-10-27,2024-10-27,86,0
ORD-100395,SUP-008,Southwest,Electronics,CarrierD,2024/12/19,2024-12-26,2024-12-26,322,0
ORD-102279,SUP-001,Southeast,Home Goods,CarrierC,2024-10-07,2024-10-14,2024-10-14,451,0
ORD-104995,SUP-007,Southwest,Home Goods,CarrierA,28-May-2024,2024-05-31,2024-05-31,34,0
ORD-100660,SUP-014,West,Home Goods,CarrierB,09/07/2024,2024-09-09,2024-09-11,180,1
ORD-100813,SUP-016,Northeast,Home Goods,CarrierA,2024/11/20,2024-11-30,2024-12-09,66,0
ORD-102101,SUP-010,Midwest,Apparel,CarrierC,20-Oct-2024,2024-10-25,2024-10-25,347,0
ORD-101143,SUP-016,West,Office Supplies,CarrierA,2024-09-11,2024-09-18,2024-09-20,279,0
ORD-101035,SUP-017,Midwest,Electronics,CarrierA,16-Jul-2024,2024-07-23,2024-07-27,197,0
ORD-103080,SUP-009,West,Industrial Parts,CarrierD,2024/03/16,2024-03-21,2024-03-27,487,0
ORD-100025,SUP-019,Northeast,Home Goods,CarrierD,09/28/2024,2024-10-01,2024-10-06,393,0
ORD-101823,SUP-006,Midwest,Apparel,CarrierD,2024-10-17,2024-10-20,2024-10-27,13,0
ORD-102490,SUP-009,Southeast,Perishables,CarrierA,2024-06-16,2024-06-26,2024-06-27,66,0
ORD-105451,SUP-009,Midwest,Apparel,CarrierA,13-Sep-2024,2024-09-20,2024-09-20,406,0
ORD-105457,SUP-016,,Electronics,CarrierD,2024/07/16,2024-07-19,2024-07-18,78,0
ORD-104506,SUP-001,,Industrial Parts,CarrierB,2024-11-15,2024-11-17,2024-11-22,434,0
ORD-101815,SUP-016,Midwest,Office Supplies,CarrierA,07/02/2024,2024-07-05,2024-07-05,54,0
ORD-104199,SUP-012,Southwest,,CarrierA,08/16/2024,2024-08-21,2024-08-21,384,0
ORD-104773,SUP-012,Southwest,Office Supplies,CarrierC,2024/08/14,2024-08-24,2024-08-23,491,0
ORD-101962,SUP-014,Midwest,Perishables,CarrierB,03/11/2024,2024-03-16,2024-03-15,154,0
ORD-104341,SUP-012,,Perishables,CarrierB,01-Jan-2024,2024-01-06,2024-01-06,74,0
ORD-100773,SUP-018,Southwest,Electronics,CarrierD,20-Nov-2024,2024-11-30,2024-12-02,79,0
ORD-104344,SUP-009,Southwest,Electronics,CarrierC,2024/06/20,2024-06-30,2024-06-29,42,0
ORD-105624,SUP-013,Southwest,Office Supplies,CarrierB,06/05/2024,2024-06-07,2024-06-07,377,0
ORD-104969,SUP-002,Northeast,Electronics,CarrierD,2024-10-24,2024-10-31,2024-11-07,482,0
ORD-103586,SUP-020,Midwest,Perishables,CarrierD,2024-10-15,2024-10-25,2024-11-06,63,0
ORD-105047,SUP-007,Northeast,Home Goods,CarrierC,2024-01-14,2024-01-19,2024-01-19,421,0
ORD-104142,SUP-013,Northeast,Electronics,CarrierA,2024/10/18,2024-10-25,2024-10-24,151,0
ORD-100201,SUP-016,Southwest,Electronics,CarrierD,2024-08-19,2024-08-21,2024-08-20,308,0
ORD-104805,SUP-009,Southeast,Perishables,CarrierC,11/29/2024,2024-12-06,2024-12-06,477,0
ORD-102070,SUP-007,Southwest,Industrial Parts,CarrierD,2024/06/09,2024-06-19,2024-06-19,185,0
ORD-101986,SUP-015,Southwest,Office Supplies,CarrierB,2024/07/09,2024-07-12,2024-07-11,383,0
ORD-104647,SUP-018,Midwest,Office Supplies,CarrierB,2024/02/12,2024-02-19,2024-02-19,295,0
ORD-104417,SUP-020,West,Perishables,CarrierB,05/11/2024,2024-05-16,2024-05-16,56,0
ORD-105164,SUP-012,Southwest,Office Supplies,CarrierA,02-Feb-2024,2024-02-07,2024-02-14,75,0
ORD-104656,SUP-004,Southwest,Electronics,CarrierB,2024/12/25,2024-12-27,2024-12-31,111,0
ORD-105710,SUP-009,Northeast,Perishables,CarrierB,09/09/2024,2024-09-19,2024-09-19,424,0
ORD-104645,SUP-018,Northeast,Perishables,CarrierC,30-Mar-2024,2024-04-06,2024-04-05,24,0
ORD-100790,SUP-019,Southwest,Apparel,CarrierB,10/20/2024,2024-10-30,2024-10-30,153,0
ORD-102346,SUP-013,,Office Supplies,CarrierA,02/21/2024,2024-03-02,2024-03-09,222,0
ORD-100139,SUP-020,,Home Goods,CarrierC,2024-12-13,2024-12-20,2024-12-27,357,0
ORD-101886,SUP-011,Northeast,Electronics,CarrierD,2024-09-15,2024-09-25,2024-09-25,309,0
ORD-100338,SUP-004,Northeast,Office Supplies,CarrierD,2024-12-27,2024-12-30,,327,0
ORD-100260,SUP-009,Southwest,Industrial Parts,CarrierA,12/17/2024,2024-12-19,2024-12-22,422,0
ORD-100036,SUP-020,Northeast,Office Supplies,CarrierA,2024/11/22,2024-11-24,2024-12-04,265,0
ORD-100719,SUP-016,,Perishables,CarrierC,19-Aug-2024,2024-08-22,2024-08-22,321,0
ORD-105888,SUP-014,Midwest,Apparel,CarrierA,2024-07-31,2024-08-07,2024-08-07,498,0
ORD-104865,SUP-010,Northeast,Office Supplies,CarrierD,03/22/2024,2024-03-25,2024-03-25,437,0
ORD-100376,SUP-016,Southeast,Apparel,CarrierB,2024-05-19,2024-05-26,2024-05-26,387,0
ORD-102694,SUP-012,Northeast,Office Supplies,CarrierA,01-Nov-2024,2024-11-03,2024-11-07,463,0
ORD-103041,SUP-003,Southwest,Industrial Parts,CarrierB,2024/03/03,2024-03-13,2024-03-15,247,0
ORD-103641,SUP-017,Northeast,Apparel,CarrierA,2024-02-21,2024-02-24,2024-03-04,406,0
ORD-100302,SUP-003,Southeast,Electronics,CarrierB,01/29/2024,2024-02-05,2024-02-08,173,0
ORD-101075,SUP-013,Southwest,Apparel,CarrierA,11/30/2024,2024-12-03,2024-12-06,113,0
ORD-105198,SUP-005,Southeast,Home Goods,CarrierA,01-Jun-2024,2024-06-03,2024-06-03,31,0
ORD-104747,SUP-004,West,Home Goods,CarrierA,2024/05/09,2024-05-19,2024-05-19,316,0
ORD-103163,SUP-005,Southwest,Office Supplies,CarrierC,2024-12-03,2024-12-10,2024-12-10,465,0
ORD-104226,SUP-001,West,Perishables,CarrierD,09/28/2024,2024-10-08,2024-10-14,337,0
ORD-100362,SUP-005,,Apparel,CarrierB,2024-05-16,2024-05-23,2024-05-22,79,0
ORD-105259,SUP-009,Northeast,Apparel,CarrierB,14-Aug-2024,2024-08-16,2024-08-21,358,0
ORD-101565,SUP-015,Midwest,,CarrierC,26-Aug-2024,2024-08-29,2024-08-28,26,0
ORD-105566,SUP-019,Northeast,Industrial Parts,CarrierB,08/03/2024,2024-08-06,2024-08-06,362,0
ORD-103142,SUP-015,West,Perishables,CarrierD,04/29/2024,2024-05-09,2024-05-14,214,0
ORD-103837,SUP-017,Northeast,Home Goods,CarrierB,29-May-2024,2024-06-05,2024-06-12,339,0
ORD-100953,SUP-009,Southeast,Home Goods,CarrierC,09-Dec-2024,2024-12-14,2024-12-14,370,0
ORD-100481,SUP-014,Southeast,Perishables,CarrierD,06/28/2024,2024-07-08,2024-07-08,430,0
ORD-103581,SUP-011,West,Perishables,CarrierD,2024-12-07,2024-12-17,2024-12-17,281,0
ORD-100272,SUP-009,Northeast,Perishables,CarrierA,08/13/2024,2024-08-23,2024-08-30,147,0
ORD-105991,SUP-004,Southwest,Industrial Parts,CarrierD,2024-02-13,2024-02-23,2024-02-24,72,0
ORD-102847,SUP-001,Midwest,Home Goods,CarrierA,28-Jun-2024,2024-07-01,2024-07-08,28,0
ORD-103005,SUP-007,Southeast,Apparel,CarrierD,12/30/2024,2025-01-04,2025-01-04,79,0
ORD-103271,SUP-007,Northeast,Industrial Parts,CarrierA,08-May-2024,2024-05-11,2024-05-11,154,0
ORD-105554,SUP-002,Northeast,Perishables,CarrierC,06/08/2024,2024-06-11,2024-06-14,20,0
ORD-100709,SUP-012,West,Apparel,CarrierD,2024-01-26,2024-01-28,2024-01-28,412,0
ORD-105007,SUP-017,Northeast,Home Goods,CarrierD,2024/05/17,2024-05-24,2024-05-24,176,0
ORD-104554,SUP-010,Southwest,Industrial Parts,CarrierA,2024-10-09,2024-10-16,2024-10-16,38,0
ORD-104795,SUP-020,Northeast,Perishables,CarrierC,06/24/2024,2024-07-01,2024-07-01,116,0
ORD-103585,SUP-005,Midwest,Industrial Parts,CarrierB,09/16/2024,2024-09-26,2024-09-25,279,0
ORD-100130,SUP-019,Southwest,Electronics,CarrierC,12-Nov-2024,2024-11-14,2024-11-17,356,0
ORD-105654,SUP-007,Southwest,Electronics,CarrierA,2024-11-13,2024-11-23,2024-11-22,405,0
ORD-104794,SUP-012,Northeast,Home Goods,CarrierA,2024/05/07,2024-05-10,2024-05-10,190,0
ORD-104050,SUP-001,West,Home Goods,CarrierD,05-Feb-2024,2024-02-10,2024-02-14,393,0
ORD-103691,SUP-007,Southeast,Electronics,CarrierD,2024/07/19,2024-07-26,2024-07-26,426,0
ORD-100490,SUP-004,,Home Goods,CarrierB,04/15/2024,2024-04-18,2024-04-18,195,0
ORD-100089,SUP-001,Midwest,Perishables,CarrierC,20-Jan-2024,2024-01-22,2024-01-25,291,0
ORD-101635,SUP-008,West,Perishables,CarrierB,2024-03-14,2024-03-24,2024-03-30,73,0
ORD-101992,SUP-010,Southwest,Apparel,CarrierD,01/15/2024,2024-01-22,2024-01-22,15,1
ORD-105239,SUP-013,Southeast,Office Supplies,CarrierC,2024/05/21,2024-05-24,2024-05-24,133,0
ORD-100351,SUP-010,Southeast,Home Goods,CarrierB,11-Oct-2024,2024-10-13,2024-10-12,273,0
ORD-102234,SUP-016,Northeast,Home Goods,CarrierA,2024-07-03,2024-07-05,2024-07-12,40,0
ORD-104053,SUP-019,Southwest,Electronics,CarrierA,2024-06-01,2024-06-03,2024-06-02,297,0
ORD-103847,SUP-014,Southeast,Perishables,CarrierA,2024-03-09,2024-03-11,2024-03-11,186,0
ORD-104525,SUP-010,Southeast,Office Supplies,CarrierC,01/23/2024,2024-01-30,2024-01-30,406,0
ORD-102909,SUP-019,Northeast,Industrial Parts,CarrierA,2024-03-14,2024-03-21,2024-03-29,155,0
ORD-101942,SUP-016,West,Industrial Parts,CarrierC,12/01/2024,2024-12-11,2024-12-11,145,0
ORD-100399,SUP-016,Northeast,Industrial Parts,CarrierD,04-Jun-2024,2024-06-07,2024-06-07,480,0
ORD-103355,SUP-005,Northeast,Industrial Parts,CarrierC,2024-05-30,2024-06-06,2024-06-06,493,0
ORD-102954,SUP-013,West,Apparel,CarrierB,2024/10/15,2024-10-17,2024-10-23,22,0
ORD-101046,SUP-003,Midwest,Apparel,CarrierC,2024/08/09,2024-08-12,2024-08-12,132,0
ORD-101049,SUP-016,Southeast,Perishables,CarrierB,07-Jun-2024,2024-06-12,2024-07-01,271,0
ORD-105272,SUP-006,Midwest,Apparel,CarrierD,2024/09/16,2024-09-23,2024-09-30,345,0
ORD-101821,SUP-013,Northeast,Office Supplies,CarrierC,2024-06-15,2024-06-20,2024-06-20,416,0
ORD-101100,SUP-019,West,Industrial Parts,CarrierB,07-Feb-2024,2024-02-10,2024-02-10,116,0
ORD-103461,SUP-009,Southeast,Home Goods,CarrierC,10-Feb-2024,2024-02-13,2024-02-12,202,0
ORD-103485,SUP-004,Midwest,Apparel,CarrierC,2024/10/04,2024-10-06,2024-10-06,489,0
ORD-102024,SUP-019,Southwest,Electronics,CarrierB,2024/08/09,2024-08-12,2024-08-16,97,0
ORD-105394,SUP-011,Northeast,Home Goods,CarrierB,04/27/2024,2024-04-29,2024-04-29,378,0
ORD-103075,SUP-018,West,Electronics,CarrierD,2024-03-25,2024-04-01,2024-03-31,191,0
ORD-100421,SUP-003,Midwest,Industrial Parts,CarrierA,2024/11/23,2024-11-25,2024-11-28,64,0
ORD-105515,SUP-007,,Industrial Parts,CarrierC,09-May-2024,2024-05-16,2024-05-15,250,0
ORD-101401,SUP-012,Southeast,Industrial Parts,CarrierB,2024/11/24,2024-11-27,2024-12-03,108,0
ORD-102879,SUP-004,Midwest,Industrial Parts,CarrierA,20-Dec-2024,2024-12-30,2024-12-30,91,0
ORD-102083,SUP-020,Southwest,Office Supplies,CarrierC,15-Jan-2024,2024-01-22,2024-01-22,170,0
ORD-100963,SUP-007,Midwest,Apparel,CarrierB,2024-11-16,2024-11-26,2024-11-26,93,0
ORD-101101,SUP-004,Southeast,Office Supplies,CarrierD,2024-02-27,2024-03-01,2024-03-03,365,0
ORD-104486,SUP-009,Midwest,Electronics,CarrierA,2024-10-07,2024-10-09,2024-10-09,37,0
ORD-104768,SUP-008,Northeast,,CarrierB,2024/04/15,2024-04-25,2024-04-27,221,0
ORD-102515,SUP-009,Southwest,Apparel,CarrierB,2024-04-23,2024-04-28,2024-04-28,65,0
ORD-105221,SUP-001,Southeast,Home Goods,CarrierA,01-Dec-2024,2024-12-03,,246,0
ORD-102535,SUP-020,Southwest,Perishables,CarrierC,2024-03-17,2024-03-20,2024-03-22,477,0
ORD-100435,SUP-013,West,Apparel,CarrierB,20-Jan-2024,2024-01-27,2024-01-27,385,0
ORD-102303,SUP-010,Northeast,Electronics,CarrierB,08/31/2024,2024-09-07,2024-09-06,343,0
ORD-102705,SUP-005,Southwest,Perishables,CarrierA,2024-04-27,2024-05-04,2024-05-04,183,0
ORD-100829,SUP-019,Southeast,Industrial Parts,CarrierA,06-Aug-2024,2024-08-13,2024-08-21,128,0
ORD-100788,SUP-005,Northeast,Perishables,CarrierD,09/25/2024,2024-10-05,2024-10-05,472,0
ORD-104515,SUP-003,West,Office Supplies,CarrierA,2024-11-07,2024-11-12,2024-11-12,375,0
ORD-103003,SUP-002,,Apparel,CarrierC,05/21/2024,2024-05-23,2024-05-30,392,0
ORD-100456,SUP-005,Midwest,Perishables,CarrierB,19-Mar-2024,2024-03-21,2024-03-21,188,0
ORD-104933,SUP-013,West,Home Goods,CarrierB,2024-06-16,2024-06-21,2024-06-21,25,0
ORD-102073,SUP-005,Southeast,Apparel,CarrierC,2024/06/11,2024-06-13,2024-06-13,342,0
ORD-104852,SUP-018,Southwest,Apparel,CarrierA,2024/04/17,2024-04-22,2024-04-22,251,0
ORD-104324,SUP-007,Southeast,Electronics,CarrierC,2024-07-04,2024-07-07,2024-07-07,235,1
ORD-101105,SUP-005,Southwest,Office Supplies,CarrierD,2024-04-02,2024-04-09,2024-04-09,304,0
ORD-104604,SUP-012,Southeast,Perishables,CarrierB,2024-09-11,2024-09-16,2024-09-16,454,0
ORD-101770,SUP-006,Midwest,Industrial Parts,CarrierD,02/16/2024,2024-02-26,2024-02-25,434,0
ORD-100398,SUP-011,Southeast,Office Supplies,CarrierD,2024-06-25,2024-07-02,2024-07-02,207,0
ORD-105508,SUP-001,Midwest,Home Goods,CarrierA,2024-04-18,2024-04-20,2024-04-25,232,0
ORD-100797,SUP-017,Midwest,Office Supplies,CarrierD,2024-04-01,2024-04-11,2024-04-10,57,0
ORD-102708,SUP-015,Southwest,Electronics,CarrierA,17-Oct-2024,2024-10-19,2024-10-22,366,0
ORD-104935,SUP-017,West,Apparel,CarrierD,2024-05-11,2024-05-16,2024-05-18,363,0
ORD-105820,SUP-006,,Electronics,CarrierA,06-Dec-2024,2024-12-08,2024-12-08,261,0
ORD-105038,SUP-009,Southwest,Apparel,CarrierB,2024/12/02,2024-12-12,2024-12-15,321,0
ORD-104292,SUP-016,Southeast,Home Goods,CarrierC,2024-03-01,2024-03-06,2024-03-06,203,0
ORD-101458,SUP-007,,Office Supplies,CarrierB,25-Apr-2024,2024-05-02,2024-05-08,239,0
ORD-101664,SUP-017,,Home Goods,CarrierC,05-Jul-2024,2024-07-15,2024-07-17,113,0
ORD-101334,SUP-008,Southwest,Home Goods,CarrierB,13-Nov-2024,2024-11-23,2024-11-23,265,0
ORD-100755,SUP-020,Southwest,Electronics,CarrierC,21-Nov-2024,2024-11-26,2024-11-27,255,0
ORD-100065,SUP-014,Southeast,Industrial Parts,CarrierC,2024-07-12,2024-07-15,2024-07-15,371,0
ORD-100177,SUP-003,Southeast,Industrial Parts,CarrierB,18-Sep-2024,2024-09-20,2024-09-20,459,0
ORD-101747,SUP-009,Midwest,Electronics,CarrierD,2024-07-10,2024-07-13,2024-07-18,160,0
ORD-105575,SUP-002,Southeast,Perishables,CarrierA,2024/12/05,2024-12-12,2024-12-14,455,0
ORD-104171,SUP-009,,Apparel,CarrierC,28-Apr-2024,2024-04-30,2024-04-30,105,0
ORD-100026,SUP-012,West,Electronics,CarrierB,2024/11/30,2024-12-03,2024-12-07,69,0
ORD-100525,SUP-016,Southwest,Industrial Parts,CarrierC,08/16/2024,2024-08-18,2024-08-22,197,0
ORD-104677,SUP-002,Southeast,Industrial Parts,CarrierC,09/01/2024,2024-09-06,2024-09-11,103,1
ORD-105092,SUP-014,West,Home Goods,CarrierB,06/18/2024,2024-06-21,2024-06-21,5,1
ORD-102369,SUP-008,Southeast,Industrial Parts,CarrierB,2024/03/09,2024-03-16,2024-03-16,66,0
ORD-104560,SUP-002,West,Industrial Parts,CarrierB,2024/10/19,2024-10-26,2024-10-28,167,0
ORD-100664,SUP-010,Southwest,Apparel,CarrierC,2024-01-19,2024-01-24,2024-01-24,297,0
ORD-102922,SUP-004,Southeast,Perishables,CarrierC,20-Mar-2024,2024-03-22,2024-03-21,388,0
ORD-104581,SUP-012,Northeast,Home Goods,CarrierC,2024-03-13,2024-03-18,2024-03-18,412,0
ORD-102456,SUP-006,Midwest,Perishables,CarrierC,2024-05-23,2024-06-02,2024-06-11,279,0
ORD-101221,SUP-002,Southeast,Perishables,CarrierB,2024/10/09,2024-10-12,2024-10-13,183,0
ORD-101742,SUP-014,West,Apparel,CarrierA,31-Jul-2024,2024-08-05,2024-08-05,152,0
ORD-105431,SUP-017,Southwest,Perishables,CarrierB,2024/05/11,2024-05-16,2024-05-16,437,0
ORD-100332,SUP-016,Southwest,Home Goods,CarrierD,29-Dec-2024,2025-01-03,2025-01-03,357,0
ORD-105205,SUP-019,Northeast,Home Goods,CarrierC,2024/07/04,2024-07-07,2024-07-07,245,0
ORD-102733,SUP-001,Northeast,Industrial Parts,CarrierC,2024/03/26,2024-03-28,2024-03-27,99,0
ORD-100598,SUP-017,Northeast,Apparel,CarrierB,09/02/2024,2024-09-05,2024-09-05,400,0
ORD-102983,SUP-003,Northeast,Office Supplies,CarrierC,31-Aug-2024,2024-09-03,2024-09-03,210,0
ORD-102434,SUP-015,Southwest,Apparel,CarrierD,2024/09/01,2024-09-08,2024-09-08,124,0
ORD-103811,SUP-018,Midwest,Electronics,CarrierD,2024/08/16,2024-08-21,2024-08-21,362,0
ORD-101459,SUP-010,Southeast,Industrial Parts,CarrierA,2024-10-15,2024-10-25,2024-10-25,154,0
ORD-103401,SUP-008,Midwest,Apparel,CarrierC,2024-07-09,2024-07-19,2024-07-18,322,0
ORD-101415,SUP-010,Southwest,Electronics,CarrierD,04/14/2024,2024-04-16,2024-04-16,464,0
ORD-100739,SUP-020,Southeast,Office Supplies,CarrierB,11/29/2024,2024-12-01,2024-11-30,182,0
ORD-104939,SUP-002,Northeast,Office Supplies,CarrierD,2024-06-28,2024-07-03,2024-07-02,99,0
ORD-100228,SUP-015,,Electronics,CarrierD,2024-04-19,2024-04-21,2024-04-29,78,0
ORD-105795,SUP-018,West,Industrial Parts,CarrierD,05/25/2024,2024-05-27,2024-05-29,436,0
ORD-100498,SUP-004,Southwest,Apparel,CarrierB,2024-04-17,2024-04-27,2024-04-29,104,0
ORD-100007,SUP-005,Northeast,Electronics,CarrierC,2024/09/05,2024-09-15,2024-09-14,247,0
ORD-101977,SUP-008,West,Apparel,CarrierB,19-May-2024,2024-05-21,2024-05-21,450,0
ORD-100902,SUP-003,Midwest,Electronics,CarrierA,30-Dec-2024,2025-01-06,2025-01-05,147,0
ORD-103019,SUP-001,Midwest,Perishables,CarrierD,2024-10-31,2024-11-05,2024-11-08,115,0
ORD-104092,SUP-010,Southeast,Industrial Parts,CarrierD,11/27/2024,2024-12-02,2024-12-02,90,0
ORD-105914,SUP-002,Southwest,Industrial Parts,CarrierA,2024-01-08,2024-01-13,2024-01-13,482,0
ORD-102365,SUP-003,Midwest,Apparel,CarrierB,04-May-2024,2024-05-14,2024-05-15,445,0
ORD-105542,SUP-001,Southeast,Office Supplies,CarrierA,16-Feb-2024,2024-02-21,2024-02-20,234,0
ORD-101237,SUP-007,Southwest,Home Goods,CarrierC,05-Feb-2024,2024-02-07,2024-02-08,228,0
ORD-103809,SUP-005,Southwest,Home Goods,CarrierC,2024/10/02,2024-10-05,2024-10-05,483,0
ORD-101932,SUP-005,Midwest,Office Supplies,CarrierD,11/07/2024,2024-11-17,2024-11-17,370,0
ORD-104874,SUP-007,,Electronics,CarrierD,07/23/2024,2024-07-30,2024-07-30,158,0
ORD-105010,SUP-006,Southwest,Home Goods,CarrierA,2024-04-23,2024-04-30,2024-05-09,103,0
ORD-100949,SUP-017,Northeast,Office Supplies,CarrierC,06/09/2024,2024-06-14,2024-06-17,256,0
ORD-101717,SUP-010,West,Home Goods,CarrierA,03/05/2024,2024-03-07,2024-03-06,431,0
ORD-102183,SUP-009,Southeast,Industrial Parts,CarrierC,08-Apr-2024,2024-04-13,2024-04-15,281,0
ORD-102992,SUP-005,West,Apparel,CarrierB,2024/01/24,2024-01-29,2024-01-28,374,0
ORD-102576,SUP-010,Southwest,Perishables,CarrierC,2024-08-01,2024-08-11,2024-08-11,137,0
ORD-103684,SUP-010,Southeast,Industrial Parts,CarrierC,2024-11-22,2024-12-02,2024-12-14,134,0
ORD-104778,SUP-015,Midwest,Home Goods,CarrierC,2024-07-27,2024-08-06,2024-08-06,489,0
ORD-100138,SUP-002,West,Industrial Parts,CarrierA,07-Feb-2024,2024-02-09,2024-02-15,462,0
ORD-105387,SUP-013,Northeast,Office Supplies,CarrierD,2024/10/26,2024-10-28,2024-10-28,414,0
ORD-102017,SUP-002,Midwest,Office Supplies,CarrierA,06-Nov-2024,2024-11-08,2024-11-07,63,0
ORD-100251,SUP-006,Southeast,Office Supplies,CarrierC,10/04/2024,2024-10-06,2024-10-06,457,0
ORD-104932,SUP-010,Midwest,Perishables,CarrierA,14-Jun-2024,2024-06-19,2024-06-19,43,1
ORD-101090,SUP-002,Northeast,Electronics,CarrierA,30-Jul-2024,2024-08-04,2024-08-16,454,0
ORD-102016,SUP-003,Southeast,Perishables,CarrierD,2024/09/24,2024-09-26,2024-09-26,409,0
ORD-104200,SUP-007,West,Industrial Parts,CarrierD,03/26/2024,2024-04-02,2024-04-02,92,0
ORD-104684,SUP-004,Southeast,Apparel,CarrierA,12/29/2024,2024-12-31,2024-12-31,360,0
ORD-103304,SUP-020,Midwest,Perishables,CarrierD,2024-09-22,2024-09-24,2024-09-23,307,0
ORD-105022,SUP-019,Midwest,Office Supplies,CarrierC,2024-09-13,2024-09-23,2024-09-27,245,0
ORD-100912,SUP-013,Southeast,Perishables,CarrierC,11/01/2024,2024-11-06,2024-11-05,167,0
ORD-102415,SUP-004,West,Office Supplies,CarrierC,2024/04/08,2024-04-15,2024-04-15,147,0
ORD-104457,SUP-004,,Home Goods,CarrierB,2024-07-28,2024-07-31,2024-08-02,140,0
ORD-101281,SUP-006,West,Electronics,CarrierA,07/10/2024,2024-07-20,2024-07-19,474,0
ORD-104848,SUP-006,Southeast,Apparel,CarrierB,11/24/2024,2024-11-27,2024-11-28,11,0
ORD-102307,SUP-012,Midwest,Electronics,CarrierB,2024-07-28,2024-08-07,2024-08-08,247,0
ORD-102118,SUP-017,Southeast,Electronics,CarrierC,2024/02/10,2024-02-17,2024-02-17,498,0
ORD-100911,SUP-009,Southeast,Home Goods,CarrierD,22-Sep-2024,2024-10-02,2024-10-02,457,0
ORD-105351,SUP-004,Southeast,Perishables,CarrierD,2024/05/22,2024-06-01,2024-06-01,164,0
ORD-102158,SUP-001,West,Office Supplies,CarrierB,21-Feb-2024,2024-02-23,2024-02-23,196,0
ORD-103793,SUP-002,Southwest,Home Goods,CarrierC,13-Nov-2024,2024-11-20,2024-11-25,363,0
ORD-101089,SUP-013,Northeast,,CarrierD,12/06/2024,2024-12-16,2024-12-22,207,0
ORD-103382,SUP-020,Northeast,Perishables,CarrierB,08-Oct-2024,2024-10-10,2024-10-09,7,0
ORD-103835,SUP-015,Southwest,Office Supplies,CarrierD,2024-01-08,2024-01-18,2024-01-18,218,0
ORD-103853,SUP-001,Midwest,Office Supplies,CarrierD,2024-04-25,2024-04-27,2024-04-27,10,1
ORD-100936,SUP-004,Midwest,Electronics,CarrierB,05/04/2024,2024-05-14,2024-05-14,72,0
ORD-105163,SUP-003,Midwest,Perishables,CarrierB,2024/09/27,2024-10-04,2024-10-09,383,0
ORD-101829,SUP-020,Midwest,Office Supplies,CarrierC,18-Aug-2024,2024-08-25,2024-08-27,498,0
ORD-104193,SUP-004,Southwest,Perishables,CarrierD,04/10/2024,2024-04-15,2024-04-19,460,0
ORD-101250,SUP-017,Southwest,Industrial Parts,CarrierB,04/01/2024,2024-04-06,2024-04-06,250,0
ORD-105504,SUP-007,,Perishables,CarrierB,2024-04-18,2024-04-25,2024-04-25,402,0
ORD-104066,SUP-013,Southeast,Home Goods,CarrierD,2024-03-07,2024-03-14,2024-03-14,208,0
ORD-105768,SUP-002,Northeast,Perishables,CarrierA,11/01/2024,2024-11-03,2024-11-07,353,0
ORD-100736,SUP-009,Southwest,Perishables,CarrierA,2024-03-27,2024-04-03,2024-04-03,101,0
ORD-103842,SUP-005,Southeast,Office Supplies,CarrierD,2024/12/20,2024-12-22,2024-12-22,143,0
ORD-102987,SUP-006,Southwest,Electronics,CarrierB,08/05/2024,2024-08-08,2024-08-07,368,0
ORD-103917,SUP-009,Southwest,Apparel,CarrierB,01-Jul-2024,2024-07-08,2024-07-23,272,0
ORD-104367,SUP-004,Midwest,Apparel,CarrierD,2024-07-30,2024-08-01,2024-08-03,297,0
ORD-103869,SUP-009,Southwest,Industrial Parts,CarrierC,10/14/2024,2024-10-24,2024-10-28,348,0
ORD-101978,SUP-005,Midwest,Home Goods,CarrierD,2024/07/20,2024-07-27,2024-07-27,258,0
ORD-104223,SUP-006,Northeast,Industrial Parts,CarrierC,2024-10-31,2024-11-05,2024-11-05,474,0
ORD-101792,SUP-002,Northeast,Office Supplies,CarrierA,2024-01-23,2024-01-26,2024-01-27,132,0
ORD-103210,SUP-009,West,Office Supplies,CarrierC,12/05/2024,2024-12-12,2024-12-12,55,0
ORD-104798,SUP-018,Southwest,Electronics,CarrierA,20-Oct-2024,2024-10-27,2024-10-27,60,0
ORD-103778,SUP-004,West,Office Supplies,CarrierA,2024/04/23,2024-04-26,2024-04-28,250,0
ORD-105011,SUP-016,Southwest,Office Supplies,CarrierC,2024/02/28,2024-03-06,2024-03-05,144,0
ORD-105864,SUP-006,Southeast,Perishables,CarrierA,2024/08/02,2024-08-12,2024-08-16,292,0
ORD-103826,SUP-013,West,Apparel,CarrierB,07-Mar-2024,2024-03-09,2024-03-09,476,0
ORD-103423,SUP-012,Northeast,Electronics,CarrierC,12/08/2024,2024-12-10,2024-12-10,266,0
ORD-103969,SUP-012,West,,CarrierD,01/21/2024,2024-01-24,2024-01-24,418,0
ORD-105775,SUP-012,Midwest,Home Goods,CarrierA,01/12/2024,2024-01-17,2024-01-17,25,0
ORD-102475,SUP-006,Southwest,Home Goods,CarrierA,04/14/2024,2024-04-21,2024-04-21,287,0
ORD-104130,SUP-009,Midwest,Apparel,CarrierC,12-Oct-2024,2024-10-19,2024-10-19,16,0
ORD-104207,SUP-001,Midwest,Home Goods,CarrierB,2024/05/19,2024-05-26,2024-05-27,23,0
ORD-104399,SUP-015,West,Home Goods,CarrierA,12-Dec-2024,2024-12-22,2024-12-22,384,0
ORD-104779,SUP-013,Midwest,Apparel,CarrierC,03/28/2024,2024-04-07,2024-04-07,388,0
ORD-100892,SUP-011,Southeast,Perishables,CarrierA,06-Apr-2024,2024-04-11,2024-04-11,393,0
ORD-102644,SUP-015,Midwest,Industrial Parts,CarrierA,13-Jun-2024,2024-06-15,2024-06-25,392,0
ORD-105978,SUP-018,Midwest,Electronics,CarrierC,2024/08/30,2024-09-09,2024-09-09,376,0
ORD-105204,SUP-017,Northeast,Electronics,CarrierB,23-Nov-2024,2024-11-30,2024-12-06,268,0
ORD-103234,SUP-019,West,Perishables,CarrierA,2024/10/07,2024-10-17,2024-10-16,88,0
ORD-101725,SUP-007,Southwest,Perishables,CarrierD,2024-08-16,2024-08-21,2024-08-24,126,0
ORD-103316,SUP-012,West,Office Supplies,CarrierA,2024-05-30,2024-06-04,2024-06-09,240,0
ORD-102051,SUP-016,Northeast,Office Supplies,CarrierA,2024/11/23,2024-11-25,2024-11-24,130,0
ORD-105485,SUP-005,Midwest,Perishables,CarrierB,03/24/2024,2024-03-31,2024-03-30,258,0
ORD-100242,SUP-020,Southeast,Industrial Parts,CarrierB,02-Oct-2024,2024-10-12,2024-10-11,411,0
ORD-104859,SUP-012,West,Office Supplies,CarrierC,01/02/2024,2024-01-12,2024-01-12,374,0
ORD-103168,SUP-008,Midwest,Industrial Parts,CarrierD,2024-01-24,2024-01-27,2024-01-27,308,0
ORD-102046,SUP-016,Northeast,Home Goods,CarrierC,2024-07-20,2024-07-25,2024-07-25,229,0
ORD-103243,SUP-011,Southeast,Electronics,CarrierC,02/09/2024,2024-02-19,2024-02-19,131,0
ORD-100403,SUP-012,Southeast,Industrial Parts,CarrierC,03/09/2024,2024-03-11,2024-03-11,346,0
ORD-105641,SUP-009,West,Industrial Parts,CarrierB,2024/07/07,2024-07-17,2024-07-17,422,0
ORD-100050,SUP-018,Midwest,Perishables,CarrierC,01-Dec-2024,2024-12-04,2024-12-04,5,0
ORD-103023,SUP-015,Southwest,Electronics,CarrierC,2024-07-17,2024-07-20,2024-07-19,328,0
ORD-104905,SUP-007,Midwest,Home Goods,CarrierA,07/21/2024,2024-07-24,2024-07-24,221,0
ORD-103105,SUP-008,West,Industrial Parts,CarrierC,2024-06-05,2024-06-15,2024-06-20,123,0
ORD-104600,SUP-005,Southwest,Apparel,CarrierA,16-Feb-2024,2024-02-21,2024-02-20,224,0
ORD-100558,SUP-017,Midwest,Apparel,CarrierC,13-Feb-2024,2024-02-16,2024-02-17,435,1
ORD-104131,SUP-008,Midwest,Office Supplies,CarrierB,2024/01/16,2024-01-26,2024-01-26,299,0
ORD-103350,SUP-005,West,Home Goods,CarrierC,08/24/2024,2024-08-31,2024-08-31,87,0
ORD-102969,SUP-015,,Home Goods,CarrierA,24-Apr-2024,2024-05-01,2024-05-01,390,0
ORD-101151,SUP-008,West,,CarrierB,2024/12/12,2024-12-19,2024-12-19,7,0
ORD-100009,SUP-016,Northeast,Electronics,CarrierD,04-Jul-2024,2024-07-14,2024-07-13,403,0
ORD-101707,SUP-005,Midwest,Office Supplies,CarrierB,2024/01/06,2024-01-08,2024-01-08,438,0
ORD-102593,SUP-003,,Apparel,CarrierD,2024-10-24,2024-10-26,2024-10-26,188,0
ORD-103707,SUP-009,Midwest,Electronics,CarrierA,02/09/2024,2024-02-14,2024-02-14,177,0
ORD-101614,SUP-003,Midwest,Home Goods,CarrierC,2024-09-26,2024-10-03,2024-10-03,216,0
ORD-101071,SUP-006,Southeast,Perishables,CarrierC,04/22/2024,2024-05-02,2024-05-10,384,0
ORD-105987,SUP-020,Southeast,Home Goods,CarrierC,2024/10/29,2024-10-31,2024-10-31,388,0
ORD-104682,SUP-020,Midwest,Apparel,CarrierD,10/12/2024,2024-10-19,2024-10-19,271,0
ORD-105831,SUP-017,Northeast,Home Goods,CarrierC,2024/02/04,2024-02-07,2024-02-15,170,0
ORD-100716,SUP-018,Southwest,Perishables,CarrierA,30-Apr-2024,2024-05-10,2024-05-16,139,0
ORD-101896,SUP-008,Southeast,Perishables,CarrierA,2024/06/23,2024-06-30,2024-06-29,102,0
ORD-105518,SUP-001,Midwest,Office Supplies,CarrierD,04/08/2024,2024-04-15,2024-04-24,429,0
ORD-103553,SUP-015,Northeast,Electronics,CarrierD,2024-03-06,2024-03-11,2024-03-11,155,0
ORD-102123,SUP-014,Midwest,Home Goods,CarrierD,2024-06-24,2024-06-29,2024-06-29,440,0
ORD-100318,SUP-011,Midwest,Perishables,CarrierA,2024/10/27,2024-10-30,2024-10-30,46,0
ORD-103746,SUP-009,Southwest,,CarrierA,02/10/2024,2024-02-20,2024-02-20,68,0
ORD-101672,SUP-009,Southeast,Electronics,CarrierA,2024/10/15,2024-10-25,2024-10-25,135,0
ORD-103933,SUP-002,West,Office Supplies,CarrierD,20-Oct-2024,2024-10-22,2024-10-22,417,0
ORD-100427,SUP-017,Northeast,Apparel,CarrierA,2024-09-18,2024-09-28,2024-09-28,89,0
ORD-103137,SUP-006,Southeast,Home Goods,CarrierC,2024/03/25,2024-04-04,2024-04-10,487,0
ORD-103496,SUP-016,Southeast,Electronics,CarrierA,2024/04/24,2024-05-01,2024-05-01,24,0
ORD-103833,SUP-004,West,Office Supplies,CarrierA,03/28/2024,2024-04-02,2024-04-02,57,0
ORD-105166,SUP-017,Northeast,Industrial Parts,CarrierC,16-Oct-2024,2024-10-23,2024-10-22,173,0
ORD-100546,SUP-009,Northeast,Apparel,CarrierC,2024-03-01,2024-03-08,2024-03-08,381,0
ORD-100262,SUP-014,Northeast,Industrial Parts,CarrierC,11/25/2024,2024-11-28,2024-11-28,120,0
ORD-100254,SUP-003,Northeast,Industrial Parts,CarrierA,2024/09/03,2024-09-06,2024-09-09,454,0
ORD-103398,SUP-014,Southwest,Industrial Parts,CarrierC,08/29/2024,2024-09-01,2024-09-11,216,0
ORD-101265,SUP-005,Southwest,Industrial Parts,CarrierC,01/31/2024,2024-02-02,2024-02-02,398,0
ORD-100666,SUP-020,Northeast,Industrial Parts,CarrierA,31-Oct-2024,2024-11-10,2024-11-10,239,0
ORD-102939,SUP-005,Midwest,Home Goods,CarrierC,2024-12-29,2024-12-31,2024-12-30,72,0
ORD-100171,SUP-015,Northeast,,CarrierB,2024-05-24,2024-06-03,2024-06-09,224,0
ORD-101176,SUP-020,Midwest,Home Goods,CarrierA,2024/07/02,2024-07-09,2024-07-09,494,0
ORD-104393,SUP-020,Southeast,Industrial Parts,CarrierC,2024/06/01,2024-06-08,2024-06-08,255,0
ORD-101482,SUP-001,Southwest,Electronics,CarrierC,2024-11-26,2024-11-28,2024-12-02,448,0
ORD-101906,SUP-007,,Home Goods,CarrierC,02/13/2024,2024-02-15,2024-02-15,451,0
ORD-105326,SUP-006,Southwest,Perishables,CarrierD,2024-01-30,2024-02-09,2024-02-11,132,0
ORD-104179,SUP-012,Northeast,Perishables,CarrierB,2024/03/16,2024-03-21,2024-03-22,34,0
ORD-104801,SUP-016,Southwest,,CarrierC,2024-07-20,2024-07-25,2024-07-25,286,0
ORD-101900,SUP-004,Southwest,Office Supplies,CarrierC,10/31/2024,2024-11-07,2024-11-07,447,0
ORD-100693,SUP-005,Southeast,Industrial Parts,CarrierD,2024/09/03,2024-09-08,2024-09-08,495,0
ORD-103349,SUP-008,Southwest,Office Supplies,CarrierA,30-Jul-2024,2024-08-04,2024-08-04,170,0
ORD-105295,SUP-015,Southwest,Home Goods,CarrierB,2024/09/25,2024-09-28,2024-09-29,246,0
ORD-103686,SUP-020,West,Industrial Parts,CarrierB,27-Aug-2024,2024-08-30,2024-09-04,75,0
ORD-103699,SUP-013,Northeast,Office Supplies,CarrierD,2024/09/07,2024-09-17,2024-09-17,435,0
ORD-102115,SUP-014,Southeast,Apparel,CarrierA,2024-05-11,2024-05-21,2024-05-20,375,0
ORD-102096,SUP-003,Southwest,Industrial Parts,CarrierD,2024-07-15,2024-07-18,2024-07-20,194,0
ORD-103336,SUP-003,Southeast,Electronics,CarrierC,01-Jun-2024,2024-06-11,2024-06-11,404,0
ORD-104065,SUP-011,Southwest,Perishables,CarrierB,08-Feb-2024,2024-02-18,2024-02-18,59,0
ORD-100781,SUP-011,Midwest,Electronics,CarrierB,2024/08/25,2024-09-01,2024-08-31,204,0
ORD-104820,SUP-016,,Office Supplies,CarrierA,07/11/2024,2024-07-21,2024-07-21,229,0
ORD-105002,SUP-015,West,Electronics,CarrierD,06/06/2024,2024-06-16,2024-06-16,427,0
ORD-102916,SUP-011,Northeast,Perishables,CarrierA,2024/06/09,2024-06-16,2024-06-15,90,0
ORD-100541,SUP-008,Midwest,Apparel,CarrierC,10/11/2024,2024-10-18,2024-10-18,109,0
ORD-105497,SUP-012,,Electronics,CarrierB,2024/09/30,2024-10-10,2024-10-10,478,0
ORD-104749,SUP-019,West,Office Supplies,CarrierA,08/14/2024,2024-08-17,2024-08-17,111,0
ORD-103610,SUP-005,West,Perishables,CarrierA,16-Aug-2024,2024-08-23,2024-08-23,119,0
ORD-102990,SUP-003,Southwest,Apparel,CarrierD,10/07/2024,2024-10-12,2024-10-17,264,0
ORD-102678,SUP-019,Southwest,Industrial Parts,CarrierC,2024-11-02,2024-11-09,2024-11-09,15,0
ORD-105932,SUP-018,Midwest,Industrial Parts,CarrierB,2024-01-02,2024-01-04,2024-01-08,429,0
ORD-105923,SUP-017,Southwest,Office Supplies,CarrierB,09-Feb-2024,2024-02-14,2024-02-18,105,0
ORD-102728,SUP-016,Northeast,Home Goods,CarrierC,2024/05/28,2024-06-07,2024-06-07,450,0
ORD-100882,SUP-016,Northeast,Electronics,CarrierD,20-Sep-2024,2024-09-22,2024-09-24,131,0
ORD-103435,SUP-003,Northeast,Perishables,CarrierA,2024/10/25,2024-10-28,2024-11-07,10,0
ORD-103112,SUP-007,,Perishables,CarrierB,2024-07-03,2024-07-05,2024-07-05,119,0
ORD-104696,SUP-003,Northeast,Perishables,CarrierD,2024-04-26,2024-04-28,2024-05-02,381,0
ORD-100002,SUP-007,West,Home Goods,CarrierA,03/24/2024,2024-03-29,2024-03-28,45,0
ORD-102912,SUP-007,West,Electronics,CarrierD,2024/10/12,2024-10-15,2024-10-14,391,0
ORD-101171,SUP-007,Southeast,Home Goods,CarrierB,2024-04-08,2024-04-10,2024-04-10,216,0
ORD-103505,SUP-007,Midwest,Home Goods,CarrierB,2024-01-17,2024-01-22,2024-01-21,249,0
ORD-102636,SUP-005,West,Office Supplies,CarrierA,2024/11/05,2024-11-10,2024-11-10,2,0
ORD-101329,SUP-003,Southeast,Home Goods,CarrierC,2024-05-07,2024-05-14,2024-05-13,331,0
ORD-105917,SUP-014,Southeast,Home Goods,CarrierC,2024-05-13,2024-05-15,2024-05-15,484,0
ORD-105885,SUP-011,Southeast,Home Goods,CarrierC,10/01/2024,2024-10-11,2024-10-11,34,0
ORD-100075,SUP-003,Northeast,Office Supplies,CarrierB,2024/06/14,2024-06-24,2024-06-27,130,0
ORD-103632,SUP-003,Northeast,Perishables,CarrierB,07-Mar-2024,2024-03-17,2024-03-22,268,0
ORD-104678,SUP-005,Midwest,Electronics,CarrierB,12-Jun-2024,2024-06-22,2024-06-22,491,0
ORD-105363,SUP-003,West,Home Goods,CarrierC,2024-04-15,2024-04-20,2024-04-20,257,0
ORD-105372,SUP-006,Midwest,Apparel,CarrierA,2024/06/07,2024-06-10,2024-06-10,343,0
ORD-102194,SUP-014,Midwest,Office Supplies,CarrierB,27-Oct-2024,2024-11-06,2024-11-08,391,0
ORD-103597,SUP-011,Midwest,Perishables,CarrierC,2024/02/24,2024-02-26,2024-03-02,381,0
ORD-102977,SUP-008,Southeast,Home Goods,CarrierB,2024/10/29,2024-11-05,2024-11-13,176,0
ORD-101466,SUP-001,Southwest,Apparel,CarrierC,2024-07-25,2024-07-28,2024-07-31,171,0
ORD-102665,SUP-009,Midwest,,CarrierC,2024/03/09,2024-03-19,2024-03-18,423,0
ORD-102387,SUP-009,West,Electronics,CarrierB,26-Feb-2024,2024-03-02,2024-03-06,287,0
ORD-104363,SUP-017,Northeast,Electronics,CarrierC,2024-06-24,2024-06-26,2024-07-01,71,0
ORD-105648,SUP-013,Northeast,Perishables,CarrierB,2024/09/16,2024-09-19,2024-09-19,218,0
ORD-103599,SUP-006,Midwest,Perishables,CarrierD,2024-10-27,2024-10-30,2024-10-30,430,0
ORD-104244,SUP-020,Southeast,Electronics,CarrierB,09/30/2024,2024-10-10,2024-10-10,30,0
ORD-100945,SUP-001,West,Electronics,CarrierB,2024-04-25,2024-05-02,2024-05-10,371,0
ORD-103604,SUP-005,Southwest,Industrial Parts,CarrierD,2024-12-09,2024-12-19,2024-12-19,468,0
ORD-105956,SUP-001,Southeast,Home Goods,CarrierA,2024-09-28,2024-10-03,2024-10-08,412,0
ORD-100842,SUP-011,Northeast,Home Goods,CarrierB,2024-05-25,2024-05-30,2024-05-30,279,0
ORD-104411,SUP-016,Southwest,Apparel,CarrierD,2024/09/04,2024-09-06,2024-09-14,397,0
ORD-105051,SUP-014,West,Home Goods,CarrierC,04/10/2024,2024-04-15,2024-04-15,79,0
ORD-103782,SUP-004,West,Industrial Parts,CarrierA,21-Sep-2024,2024-09-28,2024-09-28,52,0
ORD-100796,SUP-013,Northeast,Perishables,CarrierB,01-Apr-2024,2024-04-03,2024-04-02,115,0
ORD-103560,SUP-017,Southwest,Apparel,CarrierD,2024-06-03,2024-06-06,2024-06-06,108,0
ORD-103909,SUP-004,Southwest,Perishables,CarrierB,2024/03/24,2024-03-26,2024-03-29,21,0
ORD-100225,SUP-020,Northeast,Industrial Parts,CarrierA,08/22/2024,2024-09-01,2024-09-01,376,0
ORD-105493,SUP-008,West,Perishables,CarrierB,07/20/2024,2024-07-23,2024-07-23,45,0
ORD-102803,SUP-009,Northeast,Electronics,CarrierD,12/30/2024,2025-01-09,2025-01-12,443,0
ORD-101856,SUP-010,West,Apparel,CarrierB,2024-11-05,2024-11-10,2024-11-10,445,0
ORD-104190,SUP-001,Midwest,Home Goods,CarrierB,2024-01-08,2024-01-11,2024-01-14,135,0
ORD-102677,SUP-005,Southwest,Home Goods,CarrierA,06/28/2024,2024-07-08,2024-07-08,234,0
ORD-104732,SUP-009,Southwest,,CarrierA,2024-10-26,2024-10-29,2024-10-29,484,0
ORD-100845,SUP-005,West,Electronics,CarrierD,02/27/2024,2024-03-08,2024-03-08,131,0
ORD-100572,SUP-006,Southeast,Apparel,CarrierB,2024/04/10,2024-04-12,2024-04-12,113,0
ORD-103620,SUP-009,West,Apparel,CarrierD,2024-11-24,2024-11-29,2024-11-29,229,0
ORD-104532,SUP-007,West,Perishables,CarrierD,2024-05-02,2024-05-07,2024-05-06,421,0
ORD-102878,SUP-019,Midwest,Home Goods,CarrierA,2024/10/30,2024-11-09,2024-11-09,33,0
ORD-102481,SUP-010,Northeast,Apparel,CarrierC,2024/12/01,2024-12-08,2024-12-08,256,0
ORD-100154,SUP-020,West,Industrial Parts,CarrierD,05/15/2024,2024-05-22,2024-05-22,96,0
ORD-100476,SUP-007,Northeast,Office Supplies,CarrierD,2024/04/11,2024-04-13,2024-04-13,272,0
ORD-103971,SUP-020,Southeast,Perishables,CarrierC,05/25/2024,2024-05-30,2024-06-02,22,0
ORD-103514,SUP-002,Southeast,Electronics,CarrierB,2024/04/12,2024-04-17,2024-04-22,47,0
ORD-101690,SUP-008,Midwest,Apparel,CarrierA,14-Jan-2024,2024-01-17,2024-01-20,247,0
ORD-100278,SUP-007,Southwest,Home Goods,CarrierD,2024/08/20,2024-08-30,2024-08-30,350,0
ORD-104031,SUP-004,West,Office Supplies,CarrierA,2024-04-04,2024-04-11,2024-04-25,195,0
ORD-105339,SUP-013,West,Perishables,CarrierD,2024-02-20,2024-03-01,2024-03-01,18,0
ORD-105124,SUP-020,Northeast,Industrial Parts,CarrierC,2024/12/03,2024-12-08,2024-12-11,302,0
ORD-101087,SUP-016,Southeast,Home Goods,CarrierC,05-Jan-2024,2024-01-12,2024-01-12,306,0
ORD-103317,SUP-012,Southeast,Electronics,CarrierC,10/10/2024,2024-10-13,2024-10-20,31,0
ORD-100382,SUP-013,Southwest,Home Goods,CarrierC,21-Oct-2024,2024-10-23,2024-10-22,234,0
ORD-101099,SUP-018,Midwest,Electronics,CarrierC,30-Apr-2024,2024-05-10,2024-05-10,352,0
ORD-104990,SUP-008,Northeast,Perishables,CarrierB,13-Sep-2024,2024-09-18,2024-09-24,424,0
ORD-103305,SUP-001,West,Electronics,CarrierB,28-Jun-2024,2024-07-05,2024-07-05,338,0
ORD-102530,SUP-009,Southwest,Apparel,CarrierC,2024-05-28,2024-05-31,2024-05-31,121,0
ORD-103466,SUP-006,Southeast,Electronics,CarrierD,2024/07/28,2024-08-07,2024-08-07,480,0
ORD-104766,SUP-020,Midwest,Industrial Parts,CarrierB,2024-04-13,2024-04-15,2024-04-14,224,0
ORD-103215,SUP-011,West,Home Goods,CarrierC,25-Jul-2024,2024-07-30,2024-07-30,70,0
ORD-100918,SUP-020,Northeast,Home Goods,CarrierA,2024/09/19,2024-09-21,2024-09-25,8,0
ORD-100207,SUP-001,Southeast,Industrial Parts,CarrierD,02-Apr-2024,2024-04-05,2024-04-04,277,0
ORD-105149,SUP-009,Midwest,Industrial Parts,CarrierC,2024/02/28,2024-03-09,2024-03-09,323,0
ORD-104137,SUP-017,Southeast,Perishables,CarrierA,23-Mar-2024,2024-04-02,2024-04-10,485,0
ORD-105300,SUP-014,Midwest,Home Goods,CarrierA,10/13/2024,2024-10-18,2024-10-18,214,0
ORD-103432,SUP-018,West,Home Goods,CarrierB,04-Dec-2024,2024-12-14,2024-12-19,107,0
ORD-100297,SUP-019,Southwest,Perishables,CarrierC,2024-03-14,2024-03-16,2024-03-28,225,0
ORD-101490,SUP-014,Southwest,Industrial Parts,CarrierA,12/24/2024,2025-01-03,2025-01-10,93,0
ORD-100527,SUP-003,Southwest,Office Supplies,CarrierA,2024/12/13,2024-12-18,2024-12-21,388,0
ORD-105319,SUP-002,Southwest,Industrial Parts,CarrierC,2024-03-25,2024-03-28,2024-04-02,213,0
ORD-100442,SUP-008,Southeast,Office Supplies,CarrierC,10/01/2024,2024-10-06,2024-10-06,221,0
ORD-102120,SUP-008,West,Home Goods,CarrierB,05/21/2024,2024-05-23,2024-05-25,348,0
ORD-101138,SUP-007,Northeast,Office Supplies,CarrierC,2024-07-15,2024-07-22,2024-07-21,259,0
ORD-104897,SUP-014,Midwest,Office Supplies,CarrierB,03/28/2024,2024-04-07,2024-04-07,277,0
ORD-103897,SUP-006,Midwest,Industrial Parts,CarrierD,2024/06/10,2024-06-15,2024-06-23,474,0
ORD-102902,SUP-020,Midwest,Home Goods,CarrierA,23-Oct-2024,2024-11-02,2024-11-02,217,0
ORD-103443,SUP-015,Northeast,Perishables,CarrierC,2024/03/29,2024-04-05,2024-04-10,119,0
ORD-102374,SUP-020,Southwest,Home Goods,CarrierD,2024-04-12,2024-04-19,2024-04-18,411,0
ORD-103625,SUP-002,Northeast,Home Goods,CarrierA,2024-05-21,2024-05-24,2024-05-25,467,1
ORD-104863,SUP-003,Northeast,Home Goods,CarrierC,2024/10/03,2024-10-13,2024-10-17,243,0
ORD-105996,SUP-003,,Industrial Parts,CarrierC,30-Jul-2024,2024-08-04,2024-08-06,50,0
ORD-101836,SUP-004,Northeast,Office Supplies,CarrierC,2024/10/06,2024-10-09,2024-10-08,86,1
ORD-102453,SUP-007,West,Industrial Parts,CarrierD,2024/03/04,2024-03-07,2024-03-06,82,0
ORD-103068,SUP-001,Northeast,Apparel,CarrierD,2024/12/28,2025-01-04,2025-01-12,26,0
ORD-102008,SUP-020,Midwest,Apparel,CarrierA,2024/03/19,2024-03-26,2024-03-25,175,0
ORD-103663,SUP-005,Northeast,Perishables,CarrierB,2024/06/13,2024-06-20,2024-06-20,350,0
ORD-100047,SUP-011,Southwest,Apparel,CarrierD,2024-01-22,2024-01-29,2024-01-29,348,0
ORD-102201,SUP-015,Southwest,Industrial Parts,CarrierC,2024/11/13,2024-11-18,2024-11-23,113,0
ORD-104598,SUP-004,Northeast,Perishables,CarrierB,2024-01-25,2024-02-01,2024-02-05,270,0
ORD-100397,SUP-014,Midwest,Office Supplies,CarrierD,2024-06-18,2024-06-25,2024-06-27,414,0
ORD-101507,SUP-004,Southwest,Electronics,CarrierB,2024-12-16,2024-12-18,2024-12-17,192,0
ORD-104382,SUP-004,Northeast,Office Supplies,CarrierD,2024/09/12,2024-09-14,2024-09-14,87,0
ORD-102612,SUP-013,Southeast,Home Goods,CarrierD,2024-02-08,2024-02-10,2024-02-12,345,0
ORD-103196,SUP-015,Northeast,Apparel,CarrierA,06-Oct-2024,2024-10-08,2024-10-08,197,0
ORD-105014,SUP-008,West,Perishables,CarrierB,11-Jan-2024,2024-01-18,2024-01-17,198,0
ORD-105679,SUP-011,Southwest,Apparel,CarrierB,02-Feb-2024,2024-02-12,2024-02-12,418,0
ORD-104459,SUP-013,Southwest,Industrial Parts,CarrierB,05-Apr-2024,2024-04-10,2024-04-10,187,0
ORD-105389,SUP-012,Southwest,Industrial Parts,CarrierA,21-Apr-2024,2024-04-24,2024-04-29,164,0
ORD-100986,SUP-005,Southwest,Office Supplies,CarrierA,2024/04/23,2024-05-03,2024-05-03,208,0
ORD-105786,SUP-006,Southeast,Home Goods,CarrierA,2024-06-29,2024-07-02,2024-07-05,259,0
ORD-105551,SUP-004,Southeast,Home Goods,CarrierB,2024-01-31,2024-02-05,,91,0
ORD-101434,SUP-004,West,Home Goods,CarrierC,01/19/2024,2024-01-26,2024-01-26,231,0
ORD-102532,SUP-018,Midwest,Electronics,CarrierB,07-Sep-2024,2024-09-12,2024-09-12,187,0
ORD-105664,SUP-011,Midwest,Electronics,CarrierD,04/16/2024,2024-04-18,2024-04-18,40,0
ORD-100237,SUP-005,Midwest,Apparel,CarrierA,2024-07-25,2024-07-30,2024-07-30,445,0
ORD-102119,SUP-002,Midwest,Apparel,CarrierC,2024/01/24,2024-01-29,2024-01-28,364,0
ORD-102286,SUP-015,West,Home Goods,CarrierA,28-Aug-2024,2024-09-07,2024-09-08,345,0
ORD-103108,SUP-017,Southeast,Home Goods,CarrierB,2024-05-22,2024-05-29,2024-06-02,313,0
ORD-105778,SUP-012,Southwest,Office Supplies,CarrierD,01/08/2024,2024-01-15,2024-01-14,17,0
ORD-101104,SUP-001,West,,CarrierB,08/01/2024,2024-08-04,2024-08-03,68,0
ORD-103753,SUP-006,Southeast,Perishables,CarrierD,2024/08/17,2024-08-22,2024-08-27,156,0
ORD-100802,SUP-009,Southeast,Electronics,CarrierD,2024-08-10,2024-08-20,2024-08-24,259,0
ORD-105224,SUP-013,Southwest,Electronics,CarrierD,2024/08/09,2024-08-19,2024-08-20,10,0
ORD-105828,SUP-010,Midwest,Office Supplies,CarrierD,12-Feb-2024,2024-02-22,2024-02-22,96,0
ORD-105130,SUP-009,Southwest,Home Goods,CarrierA,2024-12-19,2024-12-29,2024-12-29,84,0
ORD-105849,SUP-010,Southwest,Office Supplies,CarrierD,07-Jan-2024,2024-01-17,2024-01-25,224,0
ORD-104155,SUP-009,Southwest,Apparel,CarrierB,2024-11-21,2024-11-26,2024-11-26,27,0
ORD-101737,SUP-011,Southeast,Electronics,CarrierA,22-Nov-2024,2024-11-27,2024-11-30,98,0
ORD-104390,SUP-018,Midwest,Industrial Parts,CarrierA,21-Sep-2024,2024-10-01,2024-10-01,350,0
ORD-104993,SUP-014,Midwest,Electronics,CarrierB,07/26/2024,2024-08-05,2024-08-05,401,0
ORD-104494,SUP-005,West,Apparel,CarrierB,2024/02/28,2024-03-01,2024-03-01,257,0
ORD-105320,SUP-012,West,Electronics,CarrierC,03/01/2024,2024-03-03,2024-03-03,440,0
ORD-104253,SUP-001,West,Industrial Parts,CarrierA,2024/11/15,2024-11-22,2024-11-22,116,0
ORD-100034,SUP-004,Northeast,Perishables,CarrierA,2024-04-12,2024-04-15,2024-04-26,497,0
ORD-102245,SUP-011,Southwest,Electronics,CarrierA,2024/09/27,2024-09-29,2024-09-28,448,0
ORD-103027,SUP-014,Southeast,Electronics,CarrierC,2024/02/02,2024-02-07,2024-02-07,34,1
ORD-103755,SUP-010,Midwest,Electronics,CarrierB,24-Apr-2024,2024-04-29,2024-04-29,240,0
ORD-104084,SUP-016,West,Home Goods,CarrierB,2024-08-13,2024-08-20,2024-08-20,465,0
ORD-105691,SUP-015,Southeast,Perishables,CarrierA,03/05/2024,2024-03-15,2024-03-15,250,0
ORD-100564,SUP-018,Midwest,,CarrierD,26-Mar-2024,2024-03-31,2024-03-31,472,0
ORD-104468,SUP-008,Northeast,Industrial Parts,CarrierD,11/06/2024,2024-11-11,2024-11-15,350,0
ORD-105018,SUP-001,Midwest,Office Supplies,CarrierA,2024-01-31,2024-02-03,2024-02-03,395,0
ORD-100074,SUP-015,Northeast,Apparel,CarrierB,2024-04-15,2024-04-25,2024-04-25,491,0
ORD-100855,SUP-012,West,Home Goods,CarrierD,2024/06/30,2024-07-05,2024-07-05,476,0
ORD-100309,SUP-017,,Perishables,CarrierB,2024/09/17,2024-09-19,2024-09-20,325,1
ORD-103207,SUP-004,Midwest,Home Goods,CarrierA,18-Oct-2024,2024-10-28,2024-10-28,409,0
ORD-100282,SUP-002,Midwest,Home Goods,CarrierD,2024/07/30,2024-08-01,2024-08-07,100,0
ORD-103458,SUP-003,West,Office Supplies,CarrierD,2024/09/01,2024-09-11,2024-09-11,181,0
ORD-105975,SUP-007,Northeast,Home Goods,CarrierD,06/12/2024,2024-06-17,2024-06-16,92,0
ORD-100547,SUP-013,West,Apparel,CarrierB,2024-08-12,2024-08-17,2024-08-21,244,0
ORD-104577,SUP-016,Southwest,Apparel,CarrierA,26-Jun-2024,2024-07-03,2024-07-03,331,0
ORD-105453,SUP-006,Northeast,,CarrierA,03/30/2024,2024-04-09,2024-04-09,446,0
ORD-101570,SUP-018,Southwest,Apparel,CarrierA,2024/11/15,2024-11-22,2024-12-01,463,0
ORD-102581,SUP-018,West,Home Goods,CarrierA,2024/11/11,2024-11-14,2024-11-14,215,0
ORD-101158,SUP-001,Southeast,Industrial Parts,CarrierB,07/04/2024,2024-07-07,2024-07-10,159,0
ORD-101680,SUP-015,Southeast,Industrial Parts,CarrierC,01/28/2024,2024-02-04,2024-02-06,444,0
ORD-100720,SUP-010,Midwest,,CarrierC,2024/10/08,2024-10-15,2024-10-15,168,0
ORD-100291,SUP-007,Southwest,Home Goods,CarrierA,30-Jul-2024,2024-08-09,2024-08-09,484,0
ORD-103123,SUP-008,West,Perishables,CarrierD,2024-04-06,2024-04-16,2024-04-21,283,0
ORD-100540,SUP-018,Northeast,Perishables,CarrierA,13-Mar-2024,2024-03-18,2024-03-18,303,0
ORD-103397,SUP-013,Midwest,Apparel,CarrierA,2024-04-20,2024-04-27,2024-04-27,26,0
ORD-102232,SUP-015,Southwest,Apparel,CarrierD,2024/04/24,2024-04-26,2024-04-25,294,0
ORD-101036,SUP-006,Midwest,Industrial Parts,CarrierB,2024-10-24,2024-10-31,2024-11-07,363,0
ORD-103510,SUP-003,Northeast,Apparel,CarrierD,2024-12-28,2024-12-30,2025-01-01,333,0
ORD-101047,SUP-013,Northeast,Electronics,CarrierA,12-Jun-2024,2024-06-22,,140,0
ORD-103053,SUP-009,West,Apparel,CarrierC,2024/06/02,2024-06-05,2024-06-05,416,0
ORD-104445,SUP-016,Southeast,Office Supplies,CarrierA,03/24/2024,2024-03-26,2024-03-26,273,0
ORD-102315,SUP-013,Northeast,Apparel,CarrierC,2024/11/23,2024-11-26,2024-11-26,477,0
ORD-103060,SUP-013,Midwest,Industrial Parts,CarrierB,02-Dec-2024,2024-12-09,2024-12-09,180,0
ORD-104265,SUP-007,Southeast,Home Goods,CarrierD,05-May-2024,2024-05-08,2024-05-08,76,0
ORD-100060,SUP-011,Midwest,Home Goods,CarrierC,2024/02/17,2024-02-22,2024-02-21,388,0
ORD-101599,SUP-013,West,Electronics,CarrierB,05/19/2024,2024-05-24,2024-05-28,377,0
ORD-103704,SUP-009,Southeast,Office Supplies,CarrierC,2024-02-08,2024-02-13,2024-02-13,379,0
ORD-101189,SUP-001,Northeast,Office Supplies,CarrierD,02/17/2024,2024-02-19,2024-02-19,135,0
ORD-104900,SUP-002,Southwest,,CarrierC,2024/03/25,2024-03-30,2024-03-30,349,0
ORD-104251,SUP-009,Southwest,Perishables,CarrierB,25-Oct-2024,2024-11-01,2024-11-01,107,0
ORD-105609,SUP-002,West,Office Supplies,CarrierB,2024-02-09,2024-02-16,2024-02-16,356,0
ORD-102443,SUP-003,Northeast,Perishables,CarrierD,10/10/2024,2024-10-20,2024-10-23,412,0
ORD-103081,SUP-010,,Industrial Parts,CarrierB,2024-05-01,2024-05-04,2024-05-04,175,0
ORD-100535,SUP-014,West,Industrial Parts,CarrierD,25-May-2024,2024-05-30,2024-05-30,275,0
ORD-104835,SUP-005,Southeast,Industrial Parts,CarrierA,2024-06-26,2024-07-06,2024-07-06,261,0
ORD-105447,SUP-012,Southeast,Office Supplies,CarrierC,2024-02-28,2024-03-01,2024-03-04,7,0
ORD-103683,SUP-006,Southwest,Apparel,CarrierD,25-Jan-2024,2024-01-28,2024-01-28,33,0
ORD-103427,SUP-007,Northeast,Office Supplies,CarrierD,26-Aug-2024,2024-08-29,2024-08-28,387,0
ORD-104156,SUP-015,Southwest,Office Supplies,CarrierD,11-Mar-2024,2024-03-16,2024-03-16,147,0
ORD-100581,SUP-001,Southwest,Apparel,CarrierD,11/27/2024,2024-11-29,2024-11-29,327,0
ORD-105155,SUP-004,Northeast,Electronics,CarrierA,09-Feb-2024,2024-02-19,2024-02-19,111,0
ORD-100195,SUP-020,Northeast,Perishables,CarrierC,2024/03/04,2024-03-07,2024-03-11,253,0
ORD-101263,SUP-004,West,Apparel,CarrierD,2024/01/31,2024-02-07,2024-02-07,419,0
ORD-100172,SUP-017,Midwest,Industrial Parts,CarrierB,27-Jan-2024,2024-02-01,2024-02-09,328,0
ORD-104107,SUP-005,Midwest,Apparel,CarrierD,2024-10-01,2024-10-11,2024-10-10,23,0
ORD-103419,SUP-004,Southeast,Industrial Parts,CarrierA,04/13/2024,2024-04-18,2024-04-17,49,0
ORD-104631,SUP-008,West,Office Supplies,CarrierD,2024-09-13,2024-09-23,2024-09-22,132,0
ORD-102870,SUP-012,Southeast,Office Supplies,CarrierC,24-Jan-2024,2024-01-31,2024-01-31,344,0
ORD-102569,SUP-002,Southwest,Apparel,CarrierD,2024-07-05,2024-07-08,2024-07-13,271,0
ORD-100924,SUP-002,Midwest,Perishables,CarrierB,2024-11-18,2024-11-21,2024-11-26,473,1
ORD-102750,SUP-011,West,Apparel,CarrierD,2024/04/28,2024-05-08,2024-05-08,35,0
ORD-101013,SUP-006,Midwest,Home Goods,CarrierA,07/12/2024,2024-07-17,2024-07-25,436,0
ORD-104638,SUP-018,Northeast,Office Supplies,CarrierB,2024-04-02,2024-04-07,2024-04-06,151,0
ORD-101173,SUP-004,Southeast,Industrial Parts,CarrierB,02-Aug-2024,2024-08-09,2024-08-26,398,1
ORD-101562,SUP-004,Southeast,Industrial Parts,CarrierA,2024/01/29,2024-02-08,2024-02-15,179,0
ORD-102597,SUP-008,Southwest,Industrial Parts,CarrierD,03/31/2024,2024-04-10,2024-04-10,317,0
ORD-101641,SUP-012,Midwest,,CarrierD,06/08/2024,2024-06-18,2024-06-18,393,0
ORD-103954,SUP-004,West,Apparel,CarrierB,2024-02-08,2024-02-11,2024-02-11,52,0
ORD-105892,SUP-008,Northeast,Industrial Parts,CarrierB,2024-03-11,2024-03-21,2024-03-21,409,0
ORD-101430,SUP-002,Midwest,Apparel,CarrierB,2024/02/16,2024-02-26,2024-02-25,13,0
ORD-105690,SUP-016,,Home Goods,CarrierA,09/30/2024,2024-10-05,2024-10-04,341,0
ORD-103554,SUP-020,Southeast,Apparel,CarrierC,2024/10/13,2024-10-15,2024-10-14,30,0
ORD-105296,SUP-007,Midwest,Apparel,CarrierD,2024/08/06,2024-08-16,2024-08-16,329,0
ORD-105711,SUP-007,Northeast,Electronics,CarrierD,2024-02-03,2024-02-10,2024-02-09,308,0
ORD-105949,SUP-012,Southwest,Electronics,CarrierD,2024-11-05,2024-11-08,2024-11-07,416,0
ORD-103595,SUP-005,Northeast,Home Goods,CarrierD,2024-09-29,2024-10-04,2024-10-04,420,0
ORD-103300,SUP-006,West,Perishables,CarrierC,20-Feb-2024,2024-02-22,2024-02-22,113,0
ORD-101239,SUP-019,Midwest,Home Goods,CarrierD,2024/04/21,2024-04-24,2024-04-23,139,0
ORD-104653,SUP-017,Southwest,Office Supplies,CarrierD,2024-01-01,2024-01-03,2024-01-02,401,0
ORD-100415,SUP-018,Midwest,Office Supplies,CarrierB,2024-02-10,2024-02-15,2024-02-27,458,0
ORD-104649,SUP-003,Southwest,Home Goods,CarrierB,2024-08-21,2024-08-28,2024-08-28,141,0
ORD-105327,SUP-017,Southwest,Office Supplies,CarrierC,04/04/2024,2024-04-14,2024-04-14,345,0
ORD-100982,SUP-008,,Industrial Parts,CarrierD,2024/08/08,2024-08-13,2024-08-12,245,0
ORD-101164,SUP-015,Southeast,Industrial Parts,CarrierC,2024-03-30,2024-04-02,2024-04-02,284,0
ORD-101779,SUP-006,Southwest,Perishables,CarrierA,07-Aug-2024,2024-08-17,2024-08-27,442,0
ORD-105702,SUP-009,Midwest,Industrial Parts,CarrierA,26-Apr-2024,2024-04-28,2024-04-28,20,0
ORD-104667,SUP-013,Southwest,Apparel,CarrierA,31-Aug-2024,2024-09-02,2024-09-01,289,0
ORD-104691,SUP-013,Northeast,Industrial Parts,CarrierA,2024/08/11,2024-08-16,2024-08-20,217,0
ORD-100586,SUP-001,Northeast,Electronics,CarrierC,29-Sep-2024,2024-10-02,2024-10-02,105,0
ORD-100595,SUP-020,Southeast,Electronics,CarrierB,04-May-2024,2024-05-11,2024-05-10,450,0
ORD-101811,SUP-019,Southwest,Apparel,CarrierB,28-Feb-2024,2024-03-09,2024-03-08,477,0
ORD-100812,SUP-018,Southwest,Apparel,CarrierC,2024/01/05,2024-01-10,2024-01-10,453,0
ORD-101949,SUP-016,Northeast,Apparel,CarrierD,20-Dec-2024,2024-12-23,2024-12-22,307,0
ORD-105723,SUP-007,Northeast,Electronics,CarrierA,2024-03-07,2024-03-10,2024-03-10,330,0
ORD-101167,SUP-004,West,Home Goods,CarrierD,2024/09/10,2024-09-13,2024-09-13,453,0
ORD-101930,SUP-010,Southwest,Apparel,CarrierD,2024/01/27,2024-02-06,2024-02-06,380,0
ORD-100220,SUP-016,Northeast,Industrial Parts,CarrierA,11/17/2024,2024-11-24,2024-11-29,491,0
ORD-101065,SUP-013,West,Home Goods,CarrierC,21-Jun-2024,2024-07-01,2024-07-08,186,0
ORD-104721,SUP-008,Northeast,Electronics,CarrierD,2024/05/11,2024-05-18,2024-05-18,240,0
ORD-101692,SUP-016,Midwest,Apparel,CarrierA,2024/09/29,2024-10-09,2024-10-08,31,0
ORD-103563,SUP-020,West,,CarrierC,01-Jul-2024,2024-07-08,2024-07-08,8,0
ORD-104934,SUP-018,Southeast,Perishables,CarrierB,2024-05-23,2024-05-30,,152,0
ORD-102013,SUP-005,Southeast,Electronics,CarrierB,2024/02/28,2024-03-01,2024-03-01,133,0
ORD-105737,SUP-013,Southwest,Office Supplies,CarrierD,2024-11-09,2024-11-19,2024-11-19,105,0
ORD-100774,SUP-009,Southeast,Industrial Parts,CarrierD,30-Nov-2024,2024-12-03,2024-12-03,427,0
ORD-100305,SUP-007,West,Electronics,CarrierA,08/21/2024,2024-08-31,2024-09-03,183,0
ORD-104893,SUP-012,West,Apparel,CarrierC,2024-06-12,2024-06-22,2024-06-21,213,0
ORD-100439,SUP-016,Northeast,,CarrierD,09/01/2024,2024-09-08,2024-09-08,384,0
ORD-100713,SUP-007,Southwest,Home Goods,CarrierB,2024-07-17,2024-07-20,2024-07-20,183,0
ORD-105568,SUP-015,West,Perishables,CarrierD,2024/05/25,2024-05-28,2024-05-28,14,0
ORD-103132,SUP-010,Midwest,Perishables,CarrierD,01/26/2024,2024-01-31,2024-01-30,462,0
ORD-104705,SUP-007,Northeast,,CarrierC,2024/01/12,2024-01-17,2024-01-17,319,0
ORD-101024,SUP-009,Southwest,Electronics,CarrierB,06-Mar-2024,2024-03-08,2024-03-07,449,0
ORD-103277,SUP-004,West,Electronics,CarrierC,06/12/2024,2024-06-19,2024-06-19,272,0
ORD-101082,SUP-008,Northeast,Apparel,CarrierD,2024-06-17,2024-06-24,2024-06-30,173,0
ORD-102727,SUP-003,Midwest,Electronics,CarrierA,01/23/2024,2024-01-26,2024-01-26,483,0
ORD-103670,SUP-010,Southeast,Home Goods,CarrierD,2024-11-05,2024-11-08,2024-11-07,181,0
ORD-102293,SUP-003,West,Apparel,CarrierB,27-Jun-2024,2024-07-07,2024-07-09,489,0
ORD-100734,SUP-011,Midwest,Apparel,CarrierA,06/17/2024,2024-06-19,2024-06-24,241,0
ORD-101674,SUP-017,Southwest,Home Goods,CarrierA,2024/09/11,2024-09-16,2024-09-21,430,0
ORD-103970,SUP-017,Southwest,Perishables,CarrierA,2024/02/17,2024-02-24,2024-02-28,386,0
ORD-104246,SUP-017,Southwest,Apparel,CarrierC,28-Aug-2024,2024-08-31,2024-08-31,21,0
ORD-104661,SUP-020,Midwest,Home Goods,CarrierC,2024-12-02,2024-12-04,2024-12-04,329,0
ORD-105962,SUP-014,Midwest,Apparel,CarrierB,05-Dec-2024,2024-12-12,2024-12-11,435,0
ORD-103518,SUP-002,,,CarrierC,2024-06-07,2024-06-17,2024-06-24,375,0
ORD-103006,SUP-007,Southeast,Industrial Parts,CarrierD,11-Oct-2024,2024-10-16,2024-10-20,489,0
ORD-102113,SUP-016,Midwest,Electronics,CarrierA,07/25/2024,2024-08-04,2024-08-04,411,0
ORD-103283,SUP-008,Midwest,Apparel,CarrierC,09/05/2024,2024-09-15,2024-09-23,337,0
ORD-101610,SUP-020,West,Apparel,CarrierB,10/29/2024,2024-10-31,2024-11-07,145,0
ORD-101643,SUP-009,Midwest,Industrial Parts,CarrierD,2024/02/14,2024-02-24,2024-02-24,118,0
ORD-101219,SUP-017,Southwest,Electronics,CarrierC,2024-04-19,2024-04-24,2024-04-23,39,0
ORD-101604,SUP-008,Southeast,Perishables,CarrierA,2024-05-02,2024-05-04,2024-05-04,398,0
ORD-100357,SUP-019,Northeast,Electronics,CarrierA,07/16/2024,2024-07-26,2024-07-26,488,0
ORD-104034,SUP-006,Southwest,Industrial Parts,CarrierD,2024/06/21,2024-06-28,2024-07-03,385,0
ORD-100530,SUP-008,Northeast,Electronics,CarrierB,03/03/2024,2024-03-05,2024-03-05,425,0
ORD-104476,SUP-016,Northeast,Office Supplies,CarrierD,2024-10-10,2024-10-13,2024-10-14,24,0
ORD-105860,SUP-009,Southwest,Apparel,CarrierD,09/05/2024,2024-09-07,2024-09-06,309,0
ORD-101093,SUP-013,Southeast,,CarrierA,2024-09-13,2024-09-20,2024-09-19,149,0
ORD-101765,SUP-008,,Electronics,CarrierC,2024-04-27,2024-04-29,2024-04-29,180,0
ORD-104701,SUP-020,Southwest,Office Supplies,CarrierB,12-May-2024,2024-05-22,2024-05-22,54,0
ORD-102444,SUP-018,West,Perishables,CarrierA,02/09/2024,2024-02-14,2024-02-18,412,0
ORD-101935,SUP-006,Southwest,Home Goods,CarrierB,05-Apr-2024,2024-04-15,2024-04-15,45,0
ORD-100985,SUP-013,Midwest,Apparel,CarrierA,2024/11/12,2024-11-17,2024-11-16,5,0
ORD-104727,SUP-008,Northeast,Office Supplies,CarrierD,06-Aug-2024,2024-08-11,2024-08-11,168,0
ORD-102981,SUP-018,,Electronics,CarrierD,11-Nov-2024,2024-11-13,2024-11-13,293,0
ORD-103908,SUP-017,Northeast,Home Goods,CarrierA,2024/06/01,2024-06-04,2024-06-03,185,0
ORD-103940,SUP-010,Southwest,Home Goods,CarrierC,2024-04-29,2024-05-04,2024-05-04,313,0
ORD-105916,SUP-020,Southwest,Electronics,CarrierA,05/30/2024,2024-06-04,2024-06-10,99,1
ORD-104185,SUP-008,Midwest,Apparel,CarrierB,2024-08-16,2024-08-23,2024-08-23,245,0
ORD-102337,SUP-016,West,Home Goods,CarrierD,01/20/2024,2024-01-25,2024-01-25,290,0
ORD-103135,SUP-001,West,Home Goods,CarrierD,2024/05/07,2024-05-14,2024-05-20,444,0
ORD-104045,SUP-006,Southeast,Electronics,CarrierA,12/26/2024,2025-01-02,2025-01-11,239,0
ORD-103928,SUP-013,Midwest,Industrial Parts,CarrierA,09/23/2024,2024-10-03,2024-10-04,67,0
ORD-103264,SUP-007,Southwest,Industrial Parts,CarrierD,2024-07-23,2024-07-25,2024-07-25,2,0
ORD-104307,SUP-010,Midwest,Electronics,CarrierD,12/08/2024,2024-12-13,2024-12-13,484,0
ORD-105125,SUP-004,Midwest,Office Supplies,CarrierA,2024-03-26,2024-04-05,,43,0
ORD-101288,SUP-004,Southwest,Apparel,CarrierA,06/30/2024,2024-07-03,2024-07-02,263,0
ORD-103587,SUP-012,Southeast,Industrial Parts,CarrierA,2024-12-22,2025-01-01,2025-01-01,306,0
ORD-100137,SUP-007,West,Home Goods,CarrierA,2024-04-28,2024-05-03,2024-05-03,430,0
ORD-100973,SUP-014,Midwest,Apparel,CarrierD,08-Nov-2024,2024-11-11,2024-11-11,192,0
ORD-105393,SUP-007,Midwest,Office Supplies,CarrierD,07-Mar-2024,2024-03-14,2024-03-13,497,0
ORD-101648,SUP-006,Southeast,Apparel,CarrierC,2024-11-20,2024-11-23,2024-11-23,385,0
ORD-103493,SUP-017,Southwest,Apparel,CarrierA,2024-10-24,2024-10-26,2024-11-10,271,0
ORD-104097,SUP-014,Northeast,Home Goods,CarrierA,2024-07-27,2024-07-29,2024-07-29,212,0
ORD-100615,SUP-007,Northeast,Perishables,CarrierB,04/05/2024,2024-04-07,2024-04-06,370,0
ORD-105988,SUP-006,Southeast,Perishables,CarrierA,2024-11-12,2024-11-22,2024-11-22,327,0
ORD-105161,SUP-013,Northeast,Electronics,CarrierB,2024/08/09,2024-08-19,2024-08-19,455,0
ORD-101858,SUP-019,Southeast,Industrial Parts,CarrierD,2024-11-24,2024-12-04,2024-12-04,464,0
ORD-105061,SUP-013,Northeast,Perishables,CarrierD,03/04/2024,2024-03-14,2024-03-14,352,0
ORD-105180,SUP-013,West,Apparel,CarrierD,2024/12/25,2025-01-01,2025-01-01,474,0
ORD-105399,SUP-003,West,,CarrierC,05/14/2024,2024-05-24,2024-05-27,374,0
ORD-101711,SUP-011,Northeast,Electronics,CarrierB,07/11/2024,2024-07-21,2024-07-21,472,0
ORD-102268,SUP-016,Southwest,,CarrierC,2024/05/17,2024-05-20,2024-05-20,443,0
ORD-105935,SUP-015,Midwest,Electronics,CarrierC,2024/03/29,2024-04-03,2024-04-02,365,0
ORD-105870,SUP-005,Northeast,Perishables,CarrierB,2024/11/26,2024-12-06,2024-12-05,35,0
ORD-102424,SUP-007,Southwest,Perishables,CarrierB,2024/11/30,2024-12-07,2024-12-07,306,0
ORD-100158,SUP-014,Northeast,Industrial Parts,CarrierB,04-Feb-2024,2024-02-06,2024-02-06,163,0
ORD-103624,SUP-020,Southwest,Home Goods,CarrierD,06/29/2024,2024-07-01,2024-06-30,387,0
ORD-103242,SUP-010,Midwest,Electronics,CarrierA,2024-08-10,2024-08-17,2024-08-16,10,0
ORD-101366,SUP-001,Northeast,Home Goods,CarrierA,25-May-2024,2024-05-30,2024-05-30,439,0
ORD-100414,SUP-012,Southeast,Industrial Parts,CarrierB,20-Oct-2024,2024-10-27,2024-10-27,395,0
ORD-102773,SUP-014,West,Home Goods,CarrierD,07/01/2024,2024-07-04,2024-07-04,74,0
ORD-105651,SUP-011,West,Apparel,CarrierA,11/17/2024,2024-11-20,2024-11-23,356,0
ORD-102330,SUP-019,Southeast,Perishables,CarrierB,2024-09-28,2024-10-01,2024-10-09,498,1
ORD-104233,SUP-003,West,Office Supplies,CarrierA,2024-06-29,2024-07-06,2024-07-15,248,0
ORD-105709,SUP-006,Southwest,Office Supplies,CarrierB,03/26/2024,2024-03-29,2024-04-04,97,0
ORD-105343,SUP-006,Southeast,Office Supplies,CarrierA,2024/04/23,2024-04-25,2024-04-25,79,0
ORD-102697,SUP-007,Midwest,Electronics,CarrierC,2024/09/13,2024-09-16,,452,0
ORD-103225,SUP-003,West,Apparel,CarrierB,05/07/2024,2024-05-14,2024-05-16,1,0
ORD-104507,SUP-011,West,Industrial Parts,CarrierB,2024/11/18,2024-11-25,2024-11-24,416,0
ORD-101040,SUP-018,Southwest,Perishables,CarrierA,2024-01-23,2024-01-26,2024-01-28,479,0
ORD-104929,SUP-008,Southeast,Home Goods,CarrierC,2024/11/10,2024-11-15,2024-11-15,81,0
ORD-103402,SUP-017,West,Office Supplies,CarrierB,08/31/2024,2024-09-02,2024-09-07,86,0
ORD-103416,SUP-006,Southeast,Industrial Parts,CarrierC,2024-10-01,2024-10-03,2024-10-02,372,0
ORD-104845,SUP-014,Southeast,Office Supplies,CarrierD,2024/06/12,2024-06-22,2024-06-21,294,0
ORD-105263,SUP-016,Southwest,Perishables,CarrierC,01/20/2024,2024-01-23,2024-01-23,451,0
ORD-100508,SUP-013,Southwest,Electronics,CarrierD,2024-08-25,2024-08-30,2024-08-30,267,0
ORD-102828,SUP-003,Midwest,Electronics,CarrierD,2024-01-22,2024-01-25,2024-01-30,14,0
ORD-103774,SUP-012,Southwest,Office Supplies,CarrierB,12/05/2024,2024-12-08,2024-12-09,368,0
ORD-104500,SUP-012,West,Home Goods,CarrierA,2024/02/02,2024-02-09,2024-02-09,225,0
ORD-102448,SUP-008,Southeast,Office Supplies,CarrierC,2024/08/20,2024-08-27,2024-08-27,26,0
ORD-101781,SUP-005,Northeast,Office Supplies,CarrierD,2024/09/11,2024-09-21,2024-09-20,319,0
ORD-104947,SUP-015,Southeast,Office Supplies,CarrierC,10/16/2024,2024-10-26,2024-10-30,455,0
ORD-102985,SUP-008,Southwest,Perishables,CarrierA,21-Aug-2024,2024-08-24,2024-08-23,380,0
ORD-105460,SUP-003,West,Industrial Parts,CarrierA,08/15/2024,2024-08-20,2024-08-20,149,0
ORD-105635,SUP-015,West,Industrial Parts,CarrierB,2024-08-25,2024-08-30,2024-08-30,211,0
ORD-102931,SUP-009,,Home Goods,CarrierD,16-Nov-2024,2024-11-26,2024-11-25,38,0
ORD-103107,SUP-009,Midwest,Industrial Parts,CarrierA,10/22/2024,2024-10-25,2024-10-25,193,0
ORD-103203,SUP-009,Southwest,Perishables,CarrierA,04/18/2024,2024-04-20,2024-04-21,327,0
ORD-103074,SUP-013,Southeast,Office Supplies,CarrierC,2024/09/01,2024-09-11,2024-09-11,225,0
ORD-103570,SUP-016,Midwest,Apparel,CarrierA,2024/01/14,2024-01-21,2024-01-20,459,0
ORD-104495,SUP-014,West,Home Goods,CarrierC,2024/07/15,2024-07-22,2024-07-27,474,0
ORD-100543,SUP-002,,Apparel,CarrierB,2024-05-31,2024-06-05,2024-06-11,152,0
ORD-103287,SUP-018,West,Industrial Parts,CarrierD,18-Dec-2024,2024-12-20,2024-12-20,335,1
ORD-105190,SUP-020,West,Electronics,CarrierC,08/30/2024,2024-09-01,2024-09-01,118,0
ORD-100223,SUP-019,Midwest,Perishables,CarrierB,2024-05-14,2024-05-24,2024-05-24,227,0
ORD-105655,SUP-019,Southwest,Home Goods,CarrierC,2024/08/23,2024-08-25,2024-08-25,212,0
ORD-104421,SUP-017,Northeast,Office Supplies,CarrierA,2024/09/01,2024-09-08,2024-09-13,180,0
ORD-101402,SUP-018,Southwest,Apparel,CarrierA,02/14/2024,2024-02-17,2024-02-18,196,0
ORD-103808,SUP-012,Southwest,Electronics,CarrierC,2024/04/16,2024-04-18,2024-04-27,355,0
ORD-101872,SUP-007,Northeast,Apparel,CarrierA,07/21/2024,2024-07-26,2024-07-26,377,0
ORD-103629,SUP-015,Southeast,Electronics,CarrierA,19-Dec-2024,2024-12-29,2024-12-31,212,0
ORD-102136,SUP-015,Northeast,Home Goods,CarrierA,17-Apr-2024,2024-04-27,2024-04-27,278,0
ORD-100180,SUP-010,Southeast,Electronics,CarrierA,2024-11-26,2024-11-28,2024-11-28,152,0
ORD-104257,SUP-006,Northeast,Industrial Parts,CarrierD,10/22/2024,2024-10-29,2024-10-29,173,0
ORD-102173,SUP-011,Northeast,Office Supplies,CarrierA,2024-10-14,2024-10-24,2024-10-24,386,1
ORD-102778,SUP-007,Midwest,Perishables,CarrierA,11/21/2024,2024-12-01,2024-12-01,435,0
ORD-105142,SUP-004,Southwest,Perishables,CarrierC,12-Sep-2024,2024-09-14,2024-09-17,310,0
ORD-104875,SUP-005,Midwest,,CarrierA,2024/05/10,2024-05-20,,96,0
ORD-101322,SUP-013,Southeast,Office Supplies,CarrierC,05/11/2024,2024-05-18,2024-05-21,471,0
ORD-103601,SUP-019,Southeast,Apparel,CarrierC,2024/05/28,2024-06-04,2024-06-03,162,0
ORD-104184,SUP-009,Southeast,Electronics,CarrierD,05/05/2024,2024-05-15,2024-05-14,364,0
ORD-100539,SUP-009,Northeast,Office Supplies,CarrierC,2024/04/20,2024-04-25,2024-04-24,491,0
ORD-100289,SUP-005,West,Electronics,CarrierA,07/13/2024,2024-07-23,2024-07-23,387,0
ORD-105953,SUP-009,Southeast,Office Supplies,CarrierD,2024-02-18,2024-02-25,2024-03-07,486,0
ORD-103999,SUP-006,Southeast,Electronics,CarrierA,2024-01-11,2024-01-16,2024-01-26,348,0
ORD-100975,SUP-019,Northeast,Electronics,CarrierD,2024-11-28,2024-12-08,2024-12-08,196,0
ORD-102404,SUP-009,West,Home Goods,CarrierA,07/11/2024,2024-07-18,2024-07-18,189,0
ORD-104008,SUP-001,Southeast,Office Supplies,CarrierD,12/22/2024,2024-12-24,2024-12-24,419,0
ORD-103862,SUP-006,Southeast,Electronics,CarrierB,01-May-2024,2024-05-04,2024-05-04,145,0
ORD-103244,SUP-001,Northeast,Apparel,CarrierD,20-Aug-2024,2024-08-22,2024-08-22,6,0
ORD-104201,SUP-002,Southeast,Industrial Parts,CarrierA,2024/09/02,2024-09-05,2024-09-15,245,0
ORD-100041,SUP-009,Southeast,Home Goods,CarrierB,23-Feb-2024,2024-03-04,2024-03-12,132,0
ORD-105186,SUP-009,Midwest,Office Supplies,CarrierD,09-Jul-2024,2024-07-14,2024-07-14,107,0
ORD-103810,SUP-016,Southeast,Home Goods,CarrierB,01/29/2024,2024-02-01,2024-02-01,219,0
ORD-104211,SUP-004,West,Office Supplies,CarrierB,2024/04/13,2024-04-16,2024-04-15,44,0
ORD-103729,SUP-012,Southwest,Electronics,CarrierB,01/16/2024,2024-01-26,2024-01-25,451,0
ORD-104537,SUP-003,West,Apparel,CarrierC,2024/03/12,2024-03-22,2024-03-22,52,1
ORD-105942,SUP-007,West,Office Supplies,CarrierB,01/08/2024,2024-01-18,2024-01-17,101,0
ORD-105488,SUP-007,Southwest,Perishables,CarrierD,2024-07-15,2024-07-20,2024-07-20,132,0
ORD-102846,SUP-017,Southeast,Industrial Parts,CarrierC,19-Dec-2024,2024-12-22,2024-12-22,388,0
ORD-102930,SUP-020,Northeast,Home Goods,CarrierC,01/29/2024,2024-02-01,2024-01-31,350,0
ORD-104710,SUP-007,Southwest,Home Goods,CarrierD,15-Jun-2024,2024-06-17,2024-06-16,219,0
ORD-105954,SUP-006,Midwest,Industrial Parts,CarrierA,2024-07-04,2024-07-09,2024-07-11,321,0
ORD-105815,SUP-015,Southeast,Home Goods,CarrierA,2024-04-24,2024-04-26,2024-04-30,248,0
ORD-100876,SUP-014,Southeast,Electronics,CarrierC,2024-12-19,2024-12-26,2024-12-26,222,0
ORD-102383,SUP-015,Southeast,Electronics,CarrierB,2024/11/21,2024-12-01,2024-12-03,56,0
ORD-101391,SUP-009,West,Industrial Parts,CarrierD,2024/08/24,2024-08-31,2024-09-10,481,0
ORD-103846,SUP-016,Southeast,Office Supplies,CarrierA,05/21/2024,2024-05-31,2024-05-31,305,0
ORD-100506,SUP-006,Midwest,Perishables,CarrierC,2024/03/09,2024-03-16,2024-03-15,437,0
ORD-104593,SUP-018,Northeast,Apparel,CarrierA,2024/09/15,2024-09-18,2024-09-23,192,0
ORD-101014,SUP-016,West,Perishables,CarrierD,2024/10/05,2024-10-07,2024-10-07,435,0
ORD-105904,SUP-011,West,Home Goods,CarrierA,2024-04-04,2024-04-14,2024-04-14,165,0
ORD-100387,SUP-011,Southeast,Home Goods,CarrierB,2024/02/14,2024-02-21,2024-02-21,28,0
ORD-103523,SUP-012,Northeast,Industrial Parts,CarrierC,17-Jun-2024,2024-06-27,2024-06-26,144,0
ORD-100307,SUP-020,West,Office Supplies,CarrierB,2024/07/08,2024-07-18,2024-07-17,119,0
ORD-101336,SUP-017,Southeast,Home Goods,CarrierC,2024/03/22,2024-03-27,2024-03-27,62,0
ORD-101863,SUP-006,Southeast,,CarrierA,2024/01/13,2024-01-15,2024-01-15,168,0
ORD-101327,SUP-020,Midwest,Home Goods,CarrierD,2024/06/07,2024-06-10,2024-06-09,36,0
ORD-104467,SUP-020,Southeast,Industrial Parts,CarrierB,14-Apr-2024,2024-04-24,2024-04-26,143,0
ORD-104740,SUP-014,West,Apparel,CarrierD,08/25/2024,2024-08-27,2024-08-27,261,0
ORD-101255,SUP-004,,Apparel,CarrierD,2024/06/27,2024-06-30,2024-07-01,193,0
ORD-104584,SUP-004,West,Home Goods,CarrierD,24-Apr-2024,2024-04-29,2024-05-03,63,0
ORD-100340,SUP-018,West,Industrial Parts,CarrierA,2024-07-24,2024-07-29,2024-07-29,58,0
ORD-101801,SUP-011,Midwest,Apparel,CarrierD,03-Aug-2024,2024-08-10,2024-08-09,156,0
ORD-105618,SUP-002,Midwest,Electronics,CarrierB,11-Feb-2024,2024-02-18,2024-02-18,71,0
ORD-101955,SUP-016,West,Perishables,CarrierA,25-Jun-2024,2024-07-05,2024-07-04,159,0
ORD-105332,SUP-003,Northeast,Home Goods,CarrierD,2024/10/22,2024-10-29,2024-10-29,202,0
ORD-104136,SUP-009,West,Perishables,CarrierD,04/10/2024,2024-04-15,2024-04-15,490,0
ORD-102004,SUP-006,Southeast,Home Goods,CarrierD,03-Nov-2024,2024-11-05,2024-11-13,395,0
ORD-102595,SUP-002,Southeast,Home Goods,CarrierA,2024-10-02,2024-10-05,2024-10-05,99,0
ORD-100747,SUP-015,West,Electronics,CarrierD,2024/02/12,2024-02-19,2024-02-26,326,1
ORD-103905,SUP-017,Southwest,Industrial Parts,CarrierA,01/13/2024,2024-01-20,2024-01-20,3,0
ORD-105089,SUP-015,Midwest,Office Supplies,CarrierD,02/12/2024,2024-02-15,2024-02-15,321,0
ORD-104623,SUP-017,Southwest,Industrial Parts,CarrierA,2024/06/07,2024-06-12,2024-06-17,386,0
ORD-102053,SUP-017,Midwest,Apparel,CarrierC,2024/01/17,2024-01-27,2024-01-27,108,0
ORD-104002,SUP-004,Southwest,Industrial Parts,CarrierC,2024-11-25,2024-11-30,2024-12-06,59,0
ORD-101503,SUP-020,Southeast,Home Goods,CarrierB,2024/10/09,2024-10-11,2024-10-11,105,0
ORD-105054,SUP-015,West,,CarrierD,04/10/2024,2024-04-20,2024-04-26,141,0
ORD-103945,SUP-018,Midwest,Apparel,CarrierA,12/08/2024,2024-12-18,2024-12-18,274,0
ORD-101780,SUP-002,Midwest,Office Supplies,CarrierB,12/12/2024,2024-12-22,2024-12-22,286,0
ORD-104484,SUP-004,Midwest,Home Goods,CarrierC,2024-01-16,2024-01-23,2024-01-24,228,0
ORD-100765,SUP-004,West,Apparel,CarrierB,28-Sep-2024,2024-09-30,2024-10-01,415,0
ORD-104672,SUP-013,Southeast,Office Supplies,CarrierA,2024-02-04,2024-02-06,2024-02-06,261,0
ORD-100925,SUP-013,Northeast,Apparel,CarrierC,05-Apr-2024,2024-04-15,2024-04-15,100,0
ORD-100856,SUP-004,West,Apparel,CarrierA,07-Mar-2024,2024-03-09,2024-03-09,192,1
ORD-102620,SUP-006,West,Home Goods,CarrierB,04/25/2024,2024-05-02,2024-05-11,312,0
ORD-105933,SUP-008,Midwest,Home Goods,CarrierB,2024/12/27,2025-01-06,2025-01-06,4,0
ORD-101270,SUP-019,Midwest,Office Supplies,CarrierC,2024/11/28,2024-12-05,2024-12-04,147,0
ORD-105240,SUP-007,Southwest,Perishables,CarrierC,2024/03/01,2024-03-08,2024-03-07,201,0
ORD-101839,SUP-014,Southeast,Home Goods,CarrierB,08/25/2024,2024-09-04,2024-09-04,459,0
ORD-101114,SUP-010,Southwest,Office Supplies,CarrierD,2024/06/22,2024-06-27,2024-06-27,382,0
ORD-105745,SUP-004,Northeast,Office Supplies,CarrierC,2024-06-17,2024-06-20,2024-06-20,149,0
ORD-104117,SUP-010,Midwest,Perishables,CarrierA,12/30/2024,2025-01-02,2025-01-02,391,0
ORD-100751,SUP-001,Northeast,Apparel,CarrierB,2024-07-08,2024-07-11,2024-07-15,92,0
ORD-105244,SUP-007,Southeast,Perishables,CarrierB,2024-09-30,2024-10-02,2024-10-12,228,0
ORD-102703,SUP-010,Southeast,Electronics,CarrierA,2024/03/19,2024-03-26,2024-03-26,227,0
ORD-105388,SUP-007,Northeast,Apparel,CarrierD,2024-12-12,2024-12-17,2024-12-22,449,0
ORD-104750,SUP-012,Southeast,Office Supplies,CarrierA,2024/08/23,2024-08-26,2024-08-28,44,0
ORD-100151,SUP-012,West,Electronics,CarrierA,12-Aug-2024,2024-08-17,2024-08-16,221,0
ORD-101032,SUP-019,Southeast,Home Goods,CarrierD,11/08/2024,2024-11-18,2024-11-24,99,0
ORD-102508,SUP-017,Northeast,Perishables,CarrierD,2024/12/02,2024-12-05,2024-12-10,179,1
ORD-101442,SUP-002,West,Office Supplies,CarrierB,12/26/2024,2024-12-31,2024-12-31,281,0
ORD-104167,SUP-019,Northeast,Apparel,CarrierA,2024-03-11,2024-03-21,2024-03-21,257,0
ORD-100346,SUP-010,Southwest,Home Goods,CarrierB,11/15/2024,2024-11-25,2024-11-25,351,0
ORD-103903,SUP-017,Northeast,Apparel,CarrierB,03/09/2024,2024-03-14,2024-03-13,284,0
ORD-102630,SUP-017,Southeast,Industrial Parts,CarrierB,2024-04-13,2024-04-15,2024-04-20,75,0
ORD-101670,SUP-006,Southwest,,CarrierD,11/10/2024,2024-11-17,2024-11-20,499,0
ORD-100706,SUP-012,West,Home Goods,CarrierB,2024/03/18,2024-03-28,2024-03-30,281,0
ORD-105649,SUP-008,Northeast,Perishables,CarrierC,2024/05/02,2024-05-07,2024-05-07,490,0
ORD-102675,SUP-019,Southwest,Office Supplies,CarrierD,2024-08-17,2024-08-20,2024-08-20,365,0
ORD-103499,SUP-002,Southeast,Electronics,CarrierA,20-Dec-2024,2024-12-30,2024-12-29,428,0
ORD-101746,SUP-011,Midwest,Electronics,CarrierC,12/24/2024,2024-12-31,2024-12-31,447,0
ORD-104977,SUP-019,West,Home Goods,CarrierA,28-Aug-2024,2024-09-07,2024-09-07,144,0
ORD-101400,SUP-002,Southeast,Electronics,CarrierB,2024/10/03,2024-10-08,2024-10-08,209,0
ORD-101017,SUP-013,Northeast,Industrial Parts,CarrierC,2024-12-15,2024-12-25,2024-12-28,265,0
ORD-102887,SUP-005,Northeast,Industrial Parts,CarrierA,2024-05-25,2024-05-27,2024-05-27,215,0
ORD-103159,SUP-006,Southwest,Perishables,CarrierA,22-Sep-2024,2024-09-29,2024-10-04,92,0
ORD-104478,SUP-003,Southeast,Perishables,CarrierA,17-Apr-2024,2024-04-20,2024-04-22,301,0
ORD-101649,SUP-019,Midwest,Apparel,CarrierD,2024/02/10,2024-02-17,2024-02-17,283,0
ORD-102240,SUP-016,Southwest,Office Supplies,CarrierC,2024-04-04,2024-04-11,2024-04-11,326,1
ORD-103530,SUP-004,Southwest,Home Goods,CarrierB,11/12/2024,2024-11-17,2024-11-16,247,0
ORD-101502,SUP-009,Southwest,Electronics,CarrierB,2024-08-27,2024-08-29,2024-08-30,31,0
ORD-100087,SUP-004,Southwest,Perishables,CarrierD,2024/01/09,2024-01-12,2024-01-12,51,0
ORD-105796,SUP-001,Midwest,Office Supplies,CarrierC,2024-08-21,2024-08-28,2024-08-30,479,0
ORD-102699,SUP-012,West,Apparel,CarrierC,11-Apr-2024,2024-04-14,2024-04-13,387,0
ORD-100521,SUP-019,West,Apparel,CarrierC,2024/12/29,2024-12-31,2024-12-31,118,0
ORD-105502,SUP-012,Southwest,Office Supplies,CarrierA,01-Jun-2024,2024-06-06,2024-06-06,451,0
ORD-101556,SUP-015,West,Industrial Parts,CarrierC,04/01/2024,2024-04-11,2024-04-12,315,0
ORD-103480,SUP-012,Southwest,Perishables,CarrierB,09/01/2024,2024-09-04,2024-09-10,257,0
ORD-105512,SUP-012,Midwest,,CarrierA,26-May-2024,2024-05-28,2024-06-02,387,0
ORD-103607,SUP-001,West,Apparel,CarrierB,2024/02/22,2024-02-24,2024-02-29,89,0
ORD-103390,SUP-017,West,Electronics,CarrierC,2024/02/03,2024-02-10,2024-02-10,94,0
ORD-105491,SUP-005,Southwest,Apparel,CarrierC,2024/02/09,2024-02-16,2024-02-16,349,0
ORD-101201,SUP-009,Southeast,Industrial Parts,CarrierA,01/16/2024,2024-01-23,2024-01-23,245,0
ORD-102135,SUP-004,Northeast,Home Goods,CarrierD,2024/06/19,2024-06-21,2024-06-20,471,0
ORD-104833,SUP-006,Northeast,Perishables,CarrierC,04-Oct-2024,2024-10-11,2024-10-17,209,0
ORD-103477,SUP-007,Southwest,Office Supplies,CarrierC,06-Feb-2024,2024-02-13,2024-02-12,288,0
ORD-105642,SUP-011,Southwest,Apparel,CarrierB,2024/06/04,2024-06-11,2024-06-11,37,0
ORD-103939,SUP-009,Southeast,Office Supplies,CarrierB,2024-11-28,2024-12-05,2024-12-08,252,0
ORD-105950,SUP-005,Southwest,Home Goods,CarrierB,2024/01/28,2024-02-04,2024-02-04,492,0
ORD-102735,SUP-009,Southwest,Electronics,CarrierD,11-Apr-2024,2024-04-16,,402,0
ORD-104383,SUP-009,Northeast,Office Supplies,CarrierC,05-May-2024,2024-05-12,2024-05-20,136,0
ORD-101142,SUP-016,Southeast,Industrial Parts,CarrierB,09-Apr-2024,2024-04-16,2024-04-17,209,0
ORD-104872,SUP-008,Southwest,Electronics,CarrierB,2024/12/19,2024-12-29,2024-12-29,393,0
ORD-100010,SUP-003,Midwest,Industrial Parts,CarrierD,2024-02-05,2024-02-07,2024-02-06,360,0
ORD-102945,SUP-005,Southeast,Electronics,CarrierB,2024-09-15,2024-09-18,2024-09-18,322,0
ORD-103521,SUP-018,Southwest,Industrial Parts,CarrierA,09/10/2024,2024-09-20,2024-09-20,361,0
ORD-105797,SUP-012,Southeast,Perishables,CarrierC,10/27/2024,2024-10-29,2024-10-29,219,0
ORD-104337,SUP-004,Southwest,Perishables,CarrierD,2024-07-02,2024-07-05,2024-07-11,145,0
ORD-104356,SUP-003,Midwest,Electronics,CarrierC,17-Dec-2024,2024-12-20,2024-12-19,185,0
ORD-102964,SUP-016,Midwest,Office Supplies,CarrierD,2024-01-25,2024-01-30,2024-01-30,92,0
ORD-103006,SUP-007,Southeast,Industrial Parts,CarrierD,10/11/2024,2024-10-16,2024-10-20,489,0
ORD-103448,SUP-016,West,Apparel,CarrierC,15-Dec-2024,2024-12-18,2024-12-21,221,0
ORD-104709,SUP-009,West,Electronics,CarrierD,19-Aug-2024,2024-08-26,2024-09-03,125,0
ORD-102296,SUP-012,Northeast,Electronics,CarrierA,2024/05/25,2024-05-28,2024-06-01,45,0
ORD-102885,SUP-003,West,Home Goods,CarrierC,24-Sep-2024,2024-09-26,2024-09-26,448,0
ORD-104481,SUP-003,West,Office Supplies,CarrierD,2024-09-04,2024-09-06,2024-09-06,442,1
ORD-102671,SUP-009,West,Home Goods,CarrierD,2024-09-29,2024-10-06,2024-10-06,372,0
ORD-101845,SUP-017,Southeast,Perishables,CarrierB,2024-03-19,2024-03-24,2024-03-24,267,0
ORD-105899,SUP-015,Southeast,Apparel,CarrierD,2024-07-08,2024-07-11,2024-07-10,223,0
ORD-102099,SUP-002,Midwest,Perishables,CarrierD,2024/10/26,2024-10-29,2024-10-31,224,0
ORD-100569,SUP-005,Southwest,Home Goods,CarrierA,07/27/2024,2024-07-29,2024-07-29,363,0
ORD-100537,SUP-017,West,Apparel,CarrierC,2024-02-21,2024-02-26,2024-02-26,343,0
ORD-105919,SUP-019,Northeast,Home Goods,CarrierC,21-Apr-2024,2024-04-28,2024-04-28,155,0
ORD-105108,SUP-017,West,Office Supplies,CarrierB,2024/03/21,2024-03-23,2024-03-26,81,0
ORD-103465,SUP-010,West,Apparel,CarrierC,08/22/2024,2024-08-27,2024-08-26,425,0
ORD-103187,SUP-004,Midwest,Home Goods,CarrierB,2024-05-31,2024-06-10,2024-06-09,37,0
ORD-102858,SUP-004,Northeast,Home Goods,CarrierB,12/25/2024,2025-01-01,2024-12-31,426,0
ORD-103213,SUP-007,Southwest,Apparel,CarrierD,2024-03-09,2024-03-12,2024-03-12,63,0
ORD-102276,SUP-013,Midwest,Perishables,CarrierA,2024/03/05,2024-03-10,2024-03-10,227,0
ORD-101408,SUP-004,Midwest,Perishables,CarrierA,2024/11/24,2024-11-26,2024-11-25,402,0
ORD-105743,SUP-018,Southwest,Electronics,CarrierB,2024/03/11,2024-03-21,2024-03-21,353,0
ORD-100604,SUP-016,Midwest,,CarrierD,13-Nov-2024,2024-11-18,2024-11-21,143,0
ORD-101853,SUP-015,Midwest,Apparel,CarrierA,2024/07/25,2024-08-01,2024-08-01,133,0
ORD-105955,SUP-004,Southwest,Electronics,CarrierA,08/26/2024,2024-09-02,2024-09-04,361,0
ORD-105633,SUP-010,Southeast,Apparel,CarrierC,04-May-2024,2024-05-11,2024-05-11,128,0
ORD-102850,SUP-010,Midwest,Electronics,CarrierD,2024/07/11,2024-07-21,2024-07-21,62,0
ORD-104369,SUP-015,West,Electronics,CarrierB,2024-12-22,2024-12-25,2024-12-25,454,0
ORD-102910,SUP-017,West,Home Goods,CarrierC,13-Feb-2024,2024-02-16,2024-03-17,40,0
ORD-101332,SUP-017,Midwest,Home Goods,CarrierA,08/31/2024,2024-09-03,2024-09-03,420,0
ORD-101647,SUP-010,West,Office Supplies,CarrierA,2024/11/11,2024-11-16,2024-11-16,121,0
ORD-102701,SUP-001,Northeast,Industrial Parts,CarrierA,2024-11-21,2024-11-23,2024-11-23,408,0
ORD-103451,SUP-002,Southwest,Electronics,CarrierB,2024-07-03,2024-07-10,2024-07-09,333,0
ORD-104402,SUP-018,Midwest,Industrial Parts,CarrierA,2024/03/02,2024-03-05,2024-03-10,92,0
ORD-105104,SUP-005,Southeast,Industrial Parts,CarrierA,10-Sep-2024,2024-09-12,2024-09-12,277,0
ORD-100688,SUP-018,Midwest,Home Goods,CarrierD,04/06/2024,2024-04-09,2024-04-10,288,0
ORD-100822,SUP-001,West,Electronics,CarrierA,2024/06/19,2024-06-21,2024-06-24,284,0
ORD-105948,SUP-002,Southwest,Home Goods,CarrierC,07/19/2024,2024-07-21,2024-07-21,423,0
ORD-105811,SUP-003,Southeast,Office Supplies,CarrierA,05/30/2024,2024-06-09,2024-06-09,21,0
ORD-103087,SUP-016,West,Home Goods,CarrierB,2024-09-25,2024-09-30,2024-09-30,46,0
ORD-104479,SUP-015,West,Industrial Parts,CarrierD,10/21/2024,2024-10-28,2024-10-27,295,0
ORD-101677,SUP-016,Southwest,Office Supplies,CarrierA,16-Feb-2024,2024-02-26,2024-02-26,380,0
ORD-101149,SUP-010,Northeast,Perishables,CarrierD,11/24/2024,2024-11-26,2024-11-30,239,0
ORD-103662,SUP-019,Northeast,Industrial Parts,CarrierB,07/27/2024,2024-07-29,2024-07-29,260,0
ORD-104413,SUP-016,West,Perishables,CarrierC,2024/02/19,2024-02-22,2024-02-22,86,0
ORD-101493,SUP-016,,Apparel,CarrierC,2024-09-22,2024-09-29,2024-09-29,192,0
ORD-104186,SUP-005,Southeast,Apparel,CarrierD,2024/02/06,2024-02-09,2024-02-09,418,0
ORD-102114,SUP-003,Southwest,Perishables,CarrierB,29-Feb-2024,2024-03-07,2024-03-09,103,1
ORD-104549,SUP-020,Midwest,Electronics,CarrierB,01/02/2024,2024-01-07,2024-01-16,200,0
ORD-101621,SUP-009,,Electronics,CarrierB,2024-06-12,2024-06-19,2024-06-19,41,0
ORD-101323,SUP-020,Southwest,Industrial Parts,CarrierB,19-Apr-2024,2024-04-21,2024-04-20,445,0
ORD-104095,SUP-002,Southwest,Electronics,CarrierC,05/11/2024,2024-05-18,2024-05-19,291,0
ORD-104406,SUP-016,Midwest,Home Goods,CarrierC,2024-07-10,2024-07-20,2024-07-20,67,0
ORD-104567,SUP-019,Midwest,Apparel,CarrierB,2024-04-22,2024-04-25,2024-04-25,22,0
ORD-105009,SUP-010,Southwest,Industrial Parts,CarrierB,2024/09/05,2024-09-08,2024-09-08,360,0
ORD-102946,SUP-010,Midwest,,CarrierD,16-Oct-2024,2024-10-21,2024-10-20,235,0
ORD-103889,SUP-007,,Office Supplies,CarrierB,02/06/2024,2024-02-09,2024-02-12,223,0
ORD-103193,SUP-012,Southeast,Electronics,CarrierB,01/29/2024,2024-02-08,2024-02-08,385,0
ORD-105057,SUP-013,Southwest,Apparel,CarrierC,29-Apr-2024,2024-05-01,2024-05-01,179,0
ORD-102087,SUP-005,Midwest,Office Supplies,CarrierC,02/10/2024,2024-02-17,2024-02-16,411,0
ORD-100917,SUP-020,Northeast,Apparel,CarrierD,01/04/2024,2024-01-11,2024-01-11,59,0
ORD-103772,SUP-016,Southwest,Apparel,CarrierA,2024/10/07,2024-10-12,2024-10-12,304,0
ORD-103841,SUP-018,Northeast,Industrial Parts,CarrierC,01/08/2024,2024-01-13,2024-01-19,88,0
ORD-101601,SUP-010,,Industrial Parts,CarrierA,15-Jul-2024,2024-07-20,2024-07-23,92,0
ORD-103687,SUP-010,Midwest,Office Supplies,CarrierD,04/04/2024,2024-04-14,2024-04-13,283,0
ORD-100559,SUP-016,West,Office Supplies,CarrierD,2024-03-27,2024-04-01,2024-03-31,214,0
ORD-103502,SUP-004,Southeast,Apparel,CarrierC,2024-06-08,2024-06-15,2024-06-14,232,0
ORD-103298,SUP-005,Midwest,Apparel,CarrierB,26-Sep-2024,2024-09-29,2024-09-29,415,0
ORD-103716,SUP-016,West,Industrial Parts,CarrierA,18-Dec-2024,2024-12-28,2024-12-28,54,0
ORD-100707,SUP-019,West,Home Goods,CarrierC,07-Jan-2024,2024-01-12,2024-01-16,190,0
ORD-103765,SUP-006,Southwest,Electronics,CarrierC,11-Sep-2024,2024-09-16,2024-09-15,290,0
ORD-100583,SUP-012,Northeast,Industrial Parts,CarrierA,2024/02/26,2024-03-07,2024-03-09,461,0
ORD-101208,SUP-010,Southwest,Industrial Parts,CarrierC,09/27/2024,2024-10-07,2024-10-07,493,0
ORD-104052,SUP-013,Northeast,Apparel,CarrierA,05/25/2024,2024-06-04,2024-06-03,321,0
ORD-100422,SUP-010,West,Home Goods,CarrierB,20-May-2024,2024-05-23,2024-05-23,276,0
ORD-102633,SUP-015,Southeast,Industrial Parts,CarrierB,06/23/2024,2024-06-28,2024-07-02,25,0
ORD-104038,SUP-015,Southeast,Office Supplies,CarrierC,03/15/2024,2024-03-22,2024-03-25,63,0
ORD-100875,SUP-011,,Perishables,CarrierC,17-Jan-2024,2024-01-19,2024-01-18,387,0
ORD-105455,SUP-001,Northeast,Electronics,CarrierB,2024-11-24,2024-12-04,2024-12-14,243,0
ORD-104005,SUP-003,Northeast,Industrial Parts,CarrierA,07/19/2024,2024-07-22,2024-07-28,268,0
ORD-104817,SUP-003,Northeast,Office Supplies,CarrierB,21-Jul-2024,2024-07-23,2024-07-28,280,0
ORD-105705,SUP-020,West,Apparel,CarrierB,19-Jan-2024,2024-01-24,2024-01-28,189,0
ORD-101566,SUP-019,Midwest,Industrial Parts,CarrierD,04-May-2024,2024-05-09,2024-05-09,494,0
ORD-103668,SUP-015,Southwest,,CarrierA,2024/08/16,2024-08-26,2024-08-25,459,0
ORD-105587,SUP-009,Southeast,Office Supplies,CarrierD,05-Jan-2024,2024-01-12,2024-01-11,386,0
ORD-101183,SUP-010,Northeast,Electronics,CarrierD,2024-08-21,2024-08-31,2024-08-31,119,0
ORD-100227,SUP-019,West,Industrial Parts,CarrierB,2024-04-29,2024-05-01,2024-05-03,251,0
ORD-100826,SUP-010,Southeast,Apparel,CarrierB,2024-03-12,2024-03-15,2024-03-15,432,0
ORD-102254,SUP-004,West,Industrial Parts,CarrierA,2024/03/19,2024-03-21,2024-03-21,377,0
ORD-103978,SUP-005,Southeast,Home Goods,CarrierC,28-Nov-2024,2024-12-01,2024-12-01,462,0
ORD-102321,SUP-010,West,Industrial Parts,CarrierA,01/10/2024,2024-01-13,2024-01-13,416,0
ORD-102942,SUP-013,Midwest,Office Supplies,CarrierD,11/22/2024,2024-11-24,2024-11-24,492,0
ORD-105228,SUP-004,West,,CarrierD,2024-09-23,2024-10-03,2024-10-03,424,0
ORD-101636,SUP-013,Midwest,Apparel,CarrierB,16-Mar-2024,2024-03-18,2024-03-17,359,0
ORD-102828,SUP-003,Midwest,Electronics,CarrierD,2024-01-22,2024-01-25,2024-01-30,14,0
ORD-105376,SUP-013,Midwest,Office Supplies,CarrierB,2024-04-03,2024-04-05,2024-04-05,334,0
ORD-103269,SUP-009,Southwest,Apparel,CarrierC,10/11/2024,2024-10-21,2024-10-21,447,0
ORD-104949,SUP-003,Southeast,,CarrierC,2024-05-17,2024-05-24,2024-05-30,233,0
ORD-103568,SUP-009,Northeast,Home Goods,CarrierD,2024-11-11,2024-11-21,2024-11-21,400,0
ORD-101190,SUP-010,West,Industrial Parts,CarrierB,07/13/2024,2024-07-20,2024-07-20,27,0
ORD-105886,SUP-011,,Industrial Parts,CarrierC,2024/07/04,2024-07-14,2024-07-14,234,0
ORD-101374,SUP-017,Southeast,Electronics,CarrierB,01/05/2024,2024-01-15,2024-01-22,206,0
ORD-101569,SUP-017,Southeast,Apparel,CarrierA,2024/04/23,2024-04-28,2024-04-29,123,0
ORD-104788,SUP-019,Northeast,Apparel,CarrierC,2024-07-09,2024-07-11,2024-07-11,78,0
ORD-103093,SUP-010,Southeast,Perishables,CarrierA,2024/05/19,2024-05-26,2024-05-26,394,0
ORD-102134,SUP-020,Southeast,Industrial Parts,CarrierB,10-Mar-2024,2024-03-15,2024-03-15,249,0
ORD-105068,SUP-018,,Home Goods,CarrierB,02-Jun-2024,2024-06-09,2024-06-18,214,0
ORD-101808,SUP-016,,Electronics,CarrierC,2024/04/25,2024-05-02,2024-05-06,28,0
ORD-100825,SUP-004,Southwest,Office Supplies,CarrierB,2024/11/09,2024-11-11,2024-11-10,43,0
ORD-102392,SUP-001,Midwest,Apparel,CarrierB,11/21/2024,2024-12-01,2024-12-01,49,0
ORD-103643,SUP-010,Southwest,Apparel,CarrierC,10/10/2024,2024-10-13,2024-10-13,238,0
ORD-102480,SUP-018,West,Industrial Parts,CarrierB,22-Apr-2024,2024-04-25,2024-04-25,52,0
ORD-100499,SUP-019,Southwest,Electronics,CarrierA,11/01/2024,2024-11-11,2024-11-13,379,0
ORD-103315,SUP-010,Midwest,Apparel,CarrierB,25-Mar-2024,2024-04-01,2024-04-01,53,0
ORD-105238,SUP-020,Northeast,Office Supplies,CarrierB,2024-01-28,2024-02-04,2024-02-07,319,0
ORD-104722,SUP-018,Southeast,Industrial Parts,CarrierB,12/28/2024,2024-12-30,2024-12-30,81,0
ORD-104524,SUP-010,Southwest,Electronics,CarrierA,2024/02/04,2024-02-11,2024-02-11,488,0
ORD-100816,SUP-010,Northeast,Apparel,CarrierA,2024/06/07,2024-06-12,2024-06-12,320,0
ORD-101316,SUP-020,Southeast,Apparel,CarrierB,12/23/2024,2024-12-26,2024-12-26,232,0
ORD-100465,SUP-004,West,Office Supplies,CarrierB,2024-07-15,2024-07-25,2024-07-27,190,0
ORD-102533,SUP-015,Southeast,Office Supplies,CarrierA,15-Feb-2024,2024-02-17,2024-02-17,353,0
ORD-105959,SUP-020,Southeast,Home Goods,CarrierB,2024/01/25,2024-01-27,2024-01-26,212,0
ORD-100509,SUP-010,Midwest,Home Goods,CarrierB,2024-07-09,2024-07-14,2024-07-14,369,0
ORD-100146,SUP-015,Southwest,Industrial Parts,CarrierA,2024-07-23,2024-07-26,2024-07-30,461,0
ORD-105091,SUP-003,Midwest,Office Supplies,CarrierC,09/27/2024,2024-10-07,2024-10-12,148,0
ORD-105689,SUP-006,Southwest,Electronics,CarrierA,12/10/2024,2024-12-17,2024-12-17,53,0
ORD-102919,SUP-002,Southwest,Industrial Parts,CarrierA,10-Aug-2024,2024-08-17,2024-08-18,99,0
ORD-100629,SUP-004,West,Electronics,CarrierC,11-Jun-2024,2024-06-18,2024-06-21,218,0
ORD-101536,SUP-004,Southeast,Industrial Parts,CarrierB,2024-01-15,2024-01-17,2024-01-17,72,0
ORD-105839,SUP-019,Southwest,Perishables,CarrierD,2024/11/26,2024-12-03,2024-12-07,53,0
ORD-103022,SUP-010,Midwest,Home Goods,CarrierC,2024-11-18,2024-11-20,2024-11-20,454,0
ORD-103318,SUP-014,Northeast,Perishables,CarrierD,07-Aug-2024,2024-08-12,2024-08-14,367,0
ORD-101196,SUP-014,Southeast,Perishables,CarrierC,26-Feb-2024,2024-03-07,2024-03-06,244,0
ORD-103650,SUP-014,Southwest,Industrial Parts,CarrierB,05/29/2024,2024-05-31,2024-05-31,157,0
ORD-100470,SUP-010,Southeast,Apparel,CarrierD,10-Apr-2024,2024-04-13,2024-04-12,447,0
ORD-104536,SUP-012,West,Apparel,CarrierC,07/16/2024,2024-07-23,2024-07-22,437,0
ORD-103659,SUP-010,West,Home Goods,CarrierD,2024/02/29,2024-03-10,2024-03-10,321,0
ORD-101789,SUP-011,West,Perishables,CarrierC,2024/07/13,2024-07-16,2024-07-16,337,0
ORD-102411,SUP-003,West,Home Goods,CarrierC,11/10/2024,2024-11-20,2024-11-20,145,0
ORD-105035,SUP-013,Southeast,Apparel,CarrierC,04-Apr-2024,2024-04-14,2024-04-13,369,0
ORD-100204,SUP-006,West,Apparel,CarrierC,2024/02/20,2024-03-01,2024-03-05,191,0
ORD-102822,SUP-010,West,Electronics,CarrierC,2024/10/04,2024-10-07,2024-10-07,10,0
ORD-103120,SUP-018,Midwest,Office Supplies,CarrierA,2024/10/03,2024-10-06,2024-10-06,150,0
ORD-103379,SUP-002,Southeast,Electronics,CarrierB,2024/07/26,2024-07-31,2024-08-02,154,0
ORD-105165,SUP-005,Northeast,Apparel,CarrierB,08-Nov-2024,2024-11-11,2024-11-11,216,0
ORD-102005,SUP-020,West,Industrial Parts,CarrierB,05/18/2024,2024-05-23,2024-05-22,372,0
ORD-105645,SUP-009,Northeast,Apparel,CarrierD,02/13/2024,2024-02-15,2024-02-14,407,0
ORD-105449,SUP-004,Southeast,Apparel,CarrierD,2024-02-04,2024-02-09,2024-02-09,410,0
ORD-103682,SUP-003,Midwest,Electronics,CarrierB,2024-07-16,2024-07-19,2024-07-19,53,0
ORD-102650,SUP-007,Southwest,Apparel,CarrierB,2024-09-09,2024-09-16,2024-09-16,129,0
ORD-102747,SUP-020,Southwest,Office Supplies,CarrierD,2024-10-25,2024-11-01,2024-11-01,310,0
ORD-103116,SUP-013,Southwest,Apparel,CarrierD,2024/08/22,2024-09-01,2024-09-03,246,0
ORD-102352,SUP-005,Northeast,Apparel,CarrierC,08/15/2024,2024-08-22,2024-08-21,171,0
ORD-101754,SUP-005,,Apparel,CarrierC,12/13/2024,2024-12-23,2024-12-23,61,0
ORD-101215,SUP-019,Southwest,Industrial Parts,CarrierD,05-Oct-2024,2024-10-12,2024-10-12,267,0
ORD-104135,SUP-007,Midwest,Apparel,CarrierB,07/11/2024,2024-07-14,2024-07-14,55,0
ORD-105385,SUP-015,Northeast,Apparel,CarrierC,19-May-2024,2024-05-26,2024-06-05,284,0
ORD-104968,SUP-009,Midwest,Office Supplies,CarrierD,2024/10/30,2024-11-02,2024-11-01,133,0
ORD-101451,SUP-012,Midwest,Electronics,CarrierA,11/09/2024,2024-11-16,2024-11-18,427,0
ORD-102215,SUP-001,Midwest,Perishables,CarrierA,2024/03/05,2024-03-12,2024-03-15,256,0
ORD-104976,SUP-019,Southeast,Office Supplies,CarrierC,2024-09-18,2024-09-25,2024-09-30,118,0
ORD-101903,SUP-016,Southwest,Industrial Parts,CarrierC,17-Jul-2024,2024-07-20,2024-07-20,307,0
ORD-100979,SUP-017,Southwest,Electronics,CarrierB,08-Feb-2024,2024-02-15,2024-02-15,326,0
ORD-100549,SUP-005,Southwest,Apparel,CarrierC,04-Sep-2024,2024-09-14,2024-09-16,191,0
ORD-103167,SUP-010,West,Office Supplies,CarrierC,06/24/2024,2024-07-01,2024-07-01,314,0
ORD-105818,SUP-014,Midwest,Home Goods,CarrierD,06/24/2024,2024-06-29,2024-06-29,364,0
ORD-104767,SUP-018,Southeast,Electronics,CarrierA,2024/08/13,2024-08-15,2024-08-15,205,0
ORD-102266,SUP-012,Southeast,Home Goods,CarrierD,11-Apr-2024,2024-04-21,2024-05-01,408,0
ORD-105503,SUP-020,Northeast,,CarrierB,2024/05/24,2024-05-31,2024-05-31,93,0
ORD-101425,SUP-010,Northeast,Office Supplies,CarrierC,2024/09/16,2024-09-23,2024-09-23,21,0
ORD-104187,SUP-018,Midwest,Industrial Parts,CarrierA,03/26/2024,2024-03-31,2024-03-30,490,0
ORD-103319,SUP-016,,Apparel,CarrierD,06/29/2024,2024-07-01,2024-07-01,342,0
ORD-104475,SUP-009,Southeast,Apparel,CarrierA,2024-03-11,2024-03-18,2024-03-17,362,0
ORD-100576,SUP-006,Southwest,Home Goods,CarrierB,12/28/2024,2024-12-30,2024-12-31,316,0
ORD-102807,SUP-020,Midwest,Home Goods,CarrierA,05/02/2024,2024-05-12,2024-05-15,219,0
ORD-101452,SUP-016,Midwest,Perishables,CarrierB,04-Nov-2024,2024-11-14,2024-11-17,460,0
ORD-103099,SUP-004,West,Apparel,CarrierB,05/08/2024,2024-05-11,2024-05-11,148,0
ORD-104966,SUP-013,Southwest,Industrial Parts,CarrierC,09/21/2024,2024-09-23,2024-09-27,334,0
ORD-100445,SUP-006,Southwest,Apparel,CarrierB,12/11/2024,2024-12-16,2024-12-16,299,0
ORD-104166,SUP-003,Northeast,Apparel,CarrierC,2024/09/23,2024-09-30,2024-09-30,310,0
ORD-104594,SUP-012,Southwest,Industrial Parts,CarrierD,2024-10-18,2024-10-25,2024-10-29,138,0
ORD-100627,SUP-010,Southwest,Office Supplies,CarrierD,2024/12/01,2024-12-08,2024-12-07,101,0
ORD-100347,SUP-009,Northeast,Perishables,CarrierA,01/23/2024,2024-02-02,2024-02-01,422,0
ORD-100341,SUP-013,Southwest,Industrial Parts,CarrierC,07/03/2024,2024-07-08,2024-07-08,401,0
ORD-104887,SUP-019,West,Perishables,CarrierC,2024/09/14,2024-09-19,2024-09-18,268,0
ORD-105874,SUP-016,Northeast,Perishables,CarrierD,2024/08/09,2024-08-11,2024-08-10,22,0
ORD-100777,SUP-009,Southeast,Home Goods,CarrierA,2024-07-12,2024-07-17,2024-07-17,178,0
ORD-104513,SUP-015,Midwest,Office Supplies,CarrierC,08/24/2024,2024-08-31,2024-08-30,49,0
ORD-104115,SUP-007,Northeast,Electronics,CarrierB,07-Apr-2024,2024-04-17,2024-04-19,420,0
ORD-104194,SUP-015,Midwest,Industrial Parts,CarrierD,2024/01/11,2024-01-13,2024-01-24,220,0
ORD-105879,SUP-015,West,Home Goods,CarrierB,2024-09-10,2024-09-12,2024-09-14,208,0
ORD-104401,SUP-014,Southwest,Apparel,CarrierC,07/09/2024,2024-07-12,2024-07-12,251,0
ORD-100303,SUP-002,West,Perishables,CarrierC,07/09/2024,2024-07-12,2024-07-15,144,0
ORD-100926,SUP-017,Northeast,Industrial Parts,CarrierB,2024/10/11,2024-10-14,2024-10-20,125,0
ORD-101072,SUP-004,Southeast,Perishables,CarrierC,2024-07-05,2024-07-07,2024-07-07,342,0
ORD-100675,SUP-017,Northeast,Home Goods,CarrierB,08/29/2024,2024-09-01,2024-09-01,255,0
ORD-105081,SUP-009,Midwest,Home Goods,CarrierD,22-Jul-2024,2024-07-29,2024-07-29,438,0
ORD-102308,SUP-003,Northeast,Perishables,CarrierA,01/02/2024,2024-01-12,2024-01-14,18,0
ORD-102975,SUP-017,Midwest,Office Supplies,CarrierA,23-Dec-2024,2024-12-28,2024-12-28,235,0
ORD-100584,SUP-007,Southwest,Home Goods,CarrierB,2024/09/25,2024-10-02,2024-10-01,69,0
ORD-102012,SUP-012,West,Apparel,CarrierA,29-Apr-2024,2024-05-06,2024-05-06,42,0
ORD-104936,SUP-009,Northeast,Industrial Parts,CarrierD,2024/08/27,2024-08-30,2024-09-05,182,0
ORD-104482,SUP-007,Midwest,Office Supplies,CarrierD,06/26/2024,2024-07-06,2024-07-06,135,0
ORD-105216,SUP-016,Midwest,Electronics,CarrierC,30-Oct-2024,2024-11-02,2024-11-04,125,0
ORD-104991,SUP-008,Southeast,Home Goods,CarrierD,31-Mar-2024,2024-04-10,2024-04-11,251,0
ORD-105595,SUP-008,Northeast,Industrial Parts,CarrierD,2024/02/16,2024-02-19,2024-02-25,10,0
ORD-103456,SUP-005,Southwest,Home Goods,CarrierC,04/10/2024,2024-04-15,2024-04-15,490,0
ORD-104299,SUP-007,Southeast,Perishables,CarrierD,04-Aug-2024,2024-08-14,2024-08-14,380,0
ORD-102869,SUP-008,West,Industrial Parts,CarrierD,03-Apr-2024,2024-04-05,2024-04-05,357,0
ORD-100241,SUP-008,Southwest,Home Goods,CarrierB,22-Dec-2024,2024-12-27,2024-12-26,277,0
ORD-101862,SUP-007,Northeast,Industrial Parts,CarrierA,11-Apr-2024,2024-04-14,2024-04-14,329,0
ORD-101479,SUP-018,Northeast,Home Goods,CarrierB,03/25/2024,2024-04-04,2024-04-03,133,0
ORD-102014,SUP-015,Midwest,Apparel,CarrierD,2024-05-27,2024-06-01,2024-06-01,461,0
ORD-103245,SUP-020,Northeast,Industrial Parts,CarrierB,2024-12-15,2024-12-25,2024-12-25,18,0
ORD-104267,SUP-016,Southeast,Apparel,CarrierC,14-Nov-2024,2024-11-24,2024-11-24,43,0
ORD-100786,SUP-005,Northeast,Industrial Parts,CarrierB,10/18/2024,2024-10-28,2024-10-28,359,0
ORD-103878,SUP-016,Midwest,Home Goods,CarrierA,20-Apr-2024,2024-04-22,2024-04-21,369,0
ORD-100170,SUP-018,West,Electronics,CarrierC,06/07/2024,2024-06-12,2024-06-12,89,0
ORD-102536,SUP-015,Southeast,Industrial Parts,CarrierB,12/18/2024,2024-12-28,2025-01-01,49,0
ORD-103266,SUP-017,West,Office Supplies,CarrierB,2024/07/31,2024-08-03,2024-08-04,106,0
ORD-103527,SUP-001,Midwest,Electronics,CarrierD,2024-07-23,2024-08-02,2024-08-02,209,0
ORD-100896,SUP-004,,Industrial Parts,CarrierC,2024-12-20,2024-12-22,2024-12-22,45,0
ORD-105680,SUP-005,Southwest,Electronics,CarrierD,2024/04/24,2024-05-01,2024-04-30,66,0
ORD-105675,SUP-015,Southeast,Electronics,CarrierB,01/27/2024,2024-01-29,2024-01-29,222,0
ORD-102775,SUP-016,,Perishables,CarrierA,2024-03-15,2024-03-18,2024-03-17,70,0
ORD-101376,SUP-008,Southeast,Home Goods,CarrierB,09-Nov-2024,2024-11-14,2024-11-14,406,0
ORD-104469,SUP-017,Midwest,Industrial Parts,CarrierC,2024/08/05,2024-08-08,2024-08-11,225,0
ORD-101446,SUP-011,Southeast,Perishables,CarrierA,2024-02-05,2024-02-08,2024-02-08,308,0
ORD-104760,SUP-014,West,Industrial Parts,CarrierC,2024-02-27,2024-03-03,2024-03-03,402,0
ORD-105881,SUP-014,Southwest,,CarrierA,2024/06/05,2024-06-08,2024-06-17,214,0
ORD-100477,SUP-017,Midwest,Apparel,CarrierC,11-Jan-2024,2024-01-14,2024-01-14,431,0
ORD-103104,SUP-020,Southeast,Industrial Parts,CarrierD,03/19/2024,2024-03-24,2024-03-31,281,0
ORD-101617,SUP-019,Northeast,Office Supplies,CarrierB,13-Jul-2024,2024-07-18,2024-07-18,489,0
ORD-100337,SUP-008,Southeast,Home Goods,CarrierB,06/05/2024,2024-06-07,2024-06-06,10,0
ORD-101895,SUP-016,Midwest,Apparel,CarrierB,2024/05/04,2024-05-07,2024-05-19,370,0
ORD-100320,SUP-006,Northeast,Industrial Parts,CarrierB,04/07/2024,2024-04-17,2024-04-16,346,0
ORD-102129,SUP-020,,Apparel,CarrierA,2024-12-29,2025-01-01,2025-01-01,313,0
ORD-105234,SUP-007,West,Apparel,CarrierC,2024-02-05,2024-02-07,2024-02-07,34,0
ORD-104954,SUP-020,Northeast,Office Supplies,CarrierA,10-Oct-2024,2024-10-13,2024-10-13,324,0
ORD-100635,SUP-020,Southwest,Perishables,CarrierA,16-Apr-2024,2024-04-19,2024-04-19,402,0
ORD-100620,SUP-012,Southeast,Perishables,CarrierC,06-Dec-2024,2024-12-13,2024-12-17,32,0
ORD-103884,SUP-004,Southwest,Office Supplies,CarrierD,24-Jan-2024,2024-01-26,2024-01-28,191,0
ORD-103536,SUP-011,Midwest,Perishables,CarrierA,2024-07-29,2024-08-01,2024-08-01,260,0
ORD-101658,SUP-008,Southwest,Office Supplies,CarrierA,13-Feb-2024,2024-02-23,2024-02-23,212,0
ORD-102102,SUP-016,Midwest,Industrial Parts,CarrierC,2024/08/02,2024-08-05,2024-08-05,15,0
ORD-103791,SUP-012,,Home Goods,CarrierC,2024/06/03,2024-06-13,2024-06-22,204,0
ORD-102186,SUP-003,Northeast,Perishables,CarrierB,2024/08/13,2024-08-20,2024-08-23,401,0
ORD-105693,SUP-017,Southwest,Industrial Parts,CarrierA,05/15/2024,2024-05-22,2024-05-24,391,0
ORD-103990,SUP-007,,Industrial Parts,CarrierB,02/01/2024,2024-02-06,2024-02-05,436,0
ORD-105574,SUP-001,Midwest,Office Supplies,CarrierC,2024-06-27,2024-07-04,2024-07-08,467,0
ORD-103676,SUP-015,Southwest,Industrial Parts,CarrierC,10/17/2024,2024-10-19,2024-10-31,354,0
ORD-103134,SUP-005,West,Perishables,CarrierC,07-Mar-2024,2024-03-17,2024-03-17,491,0
ORD-104711,SUP-012,Midwest,Industrial Parts,CarrierA,09-Sep-2024,2024-09-16,2024-09-21,101,0
ORD-104213,SUP-016,Midwest,Apparel,CarrierD,11/26/2024,2024-11-29,2024-11-29,95,0
ORD-103214,SUP-009,Southeast,Home Goods,CarrierA,2024/02/10,2024-02-15,2024-02-15,433,0
ORD-102794,SUP-018,Southeast,Perishables,CarrierA,2024-07-14,2024-07-16,2024-07-18,440,0
ORD-100681,SUP-013,Southeast,Perishables,CarrierC,05-Apr-2024,2024-04-12,2024-04-12,42,0
ORD-102312,SUP-008,West,Office Supplies,CarrierB,2024-03-24,2024-04-03,2024-04-07,87,0
ORD-101709,SUP-013,Northeast,Electronics,CarrierC,22-Mar-2024,2024-04-01,2024-04-01,17,0
ORD-102298,SUP-008,Midwest,Electronics,CarrierB,06/13/2024,2024-06-15,2024-06-15,435,0
ORD-105905,SUP-005,,,CarrierB,2024/11/30,2024-12-05,2024-12-05,28,1
ORD-101261,SUP-008,Northeast,Office Supplies,CarrierD,2024/08/10,2024-08-15,2024-08-17,23,0
ORD-104597,SUP-012,Southeast,Perishables,CarrierA,06/17/2024,2024-06-24,2024-07-03,449,0
ORD-103415,SUP-016,West,Industrial Parts,CarrierC,10/24/2024,2024-11-03,2024-11-03,305,0
ORD-104285,SUP-017,Northeast,Office Supplies,CarrierA,2024-07-05,2024-07-08,2024-07-08,78,0
ORD-101950,SUP-009,West,Industrial Parts,CarrierB,2024-09-25,2024-09-30,2024-09-30,292,0
ORD-105340,SUP-009,Northeast,Apparel,CarrierA,2024-12-19,2024-12-29,2024-12-28,106,0
ORD-104460,SUP-003,West,Industrial Parts,CarrierC,23-Jul-2024,2024-07-28,2024-08-05,120,0
ORD-100022,SUP-001,Southwest,Home Goods,CarrierC,2024-01-11,2024-01-14,2024-01-17,125,0
ORD-100735,SUP-018,Midwest,Industrial Parts,CarrierD,2024-04-04,2024-04-06,2024-04-06,66,0
ORD-100536,SUP-018,Southwest,Industrial Parts,CarrierD,2024/09/24,2024-09-26,2024-09-26,126,0
ORD-103943,SUP-017,Southeast,Industrial Parts,CarrierD,12/26/2024,2024-12-29,2025-01-02,28,0
ORD-102769,SUP-013,West,Apparel,CarrierA,07-Jul-2024,2024-07-17,2024-07-17,273,0
ORD-101585,SUP-005,Southeast,Apparel,CarrierC,2024-07-23,2024-07-30,2024-07-30,82,0
ORD-103789,SUP-006,Southwest,Electronics,CarrierA,2024/01/30,2024-02-01,2024-02-05,271,0
ORD-105066,SUP-013,Southwest,Apparel,CarrierC,18-Aug-2024,2024-08-28,2024-08-28,153,0
ORD-101349,SUP-001,Southwest,Home Goods,CarrierA,03-Jun-2024,2024-06-10,2024-06-09,400,0
ORD-103125,SUP-004,Southeast,Office Supplies,CarrierA,2024/07/08,2024-07-15,2024-07-14,29,0
ORD-100866,SUP-009,West,Industrial Parts,CarrierB,01/26/2024,2024-01-29,2024-01-29,480,0
ORD-101127,SUP-008,West,Office Supplies,CarrierD,2024/10/06,2024-10-09,2024-10-09,68,0
ORD-104962,SUP-001,Southeast,Industrial Parts,CarrierA,17-Jun-2024,2024-06-22,2024-06-26,118,0
ORD-105941,SUP-006,Southeast,Perishables,CarrierD,13-Jan-2024,2024-01-23,2024-01-26,429,0
ORD-100122,SUP-005,Midwest,Industrial Parts,CarrierB,12/24/2024,2024-12-29,2024-12-29,52,0
ORD-105911,SUP-009,Southwest,Perishables,CarrierC,19-Sep-2024,2024-09-26,2024-09-25,473,0
ORD-102831,SUP-019,Northeast,Industrial Parts,CarrierA,2024/08/05,2024-08-10,2024-08-10,486,0
ORD-105610,SUP-014,Northeast,,CarrierB,03/16/2024,2024-03-23,2024-03-27,164,0
ORD-101767,SUP-005,,Home Goods,CarrierD,2024/03/17,2024-03-27,2024-03-26,13,0
ORD-104273,SUP-007,Southwest,Home Goods,CarrierC,2024-03-05,2024-03-10,2024-03-10,217,0
ORD-105369,SUP-011,Southwest,Electronics,CarrierA,2024/03/15,2024-03-22,2024-03-22,312,0
ORD-104078,SUP-002,Northeast,Home Goods,CarrierD,08-May-2024,2024-05-13,2024-05-14,71,0
ORD-101607,SUP-007,Southeast,Home Goods,CarrierD,2024/03/21,2024-03-26,2024-03-26,27,0
ORD-102095,SUP-001,West,Office Supplies,CarrierC,19-Feb-2024,2024-02-24,2024-02-26,318,0
ORD-105483,SUP-009,West,Electronics,CarrierA,14-Oct-2024,2024-10-24,2024-10-23,139,0
ORD-103987,SUP-016,Southwest,Home Goods,CarrierB,06-Jan-2024,2024-01-08,2024-01-07,122,0
ORD-102421,SUP-006,Midwest,Electronics,CarrierC,2024/03/04,2024-03-07,2024-03-07,331,0
ORD-105039,SUP-008,Midwest,Electronics,CarrierA,2024-12-09,2024-12-11,2024-12-11,149,0
ORD-101797,SUP-005,Northeast,Electronics,CarrierD,2024-02-18,2024-02-21,2024-02-21,337,0
ORD-104071,SUP-006,Northeast,Office Supplies,CarrierC,19-Nov-2024,2024-11-24,2024-11-24,4,0
ORD-105602,SUP-006,Southwest,Electronics,CarrierC,2024/05/05,2024-05-12,2024-05-18,232,0
ORD-104485,SUP-019,Southwest,Apparel,CarrierC,14-Feb-2024,2024-02-24,2024-02-24,229,0
ORD-101506,SUP-001,West,Apparel,CarrierB,2024-02-03,2024-02-06,2024-02-06,321,1
ORD-102557,SUP-010,Southwest,Industrial Parts,CarrierB,2024/11/25,2024-11-30,2024-11-30,327,0
ORD-105069,SUP-006,West,Home Goods,CarrierB,10-Oct-2024,2024-10-12,2024-10-21,317,0
ORD-102474,SUP-003,Midwest,Office Supplies,CarrierB,01-Oct-2024,2024-10-03,2024-10-03,464,0
ORD-103920,SUP-004,Southwest,Industrial Parts,CarrierD,2024/12/02,2024-12-12,2024-12-12,414,0
ORD-104068,SUP-008,Northeast,Home Goods,CarrierB,2024/02/28,2024-03-02,2024-03-01,430,0
ORD-100167,SUP-008,Northeast,Industrial Parts,CarrierC,12/05/2024,2024-12-12,2024-12-12,142,0
ORD-101193,SUP-015,Southwest,Electronics,CarrierA,2024-12-29,2025-01-08,2025-01-13,336,0
ORD-102937,SUP-006,West,Apparel,CarrierB,2024-05-07,2024-05-12,2024-05-12,490,0
ORD-103431,SUP-017,Southwest,Industrial Parts,CarrierA,18-Sep-2024,2024-09-20,2024-09-27,471,0
ORD-103180,SUP-011,Southeast,Home Goods,CarrierC,26-Jul-2024,2024-08-02,2024-08-01,178,0
ORD-101220,SUP-019,Southwest,Electronics,CarrierD,18-Nov-2024,2024-11-23,2024-11-23,164,0
ORD-105030,SUP-006,Southeast,Office Supplies,CarrierA,18-Apr-2024,2024-04-23,2024-04-23,346,0
ORD-101194,SUP-019,Southeast,Office Supplies,CarrierD,2024/10/27,2024-11-03,2024-11-03,128,0
ORD-102627,SUP-009,Northeast,Perishables,CarrierC,04/19/2024,2024-04-22,2024-04-27,275,0
ORD-102364,SUP-002,Southwest,Home Goods,CarrierB,2024/09/21,2024-09-24,2024-09-27,72,0
ORD-105028,SUP-006,Northeast,Perishables,CarrierB,03/03/2024,2024-03-10,2024-03-10,179,0
ORD-100078,SUP-003,Northeast,Office Supplies,CarrierD,11/03/2024,2024-11-08,2024-11-08,291,0
ORD-101698,SUP-012,Northeast,Apparel,CarrierD,2024-08-26,2024-08-31,2024-08-31,379,0
ORD-104572,SUP-008,Northeast,Perishables,CarrierD,11/28/2024,2024-11-30,2024-12-03,269,0
ORD-102476,SUP-019,Southeast,Perishables,CarrierD,2024/10/19,2024-10-21,2024-10-24,312,0
ORD-104009,SUP-004,Southwest,Electronics,CarrierD,11/23/2024,2024-11-30,2024-12-05,190,0
ORD-103409,SUP-008,Southwest,Perishables,CarrierB,06-Aug-2024,2024-08-13,2024-08-17,83,0
ORD-105400,SUP-007,Northeast,Apparel,CarrierB,2024/10/02,2024-10-04,2024-10-08,79,0
ORD-102755,SUP-006,Midwest,Perishables,CarrierA,2024/04/29,2024-05-01,2024-05-06,168,0
ORD-104889,SUP-010,West,Perishables,CarrierA,2024-05-10,2024-05-13,2024-05-13,325,0
ORD-102190,SUP-003,West,Electronics,CarrierA,10/01/2024,2024-10-04,2024-10-08,230,0
ORD-100370,SUP-004,Southeast,Office Supplies,CarrierA,2024/01/19,2024-01-21,2024-01-23,164,0
ORD-100485,SUP-020,Northeast,Industrial Parts,CarrierB,2024-05-24,2024-05-31,2024-05-31,442,0
ORD-105465,SUP-014,West,Apparel,CarrierB,07/15/2024,2024-07-17,2024-07-16,475,0
ORD-103474,SUP-016,Northeast,Office Supplies,CarrierC,16-Mar-2024,2024-03-23,2024-03-23,220,0
ORD-103330,SUP-007,West,Electronics,CarrierC,2024/12/16,2024-12-18,2024-12-18,364,0
ORD-100520,SUP-007,West,Electronics,CarrierC,11/15/2024,2024-11-18,2024-11-18,152,0
ORD-100571,SUP-004,Southwest,Perishables,CarrierB,2024/01/27,2024-02-01,2024-02-03,228,0
ORD-102647,SUP-012,Southwest,Electronics,CarrierB,01/10/2024,2024-01-20,2024-01-25,131,0
ORD-103948,SUP-015,West,Perishables,CarrierB,2024/06/01,2024-06-11,2024-06-11,316,0
ORD-102281,SUP-014,Southeast,Perishables,CarrierC,10/04/2024,2024-10-14,2024-10-14,134,0
ORD-101943,SUP-006,Northeast,Perishables,CarrierC,2024-11-21,2024-11-23,2024-11-22,191,0
ORD-102816,SUP-005,Southwest,Perishables,CarrierC,2024-03-15,2024-03-18,2024-03-20,177,0
ORD-100947,SUP-018,Northeast,Apparel,CarrierC,2024/09/18,2024-09-28,2024-09-27,317,0
ORD-103119,SUP-001,Northeast,Industrial Parts,CarrierC,2024-04-04,2024-04-09,2024-04-12,407,0
ORD-105592,SUP-005,Northeast,Electronics,CarrierB,24-May-2024,2024-05-31,2024-05-31,244,0
ORD-102356,SUP-008,Southwest,Office Supplies,CarrierB,08-Sep-2024,2024-09-18,2024-09-18,465,0
ORD-104564,SUP-010,Midwest,Perishables,CarrierA,02/25/2024,2024-03-01,2024-03-01,337,0
ORD-105578,SUP-020,Southeast,Perishables,CarrierB,2024/10/12,2024-10-14,2024-10-14,288,0
ORD-101489,SUP-008,Northeast,Home Goods,CarrierA,2024/03/18,2024-03-28,2024-03-27,278,0
ORD-104998,SUP-005,Southeast,Industrial Parts,CarrierC,2024/06/17,2024-06-24,2024-06-23,459,0
ORD-103974,SUP-005,Southwest,Electronics,CarrierD,2024/12/07,2024-12-17,2024-12-17,65,0
ORD-104770,SUP-003,West,Office Supplies,CarrierA,18-Feb-2024,2024-02-20,2024-02-20,169,0
ORD-101096,SUP-014,Midwest,Perishables,CarrierD,2024-10-09,2024-10-16,2024-10-15,194,0
ORD-102124,SUP-017,Southeast,Industrial Parts,CarrierA,06/24/2024,2024-06-27,2024-06-26,470,0
ORD-104232,SUP-007,Southeast,,CarrierB,2024-02-27,2024-03-01,2024-03-01,197,0
ORD-103445,SUP-015,West,Industrial Parts,CarrierC,27-Apr-2024,2024-04-29,2024-04-29,432,0
ORD-102655,SUP-002,Northeast,Electronics,CarrierC,29-Oct-2024,2024-11-01,2024-11-04,204,0
ORD-105079,SUP-010,West,,CarrierA,03/26/2024,2024-03-31,2024-03-31,73,0
ORD-104741,SUP-008,Southwest,Industrial Parts,CarrierD,09/17/2024,2024-09-19,2024-09-19,341,0
ORD-103942,SUP-007,Southwest,Industrial Parts,CarrierD,24-May-2024,2024-05-26,2024-05-26,395,0
ORD-104694,SUP-018,Midwest,Perishables,CarrierB,10/02/2024,2024-10-04,2024-10-06,164,0
ORD-102824,SUP-019,Midwest,Electronics,CarrierB,29-Jul-2024,2024-08-08,2024-08-12,56,0
ORD-100510,SUP-010,Southwest,Electronics,CarrierC,2024/10/22,2024-10-27,2024-11-03,421,0
ORD-101861,SUP-011,Northeast,,CarrierC,2024-09-01,2024-09-04,2024-09-10,134,0
ORD-100446,SUP-004,Southeast,Perishables,CarrierD,2024/09/04,2024-09-06,2024-09-06,83,0
ORD-101359,SUP-018,Southwest,Industrial Parts,CarrierA,2024/10/26,2024-10-28,2024-10-28,198,1
ORD-101107,SUP-009,West,Perishables,CarrierB,17-Jul-2024,2024-07-19,2024-08-01,68,0
ORD-100533,SUP-016,West,Perishables,CarrierA,05-Feb-2024,2024-02-08,2024-02-08,301,0
ORD-105107,SUP-006,West,Perishables,CarrierB,2024-04-18,2024-04-23,2024-05-01,319,0
ORD-103252,SUP-018,Southeast,Industrial Parts,CarrierB,2024-01-01,2024-01-03,2024-01-07,383,0
ORD-102426,SUP-003,Midwest,Perishables,CarrierC,04-Apr-2024,2024-04-09,2024-04-12,196,0
ORD-103832,SUP-008,West,Industrial Parts,CarrierB,2024-11-27,2024-12-02,2024-12-12,40,0
ORD-102168,SUP-012,Midwest,Industrial Parts,CarrierA,2024-04-11,2024-04-21,2024-04-20,25,0
ORD-102668,SUP-017,West,Perishables,CarrierC,25-Oct-2024,2024-10-30,2024-11-03,327,0
ORD-100413,SUP-020,Midwest,Home Goods,CarrierB,2024-05-15,2024-05-22,2024-05-22,149,0
ORD-105495,SUP-001,Northeast,Electronics,CarrierA,2024-11-27,2024-12-04,2024-12-04,63,0
ORD-105712,SUP-004,Midwest,Electronics,CarrierA,2024/08/05,2024-08-12,2024-08-12,288,1
ORD-103313,SUP-003,Northeast,Office Supplies,CarrierA,28-Apr-2024,2024-05-01,2024-05-01,216,0
ORD-105466,SUP-011,Northeast,Apparel,CarrierD,2024-04-15,2024-04-25,,335,0
ORD-102176,SUP-018,Southeast,Home Goods,CarrierC,25-Feb-2024,2024-03-01,2024-03-01,61,0
ORD-104627,SUP-016,Midwest,Home Goods,CarrierA,07/31/2024,2024-08-07,2024-08-08,20,0
ORD-105834,SUP-010,Southeast,Electronics,CarrierA,15-Oct-2024,2024-10-22,2024-10-25,312,0
ORD-102731,SUP-009,West,Apparel,CarrierD,2024/08/12,2024-08-17,2024-08-17,265,0
ORD-103922,SUP-010,Southwest,Perishables,CarrierD,2024/05/30,2024-06-09,2024-06-09,389,0
ORD-101730,SUP-014,Midwest,Electronics,CarrierC,07-Jul-2024,2024-07-10,2024-07-10,283,0
ORD-103602,SUP-017,Northeast,Perishables,CarrierD,06-Feb-2024,2024-02-13,2024-02-14,142,0
ORD-105433,SUP-020,Southwest,Apparel,CarrierA,2024-05-29,2024-06-03,2024-06-02,446,0
ORD-101002,SUP-012,Southwest,Home Goods,CarrierC,08/05/2024,2024-08-12,2024-08-15,182,0
ORD-105573,SUP-005,Southwest,Industrial Parts,CarrierD,04/28/2024,2024-05-03,2024-05-03,348,0
ORD-104018,SUP-014,Southeast,Electronics,CarrierC,2024-07-29,2024-08-03,2024-08-09,438,0
ORD-105614,SUP-014,Northeast,Apparel,CarrierD,06/23/2024,2024-06-28,2024-06-28,418,0
ORD-104785,SUP-013,Southeast,Apparel,CarrierA,2024-02-07,2024-02-17,2024-02-17,115,0
ORD-100883,SUP-017,Midwest,Industrial Parts,CarrierC,05/12/2024,2024-05-15,2024-05-15,420,0
ORD-102736,SUP-015,Midwest,Office Supplies,CarrierB,08/24/2024,2024-09-03,2024-09-07,324,0
ORD-103983,SUP-020,Southeast,Perishables,CarrierD,21-Jul-2024,2024-07-28,2024-07-27,259,0
ORD-101688,SUP-016,Southwest,Electronics,CarrierB,2024-01-15,2024-01-22,2024-01-22,446,0
ORD-101347,SUP-020,West,Office Supplies,CarrierC,12/27/2024,2025-01-03,2025-01-04,483,0
ORD-100680,SUP-009,West,Office Supplies,CarrierD,09-Feb-2024,2024-02-19,2024-02-19,91,0
ORD-101708,SUP-009,Midwest,Industrial Parts,CarrierA,2024/02/10,2024-02-12,2024-02-12,421,0
ORD-104706,SUP-006,Southeast,Apparel,CarrierA,2024-10-03,2024-10-13,2024-10-18,241,0
ORD-100160,SUP-003,Southeast,Perishables,CarrierB,2024/09/01,2024-09-03,2024-09-11,1,0
ORD-100670,SUP-013,Midwest,Apparel,CarrierD,11-Jun-2024,2024-06-21,2024-06-27,53,0
ORD-101266,SUP-007,Southeast,Home Goods,CarrierD,05/05/2024,2024-05-08,2024-05-07,312,0
ORD-100353,SUP-009,Southeast,Home Goods,CarrierB,02-Dec-2024,2024-12-05,2024-12-05,418,0
ORD-105583,SUP-003,Midwest,Industrial Parts,CarrierA,2024-12-17,2024-12-20,2024-12-20,150,0
ORD-102495,SUP-009,,Industrial Parts,CarrierA,2024-06-14,2024-06-21,2024-06-21,32,0
ORD-104803,SUP-018,Midwest,Office Supplies,CarrierB,07-Aug-2024,2024-08-12,2024-08-11,56,0
ORD-102679,SUP-006,Midwest,Office Supplies,CarrierC,2024-01-03,2024-01-13,2024-01-13,371,0
ORD-101551,SUP-017,Northeast,Office Supplies,CarrierB,2024-07-07,2024-07-14,2024-07-14,353,0
ORD-102325,SUP-016,Northeast,Home Goods,CarrierB,2024-05-23,2024-05-26,2024-06-05,90,0
ORD-105819,SUP-004,West,Home Goods,CarrierB,16-Jul-2024,2024-07-23,2024-07-23,20,0
ORD-105781,SUP-011,West,Office Supplies,CarrierD,10/17/2024,2024-10-19,2024-10-19,260,0
ORD-104819,SUP-002,West,Home Goods,CarrierB,2024/10/15,2024-10-18,2024-10-23,212,0
ORD-105513,SUP-003,Southwest,Home Goods,CarrierC,08-Aug-2024,2024-08-10,2024-08-09,373,0
ORD-100186,SUP-013,Northeast,Industrial Parts,CarrierB,2024/09/01,2024-09-08,2024-09-10,50,0
ORD-104331,SUP-001,Southeast,Apparel,CarrierB,2024-07-12,2024-07-22,2024-07-22,495,0
ORD-101365,SUP-014,Northeast,Home Goods,CarrierC,2024-12-24,2024-12-26,2024-12-26,405,0
ORD-103097,SUP-006,Northeast,Electronics,CarrierB,2024/01/21,2024-01-26,2024-01-26,458,0
ORD-102225,SUP-015,West,Office Supplies,CarrierA,09-Oct-2024,2024-10-14,2024-10-13,35,0
ORD-105154,SUP-010,West,Industrial Parts,CarrierA,2024/04/26,2024-04-28,2024-04-27,267,0
ORD-104822,SUP-018,West,Industrial Parts,CarrierB,29-Sep-2024,2024-10-04,2024-10-04,52,0
ORD-100363,SUP-014,Midwest,Office Supplies,CarrierA,2024-02-07,2024-02-17,2024-02-17,57,0
ORD-102601,SUP-002,Southeast,Industrial Parts,CarrierC,2024/04/27,2024-05-04,2024-05-13,41,0
ORD-102081,SUP-003,West,Home Goods,CarrierD,2024-04-15,2024-04-18,2024-04-18,329,0
ORD-103357,SUP-006,West,Office Supplies,CarrierA,2024-08-11,2024-08-13,2024-08-13,375,0
ORD-102359,SUP-014,Northeast,Industrial Parts,CarrierA,2024/04/27,2024-04-30,2024-05-05,380,0
ORD-102333,SUP-013,Southeast,Electronics,CarrierD,2024-08-22,2024-08-29,2024-09-01,143,0
ORD-105137,SUP-016,Southwest,Perishables,CarrierC,07/15/2024,2024-07-17,2024-07-17,298,0
ORD-100614,SUP-012,Southeast,Home Goods,CarrierB,2024/07/03,2024-07-10,2024-07-14,232,0
ORD-101760,SUP-015,West,Home Goods,CarrierB,19-Mar-2024,2024-03-21,2024-03-20,454,0
ORD-100091,SUP-012,Midwest,Home Goods,CarrierB,03/05/2024,2024-03-12,2024-03-11,285,0
ORD-101644,SUP-007,Southwest,Office Supplies,CarrierB,11/07/2024,2024-11-12,2024-11-12,217,0
ORD-105581,SUP-008,Southeast,Perishables,CarrierA,10-Sep-2024,2024-09-20,2024-09-20,473,0
ORD-102570,SUP-014,Northeast,Industrial Parts,CarrierB,27-Jan-2024,2024-01-29,2024-01-29,155,0
ORD-102563,SUP-007,Northeast,Office Supplies,CarrierB,2024-07-15,2024-07-18,2024-07-17,390,0
ORD-101964,SUP-004,Midwest,Home Goods,CarrierC,2024/01/21,2024-01-31,2024-02-04,143,0
ORD-103308,SUP-019,Northeast,Perishables,CarrierB,12/15/2024,2024-12-25,2024-12-25,142,0
ORD-103906,SUP-016,Northeast,Electronics,CarrierB,05/18/2024,2024-05-23,2024-05-22,48,0
ORD-104916,SUP-017,Southeast,Industrial Parts,CarrierD,2024/09/05,2024-09-10,2024-09-10,179,1
ORD-102001,SUP-015,Southwest,Perishables,CarrierC,02/27/2024,2024-02-29,2024-03-01,323,0
ORD-102553,SUP-010,Southwest,Home Goods,CarrierA,2024/01/12,2024-01-22,2024-01-22,126,0
ORD-104058,SUP-016,Southwest,,CarrierD,2024-01-29,2024-02-03,2024-02-09,352,0
ORD-102966,SUP-010,Northeast,Industrial Parts,CarrierD,15-Jan-2024,2024-01-25,2024-01-25,217,0
ORD-104327,SUP-009,Midwest,Home Goods,CarrierA,2024-05-26,2024-06-05,2024-06-05,181,0
ORD-101661,SUP-016,West,Apparel,CarrierA,23-Jul-2024,2024-07-25,2024-07-24,157,0
ORD-102401,SUP-020,West,Office Supplies,CarrierD,14-Feb-2024,2024-02-17,2024-02-17,365,0
ORD-105441,SUP-011,Southwest,Perishables,CarrierC,2024-02-24,2024-02-29,2024-02-29,305,0
ORD-100142,SUP-003,West,Industrial Parts,CarrierA,2024-11-28,2024-12-01,2024-12-01,222,0
ORD-103091,SUP-015,West,Office Supplies,CarrierB,2024/01/17,2024-01-27,2024-01-26,306,0
ORD-103197,SUP-020,,Home Goods,CarrierB,2024-01-28,2024-02-04,2024-02-03,499,0
ORD-104881,SUP-008,West,Office Supplies,CarrierB,2024-10-29,2024-10-31,2024-11-03,71,0
ORD-100258,SUP-006,Southwest,Perishables,CarrierD,2024/02/17,2024-02-22,2024-02-22,369,0
ORD-101496,SUP-005,Midwest,Office Supplies,CarrierC,2024/04/15,2024-04-22,2024-04-21,352,0
ORD-101602,SUP-010,West,,CarrierB,2024/08/29,2024-09-08,2024-09-07,157,0
ORD-105173,SUP-012,Northeast,Electronics,CarrierA,08-Jan-2024,2024-01-13,2024-01-12,92,0
ORD-102741,SUP-012,Southeast,Home Goods,CarrierB,2024/06/12,2024-06-15,2024-06-20,282,0
ORD-102375,SUP-016,Southeast,Electronics,CarrierB,2024-10-24,2024-10-31,2024-10-30,367,0
ORD-103555,SUP-001,Southwest,Perishables,CarrierA,03/18/2024,2024-03-20,2024-03-22,475,0
ORD-100649,SUP-009,Southwest,Industrial Parts,CarrierA,2024-07-06,2024-07-11,2024-07-14,47,0
ORD-102323,SUP-018,Southeast,Perishables,CarrierD,2024-07-25,2024-08-04,2024-08-11,70,0
ORD-105974,SUP-014,Southeast,Perishables,CarrierB,02-Jan-2024,2024-01-09,2024-01-12,256,0
ORD-100970,SUP-004,Midwest,Industrial Parts,CarrierB,2024/05/26,2024-05-29,2024-05-29,21,0
ORD-103857,SUP-019,Southeast,Industrial Parts,CarrierD,2024-06-30,2024-07-10,2024-07-10,498,0
ORD-105532,SUP-019,Southwest,Home Goods,CarrierA,2024-12-22,2024-12-25,2024-12-25,81,0
ORD-103072,SUP-015,West,Apparel,CarrierB,2024-09-09,2024-09-11,2024-09-11,389,0
ORD-101305,SUP-001,Northeast,Office Supplies,CarrierB,2024-03-07,2024-03-12,2024-03-15,437,0
ORD-104614,SUP-004,Southwest,Office Supplies,CarrierD,10/06/2024,2024-10-09,2024-10-09,443,0
ORD-104466,SUP-006,Southwest,Electronics,CarrierD,12/07/2024,2024-12-12,2024-12-15,9,0
ORD-104825,SUP-011,Southeast,Home Goods,CarrierA,09/06/2024,2024-09-11,2024-09-11,264,0
ORD-103090,SUP-003,Northeast,Industrial Parts,CarrierD,10/25/2024,2024-10-27,2024-10-26,356,0
ORD-103724,SUP-017,Midwest,Apparel,CarrierD,2024/06/10,2024-06-13,2024-06-16,306,0
ORD-103007,SUP-008,Midwest,Electronics,CarrierA,22-Oct-2024,2024-10-25,2024-10-25,240,0
ORD-104189,SUP-019,,Electronics,CarrierC,2024-02-13,2024-02-16,2024-02-16,264,0
ORD-103565,SUP-002,Southeast,Home Goods,CarrierA,2024-06-24,2024-06-26,2024-06-26,493,0
ORD-104376,SUP-011,Midwest,Home Goods,CarrierA,09/03/2024,2024-09-05,2024-09-05,45,0
ORD-104735,SUP-001,Northeast,Electronics,CarrierB,2024/07/09,2024-07-11,2024-07-14,27,0
ORD-102284,SUP-017,Southwest,Industrial Parts,CarrierA,07/24/2024,2024-07-29,2024-08-04,298,0
ORD-102500,SUP-006,Midwest,Electronics,CarrierC,01-May-2024,2024-05-04,2024-05-04,403,0
ORD-101782,SUP-012,Southwest,Apparel,CarrierA,2024/10/14,2024-10-21,2024-10-23,368,0
ORD-101363,SUP-001,West,Home Goods,CarrierA,2024/03/09,2024-03-19,2024-03-19,128,0
ORD-101468,SUP-007,Midwest,Electronics,CarrierC,2024-12-01,2024-12-08,2024-12-08,333,0
ORD-104924,SUP-016,Northeast,Industrial Parts,CarrierA,04/29/2024,2024-05-02,2024-05-02,107,0
ORD-103056,SUP-003,Northeast,Apparel,CarrierD,04/10/2024,2024-04-13,2024-04-20,404,0
ORD-101945,SUP-003,Northeast,Home Goods,CarrierA,2024/09/28,2024-10-03,2024-10-03,31,1
ORD-104365,SUP-003,Midwest,Apparel,CarrierA,2024-07-01,2024-07-04,2024-07-07,418,0
ORD-103929,SUP-009,Midwest,Industrial Parts,CarrierC,2024/02/01,2024-02-03,2024-02-03,221,0
ORD-100270,SUP-016,West,Industrial Parts,CarrierD,2024-08-03,2024-08-13,2024-08-19,43,0
ORD-101278,SUP-005,Southwest,Office Supplies,CarrierD,2024/08/11,2024-08-18,2024-08-18,259,0
ORD-105660,SUP-011,,Industrial Parts,CarrierB,2024-12-15,2024-12-25,2024-12-25,396,0
ORD-101696,SUP-018,Southwest,Electronics,CarrierD,30-Dec-2024,2025-01-04,2025-01-09,275,0
ORD-105325,SUP-011,Southeast,Apparel,CarrierC,2024-05-08,2024-05-10,2024-05-09,451,0
ORD-102449,SUP-004,Northeast,,CarrierB,2024-12-26,2024-12-31,2024-12-31,30,0
ORD-101911,SUP-009,Southwest,Electronics,CarrierC,23-May-2024,2024-05-30,2024-05-30,311,0
ORD-104175,SUP-007,Northeast,Electronics,CarrierD,04/14/2024,2024-04-17,2024-04-18,269,0
ORD-101819,SUP-015,Midwest,Industrial Parts,CarrierD,05/20/2024,2024-05-30,2024-05-30,427,0
ORD-100406,SUP-015,Southwest,Office Supplies,CarrierD,2024-02-02,2024-02-12,2024-02-12,257,0
ORD-101805,SUP-016,West,Apparel,CarrierA,14-Oct-2024,2024-10-24,2024-10-24,303,0
ORD-103818,SUP-020,Northeast,Electronics,CarrierD,2024-12-14,2024-12-16,2024-12-16,186,0
ORD-103262,SUP-005,West,Apparel,CarrierC,2024-07-16,2024-07-26,2024-07-26,87,0
ORD-102933,SUP-005,Southeast,Industrial Parts,CarrierC,11/29/2024,2024-12-09,2024-12-09,193,0
ORD-103704,SUP-009,Southeast,Office Supplies,CarrierC,2024/02/08,2024-02-13,2024-02-13,379,0
ORD-103991,SUP-001,Southwest,Industrial Parts,CarrierD,2024-09-06,2024-09-08,2024-09-11,111,0
ORD-104427,SUP-008,Midwest,Perishables,CarrierC,2024-11-19,2024-11-29,2024-12-05,484,0
ORD-105412,SUP-004,West,Electronics,CarrierA,14-Apr-2024,2024-04-19,2024-04-19,391,0
ORD-105262,SUP-014,Northeast,Office Supplies,CarrierA,2024-05-29,2024-06-03,2024-06-07,106,0
ORD-105646,SUP-002,Midwest,Office Supplies,CarrierC,03/24/2024,2024-03-31,2024-03-31,371,0
ORD-105436,SUP-019,Southeast,Industrial Parts,CarrierD,2024/06/11,2024-06-16,,470,0
ORD-103186,SUP-018,Northeast,Home Goods,CarrierC,06-Apr-2024,2024-04-08,2024-04-08,104,0
ORD-103479,SUP-005,West,Home Goods,CarrierB,03/21/2024,2024-03-24,2024-03-24,53,0
ORD-101544,SUP-014,Southwest,Industrial Parts,CarrierC,03/24/2024,2024-03-27,2024-03-27,228,0
ORD-100463,SUP-013,Southwest,Home Goods,CarrierC,08-Dec-2024,2024-12-15,2024-12-15,100,0
ORD-101223,SUP-013,West,Apparel,CarrierB,2024-02-01,2024-02-08,2024-02-08,162,0
ORD-105285,SUP-012,West,Perishables,CarrierA,2024-01-22,2024-01-24,2024-02-04,338,0
ORD-104903,SUP-019,West,Perishables,CarrierD,2024/04/08,2024-04-10,2024-04-14,234,0
ORD-103576,SUP-012,Southwest,Apparel,CarrierD,2024-01-28,2024-02-07,2024-02-06,352,0
ORD-103247,SUP-008,Southwest,Office Supplies,CarrierD,11/19/2024,2024-11-29,2024-11-28,352,0
ORD-101091,SUP-006,Northeast,Office Supplies,CarrierB,16-Apr-2024,2024-04-19,2024-04-22,84,0
ORD-100691,SUP-020,West,Apparel,CarrierB,2024-02-15,2024-02-18,2024-02-18,300,0
ORD-101241,SUP-005,Southwest,Electronics,CarrierA,02/03/2024,2024-02-06,2024-02-05,264,0
ORD-100103,SUP-011,Southwest,Apparel,CarrierB,2024-11-24,2024-11-27,2024-11-27,128,0
ORD-105603,SUP-015,Midwest,Industrial Parts,CarrierB,24-Dec-2024,2025-01-03,2025-01-03,443,0
ORD-101631,SUP-015,,Industrial Parts,CarrierD,2024-06-20,2024-06-23,2024-06-30,380,0
ORD-104177,SUP-011,Northeast,Electronics,CarrierD,06/12/2024,2024-06-22,2024-06-21,35,0
ORD-100683,SUP-010,Southeast,Industrial Parts,CarrierA,08-Feb-2024,2024-02-13,2024-02-13,66,0
ORD-103511,SUP-020,Northeast,Apparel,CarrierB,04/25/2024,2024-04-28,2024-04-28,21,0
ORD-105177,SUP-014,Midwest,Electronics,CarrierC,2024-04-21,2024-04-24,2024-04-24,90,0
ORD-104222,SUP-017,Northeast,Office Supplies,CarrierB,2024-04-08,2024-04-13,2024-04-13,23,0
ORD-101118,SUP-010,Midwest,Home Goods,CarrierD,04-Dec-2024,2024-12-09,2024-12-09,276,0
ORD-100597,SUP-003,Southwest,Industrial Parts,CarrierA,07-Aug-2024,2024-08-14,2024-08-14,129,0
ORD-103459,SUP-007,Southeast,Office Supplies,CarrierB,2024/02/01,2024-02-03,2024-02-03,339,0
ORD-102580,SUP-009,Midwest,Office Supplies,CarrierA,2024-10-22,2024-10-24,2024-10-24,283,0
ORD-104024,SUP-020,Southwest,Industrial Parts,CarrierA,08/24/2024,2024-08-31,2024-08-31,150,0
ORD-104797,SUP-006,Midwest,Electronics,CarrierC,06/16/2024,2024-06-18,2024-06-18,166,0
ORD-102818,SUP-012,West,Perishables,CarrierD,03/05/2024,2024-03-15,2024-03-19,365,0
ORD-102695,SUP-004,Midwest,Perishables,CarrierC,2024/02/18,2024-02-20,2024-02-23,3,0
ORD-105124,SUP-020,Northeast,Industrial Parts,CarrierC,2024/12/03,2024-12-08,2024-12-11,302,0
ORD-103340,SUP-015,Southeast,Industrial Parts,CarrierC,09-Jul-2024,2024-07-14,2024-07-20,355,0
ORD-102080,SUP-010,West,Office Supplies,CarrierD,10/11/2024,2024-10-13,2024-10-22,121,0
ORD-100199,SUP-019,,Home Goods,CarrierB,16-Jun-2024,2024-06-19,2024-06-19,56,0
ORD-104973,SUP-013,Southeast,Office Supplies,CarrierA,01/31/2024,2024-02-07,2024-02-07,132,0
ORD-104702,SUP-017,Midwest,Office Supplies,CarrierC,27-Jul-2024,2024-08-06,2024-08-05,169,0
ORD-102121,SUP-004,Southeast,Apparel,CarrierD,04/17/2024,2024-04-22,2024-04-22,206,0
ORD-100323,SUP-012,Midwest,Perishables,CarrierD,2024/07/19,2024-07-26,2024-07-26,264,0
ORD-101813,SUP-020,Southwest,Apparel,CarrierC,16-Apr-2024,2024-04-19,2024-04-19,97,0
ORD-102350,SUP-008,Southwest,Electronics,CarrierA,2024/06/02,2024-06-09,2024-06-14,258,0
ORD-100039,SUP-010,Southeast,Office Supplies,CarrierC,01/21/2024,2024-01-26,2024-01-26,239,0
ORD-102672,SUP-017,West,Industrial Parts,CarrierA,06-Dec-2024,2024-12-09,2024-12-11,289,0
ORD-100068,SUP-004,Southeast,Home Goods,CarrierA,06/30/2024,2024-07-07,2024-07-07,424,0
ORD-102410,SUP-020,Midwest,Industrial Parts,CarrierA,2024-07-05,2024-07-07,2024-07-07,131,0
ORD-102182,SUP-005,West,,CarrierC,17-Apr-2024,2024-04-24,2024-04-24,168,0
ORD-104523,SUP-020,Midwest,Home Goods,CarrierB,09-May-2024,2024-05-14,2024-05-14,432,0
ORD-103531,SUP-016,Northeast,Apparel,CarrierB,29-Nov-2024,2024-12-06,2024-12-05,285,0
ORD-100679,SUP-016,Northeast,Office Supplies,CarrierB,2024-10-01,2024-10-08,2024-10-08,327,0
ORD-103925,SUP-002,Southwest,Apparel,CarrierD,2024-01-15,2024-01-18,2024-02-09,138,0
ORD-105894,SUP-009,Southwest,Apparel,CarrierD,03/05/2024,2024-03-12,2024-03-12,401,0
ORD-103693,SUP-004,Northeast,,CarrierC,2024/06/02,2024-06-05,2024-06-10,2,0
ORD-105958,SUP-016,West,,CarrierB,2024-01-02,2024-01-09,2024-01-09,192,0
ORD-102202,SUP-018,West,Industrial Parts,CarrierC,2024/09/05,2024-09-12,2024-09-12,353,0
ORD-102528,SUP-020,Southeast,Home Goods,CarrierB,2024-03-26,2024-03-28,2024-03-27,247,0
ORD-103281,SUP-002,West,Electronics,CarrierD,08-Nov-2024,2024-11-13,2024-11-15,68,0
ORD-104909,SUP-004,West,Office Supplies,CarrierA,2024-02-16,2024-02-19,2024-02-19,370,0
ORD-100365,SUP-005,Southeast,Apparel,CarrierD,06/03/2024,2024-06-08,2024-06-08,266,0
ORD-100733,SUP-019,Midwest,Office Supplies,CarrierC,2024/08/08,2024-08-11,2024-08-10,344,0
ORD-104385,SUP-002,Northeast,Apparel,CarrierA,2024/12/11,2024-12-16,2024-12-21,102,0
ORD-102341,SUP-008,West,Office Supplies,CarrierB,2024/07/04,2024-07-11,2024-07-10,336,0
ORD-102071,SUP-014,Midwest,Electronics,CarrierA,12/22/2024,2024-12-25,2024-12-25,376,0
ORD-105290,SUP-013,West,Industrial Parts,CarrierC,2024-01-15,2024-01-17,2024-01-17,86,0
ORD-100954,SUP-016,Southwest,Office Supplies,CarrierD,2024-05-21,2024-05-24,2024-05-24,483,0
ORD-102673,SUP-013,Midwest,Office Supplies,CarrierA,27-Nov-2024,2024-11-29,2024-11-29,440,0
ORD-100287,SUP-015,West,Office Supplies,CarrierB,2024/11/24,2024-12-04,2024-12-03,87,0
ORD-103226,SUP-015,Southwest,Home Goods,CarrierB,09/24/2024,2024-09-27,2024-09-29,198,0
ORD-103031,SUP-012,Southeast,Electronics,CarrierD,2024/01/28,2024-02-02,2024-02-01,211,0
ORD-103064,SUP-020,West,Apparel,CarrierC,06/13/2024,2024-06-15,2024-06-15,65,0
ORD-105995,SUP-007,West,Perishables,CarrierA,05/16/2024,2024-05-19,2024-05-18,284,0
ORD-102549,SUP-016,Midwest,Industrial Parts,CarrierA,2024/01/10,2024-01-20,2024-01-20,197,0
ORD-102167,SUP-006,Northeast,Home Goods,CarrierB,05/03/2024,2024-05-05,2024-05-06,182,0
ORD-101388,SUP-020,Northeast,,CarrierB,2024/12/17,2024-12-19,2024-12-19,432,0
ORD-102745,SUP-016,Northeast,Electronics,CarrierA,21-Nov-2024,2024-11-23,2024-11-22,320,0
ORD-102425,SUP-007,Northeast,Industrial Parts,CarrierC,2024/12/17,2024-12-20,2024-12-20,32,0
ORD-101581,SUP-015,Southwest,Apparel,CarrierA,13-Feb-2024,2024-02-20,2024-02-23,14,0
ORD-102833,SUP-017,Midwest,Home Goods,CarrierD,23-Jul-2024,2024-07-30,2024-07-30,76,0
ORD-102028,SUP-018,Southeast,Home Goods,CarrierB,30-Sep-2024,2024-10-03,2024-10-03,143,0
ORD-102062,SUP-002,,Perishables,CarrierC,2024/12/21,2024-12-24,2024-12-24,371,0
ORD-105637,SUP-018,Midwest,Industrial Parts,CarrierC,09/29/2024,2024-10-09,2024-10-11,51,0
ORD-102609,SUP-003,Southeast,Apparel,CarrierA,2024-10-11,2024-10-21,2024-10-30,400,0
ORD-100038,SUP-012,Northeast,,CarrierC,03/18/2024,2024-03-28,2024-03-28,181,0
ORD-104077,SUP-004,Midwest,Electronics,CarrierD,2024/07/23,2024-07-25,2024-07-29,493,0
ORD-102556,SUP-004,West,Perishables,CarrierC,05/20/2024,2024-05-27,2024-06-09,94,0
ORD-103043,SUP-006,Southeast,Electronics,CarrierB,2024-09-17,2024-09-27,2024-09-27,333,0
ORD-102311,SUP-002,Southwest,Electronics,CarrierC,2024/07/07,2024-07-10,2024-07-16,459,0
ORD-103278,SUP-002,Southwest,Industrial Parts,CarrierC,2024/01/30,2024-02-04,2024-02-03,7,0
ORD-105673,SUP-011,Southwest,Industrial Parts,CarrierB,04-Jun-2024,2024-06-06,2024-06-11,482,0
ORD-102686,SUP-010,Southwest,Office Supplies,CarrierA,27-Feb-2024,2024-03-05,2024-03-05,386,0
ORD-105421,SUP-014,Northeast,Apparel,CarrierD,2024/12/12,2024-12-17,2024-12-17,229,0
ORD-102066,SUP-013,Midwest,Home Goods,CarrierB,2024-11-10,2024-11-17,2024-11-17,80,0
ORD-101057,SUP-012,Northeast,Office Supplies,CarrierD,2024-10-30,2024-11-04,2024-11-03,188,0
ORD-100793,SUP-017,West,Electronics,CarrierB,2024/07/29,2024-08-08,2024-08-12,154,0
ORD-105415,SUP-001,West,Office Supplies,CarrierA,2024-05-09,2024-05-19,2024-05-24,485,0
ORD-105814,SUP-011,Southeast,Electronics,CarrierD,2024-03-18,2024-03-20,2024-03-20,38,0
ORD-101732,SUP-008,West,Industrial Parts,CarrierC,12/11/2024,2024-12-18,2024-12-20,77,0
ORD-104530,SUP-015,Midwest,Home Goods,CarrierA,05/23/2024,2024-05-30,2024-05-30,474,0
ORD-101097,SUP-013,Southwest,Home Goods,CarrierA,11/09/2024,2024-11-11,2024-11-11,371,0
ORD-103752,SUP-018,Midwest,Apparel,CarrierA,2024/10/13,2024-10-15,2024-10-15,83,0
ORD-101597,SUP-015,Northeast,Electronics,CarrierB,01/09/2024,2024-01-12,2024-01-11,151,0
ORD-101293,SUP-014,Southeast,Apparel,CarrierB,23-Sep-2024,2024-09-26,2024-09-26,176,0
ORD-100950,SUP-019,,Perishables,CarrierD,02/13/2024,2024-02-16,2024-02-16,467,0
ORD-101471,SUP-019,West,Electronics,CarrierC,2024-11-14,2024-11-21,2024-11-23,450,0
ORD-104625,SUP-003,Northeast,Apparel,CarrierA,2024-01-20,2024-01-30,2024-01-29,213,0
ORD-103879,SUP-010,Southwest,Perishables,CarrierD,24-Dec-2024,2025-01-03,2025-01-03,263,0
ORD-104087,SUP-010,Midwest,Electronics,CarrierA,2024-08-07,2024-08-12,2024-08-12,54,0
ORD-104242,SUP-003,Midwest,Apparel,CarrierD,29-Mar-2024,2024-04-03,2024-04-07,226,0
ORD-102056,SUP-005,Southwest,Apparel,CarrierC,2024/10/29,2024-11-05,2024-11-04,305,0
ORD-102130,SUP-008,Southwest,Apparel,CarrierD,02/20/2024,2024-02-27,2024-03-02,235,0
ORD-105945,SUP-003,Southeast,Office Supplies,CarrierD,07/17/2024,2024-07-22,2024-07-22,413,0
ORD-100828,SUP-011,Southwest,Industrial Parts,CarrierA,2024/08/03,2024-08-06,2024-08-06,366,0
ORD-105694,SUP-009,Southwest,Industrial Parts,CarrierA,28-Aug-2024,2024-09-02,2024-09-02,377,0
ORD-102936,SUP-019,West,Apparel,CarrierC,2024/08/05,2024-08-10,2024-08-10,237,0
ORD-104708,SUP-014,Southeast,Office Supplies,CarrierB,04-Nov-2024,2024-11-11,2024-11-11,211,0
ORD-102982,SUP-014,Southeast,,CarrierD,2024-10-07,2024-10-09,2024-10-09,460,0
ORD-100722,SUP-017,Southeast,Electronics,CarrierC,23-Aug-2024,2024-09-02,2024-09-01,343,0
ORD-105943,SUP-007,,Electronics,CarrierA,2024-11-11,2024-11-13,2024-11-12,149,0
ORD-103463,SUP-008,Northeast,Perishables,CarrierD,05/22/2024,2024-06-01,,26,0
ORD-105701,SUP-004,Southeast,Apparel,CarrierA,2024/07/12,2024-07-14,2024-07-18,398,0
ORD-105105,SUP-010,Southeast,Apparel,CarrierA,12/24/2024,2025-01-03,2025-01-03,261,0
ORD-103240,SUP-002,Southwest,Apparel,CarrierD,01/04/2024,2024-01-09,2024-01-13,408,0
ORD-102888,SUP-007,Southwest,Industrial Parts,CarrierB,2024/10/12,2024-10-15,2024-10-15,309,0
ORD-101595,SUP-006,Midwest,Home Goods,CarrierC,2024-12-11,2024-12-13,2024-12-15,269,0
ORD-104160,SUP-007,Northeast,Perishables,CarrierB,2024-07-26,2024-08-02,2024-08-01,391,0
ORD-105957,SUP-002,Northeast,Office Supplies,CarrierB,2024/02/02,2024-02-12,2024-02-13,80,0
ORD-105193,SUP-003,Southwest,Perishables,CarrierD,2024/06/18,2024-06-25,2024-06-29,340,0
ORD-100764,SUP-010,Northeast,Electronics,CarrierA,2024-05-29,2024-06-05,2024-06-05,11,0
ORD-104992,SUP-014,Midwest,Apparel,CarrierC,01/29/2024,2024-02-01,2024-01-31,126,0
ORD-102591,SUP-019,West,Perishables,CarrierD,2024-10-11,2024-10-18,2024-10-18,271,0
ORD-102525,SUP-007,Southeast,Office Supplies,CarrierB,11/12/2024,2024-11-22,2024-11-22,198,0
ORD-101592,SUP-015,West,Home Goods,CarrierB,2024/05/05,2024-05-15,2024-05-15,220,0
ORD-103096,SUP-020,Northeast,Electronics,CarrierD,12/04/2024,2024-12-14,2024-12-20,61,0
ORD-103748,SUP-002,Northeast,Perishables,CarrierB,2024-10-04,2024-10-14,2024-10-22,135,0
ORD-105590,SUP-009,Midwest,Industrial Parts,CarrierC,2024-07-25,2024-07-28,2024-07-28,359,0
ORD-101421,SUP-020,Northeast,Perishables,CarrierC,2024-02-12,2024-02-17,2024-02-17,113,0
ORD-105799,SUP-010,Midwest,Apparel,CarrierC,2024/03/24,2024-03-31,2024-03-30,24,1
ORD-100654,SUP-018,Southeast,Office Supplies,CarrierD,12/21/2024,2024-12-24,2024-12-24,122,0
ORD-103961,SUP-020,Midwest,Home Goods,CarrierD,2024/11/16,2024-11-23,2024-11-23,150,0
ORD-100283,SUP-001,Southeast,Industrial Parts,CarrierA,2024-08-23,2024-09-02,2024-09-02,275,0
ORD-105523,SUP-012,Midwest,Electronics,CarrierD,12/05/2024,2024-12-15,2024-12-15,262,0
ORD-105977,SUP-004,Southeast,Home Goods,CarrierB,12/23/2024,2025-01-02,2025-01-09,450,0
ORD-104544,SUP-019,Southwest,Industrial Parts,CarrierB,2024/02/28,2024-03-06,2024-03-05,321,0
ORD-102259,SUP-012,Northeast,Apparel,CarrierD,2024/09/04,2024-09-14,2024-09-18,3,0
ORD-103703,SUP-015,Northeast,Home Goods,CarrierB,01-Nov-2024,2024-11-06,2024-11-06,215,0
ORD-102026,SUP-012,Southwest,Industrial Parts,CarrierD,02/21/2024,2024-02-23,2024-02-26,219,0
ORD-105961,SUP-007,Southwest,Industrial Parts,CarrierB,2024-06-10,2024-06-20,2024-06-19,335,0
ORD-103352,SUP-017,Northeast,Perishables,CarrierC,08-May-2024,2024-05-13,2024-05-13,481,0
ORD-105625,SUP-019,Southeast,Office Supplies,CarrierD,2024/09/03,2024-09-13,2024-09-13,88,0
ORD-105632,SUP-008,West,Apparel,CarrierB,11-Feb-2024,2024-02-18,2024-02-17,324,0
ORD-101445,SUP-009,Northeast,Perishables,CarrierD,06/17/2024,2024-06-24,2024-06-23,459,0
ORD-100981,SUP-003,Southwest,Apparel,CarrierA,2024-09-30,2024-10-02,2024-10-13,345,0
ORD-102344,SUP-002,Southwest,Office Supplies,CarrierA,09/22/2024,2024-09-29,2024-10-06,403,0
ORD-101153,SUP-017,Northeast,,CarrierC,2024-03-29,2024-04-08,2024-04-08,116,0
ORD-103642,SUP-009,Southwest,Perishables,CarrierB,2024/09/10,2024-09-15,2024-09-19,14,0
ORD-104046,SUP-018,Northeast,,CarrierA,2024-12-17,2024-12-24,2024-12-29,261,0
ORD-100674,SUP-005,Northeast,Apparel,CarrierB,2024/06/20,2024-06-30,2024-06-30,85,0
ORD-100468,SUP-003,Southeast,Office Supplies,CarrierB,16-Jan-2024,2024-01-26,2024-01-25,382,0
ORD-101317,SUP-005,West,Home Goods,CarrierA,2024/09/15,2024-09-22,2024-09-21,312,0
ORD-104178,SUP-010,West,Industrial Parts,CarrierB,08-Jan-2024,2024-01-18,2024-01-18,265,0
ORD-100429,SUP-017,Northeast,Industrial Parts,CarrierB,12-Mar-2024,2024-03-15,2024-03-15,428,0
ORD-101509,SUP-004,Southwest,Home Goods,CarrierC,29-Jul-2024,2024-08-03,2024-08-03,339,0
ORD-101555,SUP-006,Midwest,,CarrierB,03/13/2024,2024-03-16,2024-03-16,376,0
ORD-101129,SUP-013,Midwest,Industrial Parts,CarrierB,2024/08/12,2024-08-15,2024-08-15,81,0
ORD-105365,SUP-019,West,Office Supplies,CarrierA,2024/04/10,2024-04-17,2024-04-17,222,0
ORD-101210,SUP-014,West,Apparel,CarrierC,2024-07-26,2024-07-31,2024-07-31,199,0
ORD-100916,SUP-007,Northeast,Perishables,CarrierD,2024/05/04,2024-05-06,2024-05-06,116,0
ORD-100166,SUP-005,Southeast,Electronics,CarrierC,2024/12/23,2024-12-28,2024-12-28,26,0
ORD-103059,SUP-007,Northeast,Industrial Parts,CarrierC,2024/03/04,2024-03-07,2024-03-07,125,0
ORD-104322,SUP-015,West,Office Supplies,CarrierD,17-Oct-2024,2024-10-24,2024-11-03,227,0
ORD-104332,SUP-002,Northeast,Home Goods,CarrierC,05/28/2024,2024-06-04,2024-06-07,282,0
ORD-105748,SUP-006,Southwest,Office Supplies,CarrierD,2024/04/16,2024-04-26,2024-04-27,338,0
ORD-102613,SUP-018,Northeast,Perishables,CarrierC,2024/11/19,2024-11-21,2024-11-21,192,0
ORD-102494,SUP-014,Southwest,Industrial Parts,CarrierA,04-Dec-2024,2024-12-11,2024-12-10,491,0
ORD-101000,SUP-005,West,Perishables,CarrierC,2024-11-29,2024-12-06,2024-12-05,274,0
ORD-101178,SUP-004,Southwest,Electronics,CarrierC,16-Oct-2024,2024-10-26,2024-10-29,110,0
ORD-100056,SUP-016,West,Perishables,CarrierB,09/13/2024,2024-09-18,2024-09-17,294,1
ORD-103020,SUP-007,West,Office Supplies,CarrierB,11/06/2024,2024-11-09,2024-11-09,111,0
ORD-100208,SUP-011,Southeast,Home Goods,CarrierB,20-Aug-2024,2024-08-22,2024-08-24,101,0
ORD-102111,SUP-018,Southwest,Perishables,CarrierB,2024-05-13,2024-05-20,2024-05-20,10,0
ORD-104449,SUP-015,Southwest,Office Supplies,CarrierC,23-Jan-2024,2024-01-30,2024-01-30,446,0
ORD-103830,SUP-001,Midwest,Apparel,CarrierC,10-Dec-2024,2024-12-20,2024-12-20,496,0
ORD-101307,SUP-016,West,Perishables,CarrierC,2024/03/14,2024-03-24,2024-03-24,46,0
ORD-101440,SUP-013,Southeast,Industrial Parts,CarrierC,2024-10-15,2024-10-22,2024-10-22,189,0
ORD-100425,SUP-013,Southwest,Perishables,CarrierB,2024-10-22,2024-10-25,2024-10-28,471,0
ORD-100697,SUP-014,Northeast,Office Supplies,CarrierD,15-Oct-2024,2024-10-25,2024-10-25,172,0
ORD-104733,SUP-008,Midwest,Industrial Parts,CarrierB,07/31/2024,2024-08-03,2024-08-03,199,0
ORD-101265,SUP-005,Southwest,Industrial Parts,CarrierC,31-Jan-2024,2024-02-02,2024-02-02,398,0
ORD-101623,SUP-013,West,Electronics,CarrierB,04/21/2024,2024-04-24,2024-04-24,265,0
ORD-104006,SUP-004,Northeast,Apparel,CarrierC,09/04/2024,2024-09-07,2024-09-07,366,0
ORD-103579,SUP-008,Southwest,Home Goods,CarrierD,2024/01/17,2024-01-22,2024-01-22,493,0
ORD-101593,SUP-014,Southwest,Perishables,CarrierC,2024-02-08,2024-02-18,2024-02-25,368,0
ORD-105793,SUP-016,West,Apparel,CarrierC,2024-10-18,2024-10-28,2024-10-28,395,0
ORD-102301,SUP-018,Southeast,Office Supplies,CarrierB,21-Mar-2024,2024-03-31,2024-03-31,334,0
ORD-100492,SUP-010,Southwest,Apparel,CarrierD,2024-04-28,2024-04-30,,208,0
ORD-100961,SUP-015,Southeast,Office Supplies,CarrierA,03/17/2024,2024-03-19,2024-03-18,172,0
ORD-101860,SUP-001,Midwest,Office Supplies,CarrierC,04/11/2024,2024-04-18,2024-04-18,334,0
ORD-105937,SUP-016,Southwest,Industrial Parts,CarrierB,2024-03-14,2024-03-21,2024-03-21,283,0
ORD-105416,SUP-002,Northeast,Home Goods,CarrierD,17-Sep-2024,2024-09-22,2024-09-23,19,0
ORD-103035,SUP-006,Southwest,Apparel,CarrierD,11-Feb-2024,2024-02-14,2024-02-13,461,0
ORD-104781,SUP-015,Midwest,Office Supplies,CarrierD,2024/04/12,2024-04-17,2024-04-17,18,0
ORD-100978,SUP-001,Southeast,Apparel,CarrierA,30-Apr-2024,2024-05-02,2024-05-11,215,0
ORD-105603,SUP-015,Midwest,Industrial Parts,CarrierB,2024-12-24,2025-01-03,2025-01-03,443,0
ORD-100229,SUP-011,Northeast,Apparel,CarrierD,2024-03-15,2024-03-22,2024-03-22,107,0
ORD-100819,SUP-015,Southeast,Industrial Parts,CarrierD,05-Jul-2024,2024-07-12,2024-07-12,307,0
ORD-102866,SUP-010,Southwest,Perishables,CarrierC,21-May-2024,2024-05-26,2024-05-26,181,0
ORD-101826,SUP-014,West,Electronics,CarrierB,10/09/2024,2024-10-16,2024-10-16,196,0
ORD-104198,SUP-015,Southwest,Industrial Parts,CarrierA,14-Nov-2024,2024-11-24,2024-12-01,50,0
ORD-105931,SUP-017,Southwest,Office Supplies,CarrierA,10/15/2024,2024-10-25,2024-10-25,182,0
ORD-104698,SUP-016,Southeast,Home Goods,CarrierA,2024/02/28,2024-03-02,2024-03-02,24,0
ORD-101467,SUP-012,,Apparel,CarrierD,2024-11-11,2024-11-13,2024-11-13,115,0
ORD-105140,SUP-016,West,Industrial Parts,CarrierA,2024/04/16,2024-04-19,2024-04-19,282,0
ORD-100621,SUP-015,West,Perishables,CarrierA,2024-03-11,2024-03-18,2024-03-21,40,0
ORD-104502,SUP-011,Southeast,Electronics,CarrierB,2024/04/28,2024-05-05,2024-05-05,261,0
ORD-104654,SUP-015,Southeast,Industrial Parts,CarrierC,10/21/2024,2024-10-23,2024-11-01,99,0
ORD-103722,SUP-007,Southwest,Apparel,CarrierA,2024/05/21,2024-05-24,2024-05-23,195,0
ORD-103048,SUP-010,Southeast,Industrial Parts,CarrierA,2024/08/28,2024-08-30,2024-08-30,252,1
ORD-101778,SUP-012,Midwest,Perishables,CarrierB,2024-07-07,2024-07-09,2024-07-15,288,0
ORD-105534,SUP-003,Southeast,Industrial Parts,CarrierD,10/25/2024,2024-10-28,,108,0
ORD-100336,SUP-009,West,Apparel,CarrierD,2024/05/10,2024-05-17,2024-05-17,170,0
ORD-102642,SUP-003,Southeast,Electronics,CarrierB,10-Nov-2024,2024-11-13,2024-11-16,260,0
ORD-103165,SUP-019,Southeast,Apparel,CarrierA,16-Dec-2024,2024-12-26,2024-12-26,401,0
ORD-101083,SUP-019,West,Perishables,CarrierD,07/22/2024,2024-07-24,2024-07-25,133,0
ORD-103400,SUP-007,Midwest,Office Supplies,CarrierB,2024/01/17,2024-01-19,2024-01-19,219,0
ORD-102607,SUP-013,West,Home Goods,CarrierC,04/28/2024,2024-04-30,2024-04-30,129,1
ORD-105345,SUP-007,Midwest,Office Supplies,CarrierC,09/22/2024,2024-09-29,2024-09-29,13,0
ORD-103569,SUP-020,West,Electronics,CarrierC,2024/10/24,2024-10-29,2024-10-28,382,0
ORD-100390,SUP-001,Southeast,Perishables,CarrierD,2024-12-10,2024-12-12,2024-12-23,344,0
ORD-100737,SUP-006,West,Apparel,CarrierC,2024/01/20,2024-01-23,2024-01-23,302,0
ORD-100113,SUP-008,Northeast,Apparel,CarrierA,08/24/2024,2024-08-29,2024-08-29,288,0
ORD-101068,SUP-014,Southwest,Office Supplies,CarrierB,10/07/2024,2024-10-10,2024-10-13,289,0
ORD-103923,SUP-008,West,Industrial Parts,CarrierA,2024-01-22,2024-02-01,2024-02-01,281,0
ORD-100937,SUP-014,Southwest,Perishables,CarrierD,09/25/2024,2024-09-30,2024-09-30,372,0
ORD-102299,SUP-004,Southeast,Industrial Parts,CarrierA,10-Apr-2024,2024-04-17,2024-04-23,488,1
ORD-101873,SUP-010,Southeast,Apparel,CarrierB,07-Sep-2024,2024-09-10,2024-09-10,226,0
ORD-105607,SUP-006,Southwest,Industrial Parts,CarrierA,12/24/2024,2024-12-31,2025-01-02,413,0
ORD-103695,SUP-016,Southeast,Home Goods,CarrierB,2024/06/16,2024-06-21,2024-06-21,396,0
ORD-101015,SUP-001,West,Industrial Parts,CarrierC,05/24/2024,2024-05-27,2024-05-29,72,0
ORD-102883,SUP-004,West,Perishables,CarrierA,09/10/2024,2024-09-15,2024-09-15,122,0
ORD-103291,SUP-009,Southeast,Perishables,CarrierC,2024/09/30,2024-10-03,2024-10-03,57,0
ORD-100257,SUP-013,Southeast,Home Goods,CarrierA,11/15/2024,2024-11-20,2024-11-20,46,0
ORD-102238,SUP-015,Midwest,Perishables,CarrierC,01/22/2024,2024-01-24,2024-01-30,356,0
ORD-101339,SUP-002,Southwest,Electronics,CarrierC,20-Jun-2024,2024-06-25,2024-06-27,286,0
ORD-101152,SUP-014,Southeast,Electronics,CarrierB,2024/08/02,2024-08-09,2024-08-09,82,0
ORD-105368,SUP-004,Northeast,Perishables,CarrierA,12/03/2024,2024-12-13,2024-12-19,464,0
ORD-102264,SUP-020,West,Industrial Parts,CarrierB,2024/06/24,2024-07-01,2024-06-30,304,0
ORD-100992,SUP-010,Southwest,Electronics,CarrierD,2024-03-28,2024-04-07,2024-04-06,316,0
ORD-104072,SUP-005,West,Home Goods,CarrierD,2024/02/14,2024-02-24,2024-02-24,116,0
ORD-101846,SUP-015,West,Electronics,CarrierA,2024/11/21,2024-12-01,2024-12-14,159,0
ORD-102558,SUP-008,West,Perishables,CarrierD,22-Aug-2024,2024-08-24,2024-08-24,60,0
ORD-101009,SUP-007,Northeast,Office Supplies,CarrierD,16-Mar-2024,2024-03-26,2024-03-30,398,0
ORD-101972,SUP-017,Northeast,Office Supplies,CarrierA,12/11/2024,2024-12-14,2024-12-18,92,0
ORD-104126,SUP-006,Midwest,Office Supplies,CarrierC,01/11/2024,2024-01-21,2024-01-20,327,1
ORD-100526,SUP-010,West,Home Goods,CarrierB,2024/07/17,2024-07-20,2024-07-22,463,0
ORD-103664,SUP-004,Southwest,Electronics,CarrierD,2024-06-29,2024-07-02,2024-07-02,373,0
ORD-103564,SUP-018,West,Apparel,CarrierD,12-Feb-2024,2024-02-19,2024-02-24,234,0
ORD-104295,SUP-008,Northeast,Electronics,CarrierD,2024/03/06,2024-03-16,2024-03-16,14,0
ORD-105109,SUP-001,Southwest,Home Goods,CarrierC,2024/10/20,2024-10-25,2024-11-09,422,0
ORD-100132,SUP-018,Southwest,Apparel,CarrierB,2024-10-03,2024-10-10,2024-10-14,113,0
ORD-102462,SUP-011,Midwest,Perishables,CarrierD,2024-04-22,2024-04-27,2024-04-26,475,0
ORD-100035,SUP-007,West,Industrial Parts,CarrierA,2024-09-05,2024-09-07,2024-09-07,62,0
ORD-100441,SUP-015,Southwest,Electronics,CarrierA,2024/02/10,2024-02-12,2024-02-20,107,0
ORD-100064,SUP-011,West,Electronics,CarrierB,11/12/2024,2024-11-14,2024-11-13,127,0
ORD-102029,SUP-012,Midwest,Electronics,CarrierB,12/30/2024,2025-01-06,2025-01-05,162,0
ORD-101668,SUP-016,Northeast,Electronics,CarrierA,2024/07/22,2024-07-27,2024-07-27,196,0
ORD-105323,SUP-013,Midwest,Home Goods,CarrierD,2024/07/08,2024-07-10,2024-07-10,265,0
ORD-101282,SUP-014,Midwest,Office Supplies,CarrierB,05/09/2024,2024-05-19,2024-05-19,46,0
ORD-103584,SUP-020,Midwest,Apparel,CarrierD,2024-04-14,2024-04-16,2024-04-16,400,1
ORD-102175,SUP-017,Southwest,Apparel,CarrierB,22-Oct-2024,2024-11-01,2024-11-05,180,0
ORD-100638,SUP-008,Northeast,Industrial Parts,CarrierA,12-Apr-2024,2024-04-22,2024-04-22,69,1
ORD-105713,SUP-009,West,Home Goods,CarrierB,12/02/2024,2024-12-09,2024-12-08,273,0
ORD-101224,SUP-007,Midwest,Electronics,CarrierB,2024-08-02,2024-08-04,2024-08-03,142,0
ORD-104392,SUP-015,Southeast,Home Goods,CarrierD,17-Apr-2024,2024-04-24,2024-04-28,368,0
ORD-105647,SUP-007,Northeast,Home Goods,CarrierB,2024-11-04,2024-11-07,2024-11-06,440,0
ORD-103489,SUP-008,Midwest,Electronics,CarrierB,2024/05/19,2024-05-29,2024-05-29,345,0
ORD-101218,SUP-001,Southeast,Industrial Parts,CarrierC,2024-11-22,2024-11-24,2024-11-24,189,0
ORD-101598,SUP-008,Southeast,Apparel,CarrierA,26-Aug-2024,2024-09-02,2024-09-02,107,0
ORD-102725,SUP-004,Midwest,Perishables,CarrierA,2024-11-24,2024-12-01,2024-12-04,59,0
ORD-102836,SUP-018,Midwest,Industrial Parts,CarrierA,2024-11-16,2024-11-21,2024-11-21,166,0
ORD-105042,SUP-020,West,Industrial Parts,CarrierA,2024/12/14,2024-12-24,2024-12-29,433,0
ORD-104777,SUP-010,Southeast,Apparel,CarrierA,2024-07-24,2024-08-03,2024-08-03,174,0
ORD-100767,SUP-007,Southwest,Home Goods,CarrierC,2024/10/10,2024-10-13,2024-10-13,333,0
ORD-102572,SUP-020,Southwest,Home Goods,CarrierA,2024/12/18,2024-12-23,2024-12-23,327,0
ORD-105102,SUP-018,West,Home Goods,CarrierB,06/04/2024,2024-06-09,2024-06-12,350,0
ORD-101294,SUP-010,Northeast,Office Supplies,CarrierC,2024/06/17,2024-06-19,2024-06-19,199,0
ORD-100135,SUP-018,Southwest,Home Goods,CarrierD,2024/09/15,2024-09-17,2024-09-17,120,0
ORD-105740,SUP-009,Southwest,Electronics,CarrierC,2024/10/13,2024-10-16,2024-10-16,300,0
ORD-104370,SUP-010,Southeast,Apparel,CarrierB,2024-01-23,2024-01-26,2024-01-26,253,0
ORD-101108,SUP-013,Southwest,Home Goods,CarrierA,2024/12/06,2024-12-16,2024-12-15,201,0
ORD-101659,SUP-016,Southeast,Home Goods,CarrierB,2024/03/21,2024-03-26,2024-03-26,15,0
ORD-101744,SUP-020,Southeast,Office Supplies,CarrierD,2024/03/07,2024-03-12,2024-03-12,10,0
ORD-101278,SUP-005,Southwest,Office Supplies,CarrierD,2024-08-11,2024-08-18,2024-08-18,259,0
ORD-103157,SUP-004,Southwest,Office Supplies,CarrierB,01/27/2024,2024-01-29,2024-01-31,18,0
ORD-104518,SUP-009,West,Home Goods,CarrierB,2024-12-21,2024-12-31,2024-12-31,325,0
ORD-102959,SUP-012,Northeast,Apparel,CarrierC,06/08/2024,2024-06-11,2024-06-11,497,0
ORD-104338,SUP-004,West,Electronics,CarrierD,14-Nov-2024,2024-11-21,2024-11-22,374,0
ORD-103546,SUP-016,West,Perishables,CarrierD,2024-11-12,2024-11-14,2024-11-13,139,0
ORD-105156,SUP-012,Midwest,,CarrierC,08/18/2024,2024-08-23,2024-08-22,170,0
ORD-104057,SUP-020,Southeast,Industrial Parts,CarrierC,06/01/2024,2024-06-11,2024-06-11,372,0
ORD-102952,SUP-003,Southeast,Industrial Parts,CarrierB,2024/05/27,2024-05-30,2024-05-30,317,0
ORD-100129,SUP-013,West,Home Goods,CarrierB,2024-07-27,2024-07-30,2024-07-30,262,0
ORD-102700,SUP-008,West,Home Goods,CarrierA,13-Mar-2024,2024-03-23,2024-03-22,128,0
ORD-103457,SUP-011,Midwest,Electronics,CarrierC,2024/07/28,2024-08-04,2024-08-04,412,0
ORD-102255,SUP-013,Southwest,Perishables,CarrierA,2024-06-17,2024-06-20,2024-06-19,490,0
ORD-100027,SUP-003,Southwest,Apparel,CarrierD,2024/02/27,2024-02-29,2024-03-06,94,0
ORD-104113,SUP-008,Southeast,Apparel,CarrierB,2024-02-19,2024-02-26,2024-02-26,164,0
ORD-105910,SUP-018,Northeast,Office Supplies,CarrierB,2024-08-02,2024-08-12,2024-08-12,392,0
ORD-104904,SUP-014,Northeast,Home Goods,CarrierB,2024/08/24,2024-08-29,2024-09-01,51,0
ORD-103851,SUP-008,Northeast,Industrial Parts,CarrierD,01-Mar-2024,2024-03-08,2024-03-08,67,0
ORD-100452,SUP-020,Northeast,Industrial Parts,CarrierB,2024/03/04,2024-03-14,2024-03-14,250,0
ORD-101234,SUP-017,Northeast,Electronics,CarrierC,21-Jul-2024,2024-07-24,2024-07-23,248,0
ORD-105476,SUP-016,Northeast,Apparel,CarrierD,2024-01-10,2024-01-20,2024-01-20,451,0
ORD-101719,SUP-017,Northeast,Apparel,CarrierB,2024-02-13,2024-02-20,2024-02-19,282,0
ORD-105800,SUP-012,Midwest,Industrial Parts,CarrierA,29-Mar-2024,2024-04-08,2024-04-07,269,0
ORD-105808,SUP-019,Northeast,Apparel,CarrierC,17-Apr-2024,2024-04-22,2024-04-22,446,0
ORD-104043,SUP-015,Southeast,Home Goods,CarrierA,08/20/2024,2024-08-25,2024-08-25,252,0
ORD-104573,SUP-020,West,Office Supplies,CarrierB,2024/10/29,2024-11-08,,434,0
ORD-102222,SUP-018,Southeast,,CarrierD,07/23/2024,2024-07-28,2024-08-03,386,0
ORD-100459,SUP-015,Northeast,Electronics,CarrierA,2024/07/29,2024-08-01,2024-08-01,99,0
ORD-103558,SUP-016,Midwest,Industrial Parts,CarrierB,07/12/2024,2024-07-14,2024-07-14,188,0
ORD-102391,SUP-007,Midwest,Home Goods,CarrierC,2024/06/04,2024-06-06,2024-06-06,354,0
ORD-102009,SUP-003,Northeast,Apparel,CarrierA,05-Mar-2024,2024-03-15,2024-03-16,59,0
ORD-105529,SUP-015,Southwest,Apparel,CarrierA,17-Nov-2024,2024-11-19,2024-11-19,496,0
ORD-102466,SUP-010,Southeast,Perishables,CarrierA,2024-04-16,2024-04-26,2024-04-26,377,1
ORD-101804,SUP-011,Southeast,Home Goods,CarrierC,2024/07/25,2024-07-30,2024-07-30,263,0
ORD-100202,SUP-004,Southwest,Office Supplies,CarrierC,2024/09/21,2024-10-01,2024-10-01,483,0
ORD-105381,SUP-015,Northeast,Perishables,CarrierD,02/11/2024,2024-02-18,2024-02-20,421,0
ORD-103651,SUP-015,Northeast,Office Supplies,CarrierC,2024/09/05,2024-09-07,2024-09-14,6,0
ORD-100964,SUP-012,West,Perishables,CarrierB,12-Jan-2024,2024-01-15,2024-01-15,115,0
ORD-100124,SUP-009,Northeast,Apparel,CarrierC,10/28/2024,2024-11-07,2024-11-09,99,0
ORD-103025,SUP-016,Northeast,,CarrierD,2024/01/23,2024-01-25,2024-01-25,33,0
ORD-105766,SUP-017,Midwest,Home Goods,CarrierD,22-Jun-2024,2024-06-24,2024-06-23,374,0
ORD-101965,SUP-010,Midwest,Electronics,CarrierC,22-Jun-2024,2024-06-27,2024-06-27,253,0
ORD-102972,SUP-007,Midwest,Electronics,CarrierA,2024/10/03,2024-10-08,2024-10-08,464,0
ORD-102960,SUP-010,Midwest,Office Supplies,CarrierB,2024-08-28,2024-09-04,2024-09-04,170,0
ORD-104921,SUP-013,Northeast,Home Goods,CarrierB,2024-04-22,2024-04-27,2024-04-26,330,0
ORD-102996,SUP-013,West,Home Goods,CarrierD,2024/11/16,2024-11-26,2024-11-27,44,0
ORD-100647,SUP-005,Southwest,Industrial Parts,CarrierD,01/22/2024,2024-01-29,2024-01-29,426,0
ORD-104886,SUP-003,Southeast,Perishables,CarrierD,09/21/2024,2024-09-26,2024-10-03,70,0
ORD-103323,SUP-002,West,Office Supplies,CarrierD,2024/04/26,2024-04-29,2024-05-02,332,0
ORD-101757,SUP-013,Southwest,Office Supplies,CarrierB,2024-05-07,2024-05-17,2024-05-17,359,0
ORD-101588,SUP-012,Northeast,Electronics,CarrierB,2024/02/24,2024-03-05,2024-03-05,67,0
ORD-100935,SUP-019,Northeast,Office Supplies,CarrierD,2024/11/25,2024-11-30,2024-11-30,264,0
ORD-101450,SUP-007,West,Office Supplies,CarrierC,2024-03-08,2024-03-15,2024-03-15,366,0
ORD-100523,SUP-020,West,Industrial Parts,CarrierB,02/16/2024,2024-02-21,2024-02-21,417,0
ORD-101353,SUP-009,West,,CarrierC,05/14/2024,2024-05-17,2024-05-29,463,0
ORD-103138,SUP-003,Southwest,Office Supplies,CarrierA,2024/05/23,2024-05-28,2024-05-27,298,0
ORD-101188,SUP-013,Northeast,Office Supplies,CarrierD,2024-07-28,2024-07-30,2024-07-30,164,0
ORD-105559,SUP-009,West,Electronics,CarrierD,11-Mar-2024,2024-03-21,2024-03-21,214,0
ORD-103440,SUP-018,,Office Supplies,CarrierD,25-Dec-2024,2025-01-01,2025-01-06,197,0
ORD-105312,SUP-006,Southeast,Industrial Parts,CarrierD,2024-02-25,2024-02-27,2024-02-26,428,0
ORD-100877,SUP-007,Southeast,Electronics,CarrierD,2024-04-27,2024-04-29,2024-04-29,395,0
ORD-103294,SUP-009,Midwest,Home Goods,CarrierD,09-Mar-2024,2024-03-11,2024-03-10,17,0
ORD-102022,SUP-004,Midwest,Office Supplies,CarrierB,02-May-2024,2024-05-12,2024-05-11,180,0
ORD-105408,SUP-010,Southeast,Home Goods,CarrierD,2024-11-25,2024-11-28,2024-11-28,206,0
ORD-100066,SUP-007,Midwest,Office Supplies,CarrierC,07/13/2024,2024-07-23,2024-07-23,15,0
ORD-103694,SUP-008,West,Electronics,CarrierA,16-Dec-2024,2024-12-18,2024-12-17,457,0
ORD-101481,SUP-001,Southwest,Perishables,CarrierB,2024/07/08,2024-07-18,2024-07-19,29,0
ORD-105432,SUP-008,Midwest,Office Supplies,CarrierD,2024-11-15,2024-11-20,2024-11-20,402,0
ORD-103892,SUP-020,Midwest,Perishables,CarrierD,2024/11/14,2024-11-19,2024-11-19,320,0
ORD-103429,SUP-002,Midwest,Industrial Parts,CarrierD,07/09/2024,2024-07-11,2024-07-13,202,0
ORD-104984,SUP-019,West,Apparel,CarrierA,2024-12-26,2024-12-29,2025-01-05,61,0
ORD-101944,SUP-007,West,Office Supplies,CarrierA,2024-07-13,2024-07-18,2024-07-27,279,0
ORD-104522,SUP-005,West,Industrial Parts,CarrierC,2024-11-23,2024-11-28,2024-11-28,330,0
ORD-103931,SUP-019,Midwest,Apparel,CarrierB,10-Feb-2024,2024-02-15,2024-02-15,106,0
ORD-103542,SUP-015,Southeast,Office Supplies,CarrierC,04/26/2024,2024-05-01,2024-05-01,1,0
ORD-104489,SUP-016,Midwest,Industrial Parts,CarrierC,2024-11-11,2024-11-16,2024-11-16,338,0
ORD-100782,SUP-008,Midwest,Home Goods,CarrierB,05/11/2024,2024-05-16,2024-05-15,402,0
ORD-102163,SUP-007,Southwest,Electronics,CarrierD,04/08/2024,2024-04-15,2024-04-14,462,0
ORD-104120,SUP-002,Southeast,Office Supplies,CarrierD,2024-02-15,2024-02-20,2024-02-20,234,0
ORD-100226,SUP-002,Southeast,Home Goods,CarrierC,09-Jan-2024,2024-01-14,2024-01-22,192,0
ORD-100760,SUP-003,Southeast,Perishables,CarrierB,2024/11/12,2024-11-14,2024-11-22,176,1
ORD-105093,SUP-010,Midwest,Perishables,CarrierB,01-Aug-2024,2024-08-11,2024-08-10,131,0
ORD-100514,SUP-013,Northeast,Home Goods,CarrierB,2024-05-21,2024-05-31,2024-05-30,320,0
ORD-101605,SUP-011,Midwest,Electronics,CarrierB,01/27/2024,2024-02-03,2024-02-03,244,0
ORD-102891,SUP-007,Midwest,,CarrierD,09/15/2024,2024-09-25,2024-09-24,179,0
ORD-103930,SUP-007,Northeast,Home Goods,CarrierC,2024-07-26,2024-07-28,2024-07-28,17,0
ORD-104563,SUP-005,Northeast,Perishables,CarrierD,2024/07/26,2024-08-02,2024-08-01,466,0
ORD-100908,SUP-007,Northeast,Perishables,CarrierA,2024/03/18,2024-03-25,2024-03-25,197,0
ORD-100193,SUP-004,Southeast,Office Supplies,CarrierC,13-Oct-2024,2024-10-20,2024-10-20,49,0
ORD-100742,SUP-018,Midwest,Apparel,CarrierC,2024-06-19,2024-06-22,2024-06-24,439,0
ORD-100612,SUP-012,Southeast,Office Supplies,CarrierB,2024/01/19,2024-01-24,2024-01-23,120,0
ORD-104441,SUP-002,Southwest,Office Supplies,CarrierC,09-Oct-2024,2024-10-19,2024-10-21,488,0
ORD-101870,SUP-008,Southeast,Apparel,CarrierC,2024-04-14,2024-04-19,2024-04-18,387,0
ORD-104719,SUP-007,Southeast,Industrial Parts,CarrierB,03-Jul-2024,2024-07-13,2024-07-13,86,0
ORD-103638,SUP-002,Southwest,Perishables,CarrierA,29-Apr-2024,2024-05-01,2024-05-03,240,0
ORD-100401,SUP-006,West,Apparel,CarrierA,04/04/2024,2024-04-09,2024-04-09,485,0
ORD-103540,SUP-002,West,Apparel,CarrierB,07/28/2024,2024-08-02,2024-08-06,325,0
ORD-100849,SUP-013,Southwest,Home Goods,CarrierC,11/22/2024,2024-11-24,2024-11-24,51,0
ORD-104371,SUP-008,Southwest,Office Supplies,CarrierD,2024-08-10,2024-08-12,2024-08-15,433,0
ORD-101728,SUP-018,Midwest,Industrial Parts,CarrierB,11/17/2024,2024-11-22,2024-11-22,3,0
ORD-100374,SUP-009,Southeast,Apparel,CarrierD,2024/03/15,2024-03-17,2024-03-17,47,0
ORD-104762,SUP-012,West,Electronics,CarrierC,2024/08/10,2024-08-13,2024-08-20,89,0
ORD-102935,SUP-020,Midwest,Office Supplies,CarrierC,03/22/2024,2024-03-29,2024-03-29,413,0
ORD-101007,SUP-015,West,Industrial Parts,CarrierA,2024-03-14,2024-03-19,2024-03-24,141,0
ORD-105825,SUP-008,Southwest,Apparel,CarrierD,2024/05/05,2024-05-10,2024-05-10,98,0
ORD-105676,SUP-013,Midwest,Home Goods,CarrierB,2024-04-01,2024-04-11,2024-04-10,7,0
ORD-100409,SUP-006,Midwest,Industrial Parts,CarrierD,2024/04/29,2024-05-04,2024-05-04,347,1
ORD-100578,SUP-016,,Apparel,CarrierA,04/24/2024,2024-04-26,2024-04-25,56,0
ORD-100692,SUP-007,West,Office Supplies,CarrierB,2024-06-15,2024-06-22,2024-06-22,49,0
ORD-101611,SUP-004,Southeast,Industrial Parts,CarrierC,12/08/2024,2024-12-18,2024-12-23,438,0
ORD-102734,SUP-020,,Industrial Parts,CarrierB,2024/11/10,2024-11-17,2024-11-17,183,0
ORD-100655,SUP-017,Southwest,Office Supplies,CarrierA,2024/09/18,2024-09-25,2024-09-28,498,1
ORD-104301,SUP-004,Southeast,Electronics,CarrierD,2024/01/30,2024-02-02,,189,0
ORD-103839,SUP-004,Northeast,Home Goods,CarrierC,2024/12/10,2024-12-13,2024-12-13,73,0
ORD-104639,SUP-013,Southeast,Apparel,CarrierC,2024/04/22,2024-04-29,2024-04-29,288,0
ORD-104579,SUP-016,Southeast,Industrial Parts,CarrierB,2024/06/21,2024-06-24,2024-06-29,280,0
ORD-103133,SUP-007,Southwest,Electronics,CarrierC,12-Mar-2024,2024-03-17,2024-03-17,193,0
ORD-100590,SUP-001,Midwest,Apparel,CarrierA,2024-08-10,2024-08-15,2024-08-20,366,0
ORD-102906,SUP-008,Midwest,Office Supplies,CarrierC,2024-09-06,2024-09-08,2024-09-08,483,0
ORD-101575,SUP-005,Southwest,Apparel,CarrierD,2024/04/14,2024-04-21,2024-04-20,102,1
ORD-103129,SUP-011,Southwest,Perishables,CarrierC,01/19/2024,2024-01-22,2024-01-22,377,0
ORD-105257,SUP-006,Northeast,Home Goods,CarrierD,01/31/2024,2024-02-02,2024-02-02,476,0
ORD-102396,SUP-017,Southwest,Office Supplies,CarrierB,2024-01-02,2024-01-05,2024-01-05,165,0
ORD-103124,SUP-020,Southwest,Apparel,CarrierD,2024-06-14,2024-06-17,2024-06-16,382,0
ORD-102660,SUP-020,Southwest,Office Supplies,CarrierA,2024/07/12,2024-07-22,2024-07-23,451,0
ORD-101871,SUP-003,Northeast,Apparel,CarrierC,2024-10-16,2024-10-23,2024-10-25,487,0
ORD-100743,SUP-018,Southeast,Home Goods,CarrierA,2024-12-11,2024-12-18,2024-12-18,440,0
ORD-105699,SUP-003,Northeast,Home Goods,CarrierD,2024-09-25,2024-10-05,2024-10-05,17,0
ORD-100182,SUP-005,Northeast,Home Goods,CarrierD,2024-11-10,2024-11-20,2024-11-19,419,0
ORD-104538,SUP-017,West,Home Goods,CarrierD,2024/08/29,2024-09-05,2024-09-05,395,0
ORD-102716,SUP-005,Midwest,Office Supplies,CarrierC,2024-05-14,2024-05-21,2024-05-21,443,0
ORD-101053,SUP-001,Southwest,Apparel,CarrierD,2024/10/15,2024-10-18,2024-10-22,67,0
ORD-104230,SUP-001,Northeast,Apparel,CarrierC,2024/04/04,2024-04-06,2024-04-07,442,0
ORD-100653,SUP-012,Southeast,Home Goods,CarrierB,2024-09-08,2024-09-15,2024-09-20,108,0
ORD-100148,SUP-015,Southeast,Apparel,CarrierC,01-Sep-2024,2024-09-06,2024-09-10,41,0
ORD-100708,SUP-019,Southeast,Apparel,CarrierA,03-Jun-2024,2024-06-05,2024-06-08,352,0
ORD-100369,SUP-004,Northeast,Home Goods,CarrierB,2024/06/12,2024-06-22,2024-06-22,405,0
ORD-100023,SUP-017,Southwest,Apparel,CarrierB,2024/04/20,2024-04-25,2024-04-29,492,0
ORD-103312,SUP-001,West,Office Supplies,CarrierA,2024-08-18,2024-08-28,2024-09-07,492,0
ORD-101285,SUP-006,West,Home Goods,CarrierB,18-Jul-2024,2024-07-25,2024-07-25,429,0
ORD-101957,SUP-007,Southwest,Perishables,CarrierC,2024/02/12,2024-02-14,2024-02-16,51,0
ORD-102260,SUP-014,Midwest,Electronics,CarrierA,22-Jul-2024,2024-07-25,2024-07-25,141,0
ORD-101199,SUP-017,Southeast,,CarrierC,12/18/2024,2024-12-23,2024-12-23,423,0
ORD-100469,SUP-013,West,Office Supplies,CarrierB,2024/12/10,2024-12-20,2024-12-19,6,0
ORD-105863,SUP-011,Midwest,Electronics,CarrierD,2024-10-26,2024-11-02,2024-11-01,337,0
ORD-101192,SUP-016,Midwest,Perishables,CarrierD,17-Nov-2024,2024-11-20,2024-11-19,386,0
ORD-100106,SUP-007,Southeast,Perishables,CarrierA,01-Jun-2024,2024-06-08,2024-06-08,310,0
ORD-101484,SUP-017,West,Electronics,CarrierB,22-Nov-2024,2024-11-27,2024-12-03,3,0
ORD-105001,SUP-006,Southwest,Office Supplies,CarrierA,29-Jan-2024,2024-02-08,2024-02-08,99,0
ORD-100350,SUP-016,Midwest,Office Supplies,CarrierD,12/25/2024,2025-01-04,2025-01-03,59,0
ORD-104019,SUP-002,Southwest,Electronics,CarrierC,08/09/2024,2024-08-11,2024-08-18,111,0
ORD-101260,SUP-009,West,Apparel,CarrierA,18-Jul-2024,2024-07-25,2024-07-25,280,0
ORD-100048,SUP-004,Southeast,Apparel,CarrierD,2024/08/01,2024-08-08,2024-08-07,447,0
ORD-101443,SUP-012,Midwest,Electronics,CarrierA,2024/06/04,2024-06-06,2024-06-11,46,0
ORD-105650,SUP-020,Midwest,Electronics,CarrierC,2024/03/21,2024-03-28,2024-03-28,305,0
ORD-104816,SUP-012,Southeast,Industrial Parts,CarrierD,2024-01-06,2024-01-16,2024-01-16,107,0
ORD-105065,SUP-002,Southeast,Industrial Parts,CarrierC,16-Aug-2024,2024-08-26,2024-09-05,132,0
ORD-102511,SUP-008,Southwest,Home Goods,CarrierC,05/05/2024,2024-05-15,2024-05-17,498,0
ORD-104516,SUP-010,Southeast,Electronics,CarrierB,24-Aug-2024,2024-08-27,2024-08-27,496,0
ORD-103608,SUP-014,Midwest,Apparel,CarrierD,13-Jun-2024,2024-06-18,2024-06-17,18,0
ORD-105707,SUP-008,Southeast,Office Supplies,CarrierA,29-Dec-2024,2025-01-08,2025-01-08,59,0
ORD-105199,SUP-012,Northeast,Perishables,CarrierC,2024/07/05,2024-07-12,2024-07-22,168,0
ORD-105840,SUP-020,Southwest,Perishables,CarrierA,05-Feb-2024,2024-02-15,2024-02-14,338,0
ORD-103033,SUP-010,Southeast,Industrial Parts,CarrierD,2024/11/21,2024-11-23,2024-11-22,379,0
ORD-102771,SUP-003,Southwest,Perishables,CarrierC,18-Oct-2024,2024-10-21,2024-10-30,56,0
ORD-105843,SUP-019,Northeast,Perishables,CarrierB,28-May-2024,2024-06-04,2024-06-04,173,0
ORD-104396,SUP-020,West,Apparel,CarrierA,2024-03-19,2024-03-24,2024-03-24,379,0
ORD-105687,SUP-017,Midwest,Home Goods,CarrierC,02/20/2024,2024-02-23,2024-02-22,80,0
ORD-102125,SUP-007,Northeast,Perishables,CarrierC,27-Feb-2024,2024-02-29,2024-02-29,74,0
ORD-100030,SUP-001,West,Perishables,CarrierD,08/12/2024,2024-08-15,2024-08-21,380,0
ORD-102306,SUP-006,West,Home Goods,CarrierB,2024/07/25,2024-07-28,2024-07-27,243,0
ORD-101226,SUP-012,Northeast,Home Goods,CarrierB,12/18/2024,2024-12-21,2024-12-23,328,0
ORD-102329,SUP-002,West,Office Supplies,CarrierB,12/24/2024,2024-12-31,2024-12-31,360,0
ORD-103413,SUP-012,Midwest,Office Supplies,CarrierB,2024-02-29,2024-03-07,2024-03-07,73,0
ORD-105017,SUP-006,Southwest,Perishables,CarrierB,14-Jun-2024,2024-06-21,2024-06-27,376,0
ORD-100173,SUP-016,Southeast,Office Supplies,CarrierD,01/10/2024,2024-01-13,2024-01-19,463,0
ORD-102676,SUP-019,Southeast,Perishables,CarrierB,19-Nov-2024,2024-11-21,2024-11-24,155,0
ORD-105593,SUP-009,West,Electronics,CarrierC,2024/11/25,2024-12-02,2024-12-02,186,0
ORD-103241,SUP-005,Southwest,Industrial Parts,CarrierD,2024-09-12,2024-09-22,2024-09-22,329,0
ORD-104599,SUP-020,West,Perishables,CarrierA,2024/09/20,2024-09-25,2024-09-27,423,0
ORD-105128,SUP-006,Southeast,Electronics,CarrierD,2024/04/12,2024-04-14,2024-04-15,240,0
ORD-104970,SUP-013,West,Apparel,CarrierC,2024/09/09,2024-09-11,2024-09-10,486,0
ORD-105951,SUP-003,Southeast,Perishables,CarrierA,05/27/2024,2024-05-29,2024-05-30,127,0
ORD-100807,SUP-013,West,Office Supplies,CarrierB,16-Jan-2024,2024-01-18,2024-01-18,29,0
ORD-101469,SUP-008,Southeast,Electronics,CarrierC,2024/07/21,2024-07-24,2024-07-27,161,0
ORD-103902,SUP-010,West,Industrial Parts,CarrierA,2024/08/09,2024-08-11,2024-08-14,15,0
ORD-105025,SUP-015,Southwest,Office Supplies,CarrierA,2024/11/11,2024-11-21,2024-11-21,49,0
ORD-104380,SUP-001,Northeast,Office Supplies,CarrierA,2024/05/19,2024-05-21,2024-05-21,132,0
ORD-103195,SUP-010,Midwest,Office Supplies,CarrierD,2024-07-29,2024-08-01,2024-08-01,227,0
ORD-100493,SUP-013,Northeast,Industrial Parts,CarrierB,2024-01-17,2024-01-19,2024-01-18,322,0
ORD-101001,SUP-020,Southwest,Electronics,CarrierD,2024-11-09,2024-11-11,2024-11-11,373,0
ORD-102317,SUP-010,Southwest,Industrial Parts,CarrierA,04/29/2024,2024-05-04,2024-05-03,388,0
ORD-104629,SUP-011,Southeast,Industrial Parts,CarrierA,2024-01-14,2024-01-17,2024-01-17,128,0
ORD-104492,SUP-011,Midwest,Office Supplies,CarrierD,2024-04-03,2024-04-13,2024-04-12,402,0
ORD-100972,SUP-020,,Perishables,CarrierD,2024/10/26,2024-10-31,2024-11-04,221,0
ORD-104843,SUP-017,Northeast,Apparel,CarrierA,04-May-2024,2024-05-06,2024-05-07,170,0
ORD-105999,SUP-002,Southeast,Perishables,CarrierA,2024-01-16,2024-01-21,2024-01-22,188,0
ORD-102811,SUP-011,Midwest,Electronics,CarrierD,2024-07-16,2024-07-21,2024-07-21,316,0
ORD-100384,SUP-016,Northeast,Electronics,CarrierA,25-Nov-2024,2024-11-30,2024-11-30,118,0
ORD-104110,SUP-017,Midwest,Home Goods,CarrierD,04/28/2024,2024-04-30,2024-04-30,87,0
ORD-101663,SUP-002,Southeast,Electronics,CarrierA,28-Sep-2024,2024-10-08,2024-10-15,331,0
ORD-103345,SUP-020,Northeast,,CarrierB,2024-03-14,2024-03-24,2024-03-24,243,0
ORD-101701,SUP-008,Northeast,Perishables,CarrierA,29-Jan-2024,2024-02-05,2024-02-08,242,1
ORD-104112,SUP-013,Southeast,Apparel,CarrierD,10/26/2024,2024-11-05,2024-11-05,457,0
ORD-104425,SUP-017,West,Perishables,CarrierD,2024/06/25,2024-07-02,2024-07-06,286,0
ORD-101058,SUP-011,West,Home Goods,CarrierD,21-Oct-2024,2024-10-28,2024-10-28,130,0
ORD-100640,SUP-011,Northeast,Industrial Parts,CarrierB,2024-04-01,2024-04-03,2024-04-03,92,0
ORD-103010,SUP-005,Midwest,Industrial Parts,CarrierC,16-Apr-2024,2024-04-19,2024-04-19,114,0
ORD-102813,SUP-008,Southwest,Electronics,CarrierB,06/23/2024,2024-06-26,2024-06-25,498,0
ORD-105080,SUP-008,Midwest,Electronics,CarrierD,2024-07-20,2024-07-30,2024-07-29,172,0
ORD-105717,SUP-020,Northeast,Industrial Parts,CarrierB,11-Jun-2024,2024-06-13,2024-06-13,483,0
ORD-101186,SUP-004,Northeast,Perishables,CarrierD,2024/01/16,2024-01-23,2024-01-22,105,0
ORD-102662,SUP-014,Southeast,Office Supplies,CarrierA,2024-02-12,2024-02-22,2024-02-22,37,0
ORD-105064,SUP-009,Northeast,Apparel,CarrierC,07-May-2024,2024-05-09,2024-05-09,235,0
ORD-101716,SUP-003,Southeast,Home Goods,CarrierC,2024-02-10,2024-02-17,2024-02-19,45,0
ORD-102469,SUP-005,Southwest,Perishables,CarrierB,2024-06-08,2024-06-15,2024-06-15,469,0
ORD-101920,SUP-006,Midwest,,CarrierC,10-Feb-2024,2024-02-17,2024-02-16,91,0
ORD-103143,SUP-008,Northeast,Industrial Parts,CarrierB,23-Mar-2024,2024-04-02,2024-04-01,99,0
ORD-105426,SUP-007,West,Apparel,CarrierB,2024/09/24,2024-10-01,2024-10-01,389,0
ORD-105268,SUP-019,Northeast,,CarrierA,2024/05/09,2024-05-14,2024-05-16,162,0
ORD-100585,SUP-002,Southeast,Electronics,CarrierD,2024/12/24,2025-01-03,2025-01-09,34,0
ORD-104339,SUP-020,West,Perishables,CarrierA,01/07/2024,2024-01-12,2024-01-16,472,1
ORD-105736,SUP-013,Southwest,Industrial Parts,CarrierA,2024/04/05,2024-04-12,2024-04-12,27,0
ORD-100076,SUP-020,Northeast,Perishables,CarrierA,2024/10/04,2024-10-09,2024-10-09,94,0
ORD-102368,SUP-001,Midwest,Industrial Parts,CarrierB,2024/05/12,2024-05-14,2024-05-18,80,0
ORD-100625,SUP-003,West,Apparel,CarrierB,09-Mar-2024,2024-03-12,2024-03-12,42,0
ORD-103403,SUP-005,Southeast,Perishables,CarrierA,2024-12-02,2024-12-12,2024-12-12,168,0
ORD-103713,SUP-007,West,Industrial Parts,CarrierB,09-Feb-2024,2024-02-12,2024-02-12,198,0
ORD-101407,SUP-014,Midwest,Industrial Parts,CarrierB,04/01/2024,2024-04-11,2024-04-11,142,0
ORD-101905,SUP-014,Southeast,Apparel,CarrierA,02-Jan-2024,2024-01-07,2024-01-07,160,0
ORD-100375,SUP-001,Northeast,Office Supplies,CarrierA,01/29/2024,2024-02-01,2024-02-11,338,0
ORD-100080,SUP-008,Midwest,Perishables,CarrierB,2024-07-16,2024-07-18,2024-07-21,435,0
ORD-102170,SUP-012,Northeast,Office Supplies,CarrierA,05/29/2024,2024-06-08,2024-06-07,249,0
ORD-104125,SUP-009,Midwest,Perishables,CarrierC,2024-07-17,2024-07-22,2024-07-24,476,0
ORD-102786,SUP-002,,Industrial Parts,CarrierC,2024-11-13,2024-11-18,2024-11-20,461,0
ORD-102793,SUP-002,West,Industrial Parts,CarrierB,2024/04/28,2024-05-05,2024-05-07,171,0
ORD-105181,SUP-006,Southeast,Industrial Parts,CarrierD,24-Jul-2024,2024-07-27,2024-07-29,385,0
ORD-100189,SUP-016,Southwest,Electronics,CarrierD,08/30/2024,2024-09-06,2024-09-06,348,0
ORD-105845,SUP-013,Northeast,Apparel,CarrierA,2024/07/08,2024-07-11,2024-07-15,45,0
ORD-105629,SUP-012,Northeast,Electronics,CarrierC,2024-01-20,2024-01-23,2024-01-22,61,0
ORD-105984,SUP-018,Northeast,Home Goods,CarrierB,2024/01/28,2024-02-02,2024-02-02,17,0
ORD-105902,SUP-005,West,Electronics,CarrierD,2024/02/27,2024-03-08,2024-03-08,103,0
ORD-102059,SUP-011,Southeast,Perishables,CarrierD,12-Mar-2024,2024-03-17,2024-03-17,98,0
ORD-104624,SUP-014,Northeast,Office Supplies,CarrierC,11/26/2024,2024-12-06,2024-12-06,129,0
ORD-102248,SUP-003,Midwest,Perishables,CarrierC,2024-04-30,2024-05-03,2024-05-15,456,0
ORD-101383,SUP-019,West,Industrial Parts,CarrierB,2024-08-26,2024-09-05,2024-09-05,399,0
ORD-104329,SUP-016,Northeast,Electronics,CarrierA,2024/04/04,2024-04-11,2024-04-11,429,0
ORD-104996,SUP-008,West,Industrial Parts,CarrierD,19-Dec-2024,2024-12-29,2024-12-29,241,0
ORD-105823,SUP-013,Northeast,Apparel,CarrierC,17-Feb-2024,2024-02-20,2024-02-20,223,0
ORD-103476,SUP-020,Southeast,Home Goods,CarrierD,24-Apr-2024,2024-05-04,2024-05-03,492,0
ORD-105304,SUP-007,Midwest,Industrial Parts,CarrierB,2024/07/06,2024-07-16,2024-07-16,73,0
ORD-103106,SUP-019,Southwest,Home Goods,CarrierB,25-Aug-2024,2024-09-04,2024-09-03,261,0
ORD-102110,SUP-012,West,Electronics,CarrierC,2024/03/13,2024-03-15,2024-03-15,241,0
ORD-100240,SUP-016,Northeast,Apparel,CarrierB,17-Jun-2024,2024-06-22,2024-06-22,495,0
ORD-101517,SUP-018,Northeast,Home Goods,CarrierB,2024-05-07,2024-05-09,2024-05-09,399,0
ORD-104796,SUP-014,Northeast,Industrial Parts,CarrierC,03-Aug-2024,2024-08-05,2024-08-05,275,0
ORD-100676,SUP-012,Southeast,Perishables,CarrierB,08/31/2024,2024-09-02,2024-09-07,235,0
ORD-103702,SUP-005,Southeast,Home Goods,CarrierD,09/14/2024,2024-09-17,2024-09-16,262,0
ORD-104945,SUP-011,Midwest,Office Supplies,CarrierD,14-Sep-2024,2024-09-16,2024-09-16,439,0
ORD-104358,SUP-013,,Home Goods,CarrierD,2024-12-16,2024-12-23,2024-12-23,486,0
ORD-102938,SUP-020,Southeast,Electronics,CarrierD,12-Aug-2024,2024-08-22,2024-08-22,179,0
ORD-101382,SUP-017,Southeast,Apparel,CarrierB,2024-09-08,2024-09-18,2024-09-25,66,0
ORD-101205,SUP-015,Northeast,Electronics,CarrierD,2024-11-22,2024-11-29,2024-11-29,151,0
ORD-102454,SUP-010,Southeast,Electronics,CarrierC,2024/11/18,2024-11-20,2024-11-20,430,0
ORD-104546,SUP-017,Northeast,Office Supplies,CarrierD,2024-05-14,2024-05-21,2024-05-21,410,0
ORD-101027,SUP-016,Midwest,Office Supplies,CarrierC,03/21/2024,2024-03-24,2024-03-28,443,0
ORD-101816,SUP-004,West,Perishables,CarrierC,2024/05/09,2024-05-16,2024-05-17,239,0
ORD-105101,SUP-005,Midwest,Perishables,CarrierC,14-May-2024,2024-05-16,2024-05-16,405,0
ORD-105293,SUP-017,Midwest,Perishables,CarrierC,06/26/2024,2024-07-01,2024-07-10,87,1
ORD-103430,SUP-004,West,Industrial Parts,CarrierA,2024/01/11,2024-01-18,2024-01-18,122,0
ORD-102830,SUP-010,Southeast,Perishables,CarrierC,2024-11-25,2024-12-05,2024-12-09,419,0
ORD-105410,SUP-018,Southeast,Industrial Parts,CarrierB,2024-10-24,2024-10-26,2024-10-29,207,0
ORD-103055,SUP-007,Southwest,Perishables,CarrierD,24-Jul-2024,2024-07-27,2024-07-27,283,0
ORD-100628,SUP-003,Northeast,Perishables,CarrierA,06-Mar-2024,2024-03-11,2024-03-17,462,0
ORD-102373,SUP-002,Midwest,Industrial Parts,CarrierD,11-Jun-2024,2024-06-21,2024-06-27,370,0
ORD-105099,SUP-020,Southwest,Electronics,CarrierC,2024/09/23,2024-10-03,2024-10-02,11,0
ORD-103070,SUP-014,Southeast,Office Supplies,CarrierD,08/31/2024,2024-09-03,2024-09-02,306,0
ORD-102367,SUP-020,Southeast,Home Goods,CarrierA,10/31/2024,2024-11-03,2024-11-03,397,0
ORD-104807,SUP-020,Midwest,Industrial Parts,CarrierC,2024-12-05,2024-12-10,2024-12-12,420,0
ORD-101292,SUP-015,Northeast,Industrial Parts,CarrierA,2024/08/07,2024-08-14,2024-08-19,218,0
ORD-105150,SUP-003,Southeast,Industrial Parts,CarrierA,2024/10/13,2024-10-23,2024-11-01,361,0
ORD-102814,SUP-014,Northeast,Apparel,CarrierC,2024-06-26,2024-07-01,2024-07-03,388,0
ORD-103150,SUP-018,,Apparel,CarrierC,10/31/2024,2024-11-02,2024-11-07,457,0
ORD-102826,SUP-020,Midwest,Home Goods,CarrierA,2024/07/25,2024-08-04,2024-08-04,89,0
ORD-103852,SUP-005,Southwest,Perishables,CarrierA,2024/12/12,2024-12-14,2024-12-14,278,0
ORD-102614,SUP-011,Southeast,Industrial Parts,CarrierD,2024/06/04,2024-06-14,2024-06-13,480,0
ORD-104048,SUP-013,Southeast,Office Supplies,CarrierC,2024-01-04,2024-01-09,2024-01-12,380,0
ORD-105555,SUP-016,West,Home Goods,CarrierD,2024-12-20,2024-12-30,2024-12-30,472,0
ORD-103617,SUP-009,Midwest,Office Supplies,CarrierD,2024-04-01,2024-04-04,2024-04-05,172,0
ORD-105538,SUP-018,Southwest,Apparel,CarrierC,28-Feb-2024,2024-03-02,2024-03-09,103,0
ORD-101654,SUP-001,Northeast,Industrial Parts,CarrierB,06-Sep-2024,2024-09-11,2024-09-13,294,0
ORD-100140,SUP-020,Midwest,Electronics,CarrierA,2024-12-25,2024-12-27,2024-12-27,445,0
ORD-101589,SUP-019,Southwest,Industrial Parts,CarrierC,2024-05-20,2024-05-25,2024-05-25,282,0
ORD-102496,SUP-002,Midwest,Electronics,CarrierD,30-Jan-2024,2024-02-02,2024-02-02,172,0
ORD-104037,SUP-012,Northeast,Perishables,CarrierD,18-Mar-2024,2024-03-20,2024-03-21,57,0
ORD-105432,SUP-008,Midwest,Office Supplies,CarrierD,2024-11-15,2024-11-20,2024-11-20,402,0
ORD-105175,SUP-013,West,,CarrierD,06-Oct-2024,2024-10-13,2024-10-13,486,0
ORD-101069,SUP-001,Southwest,Industrial Parts,CarrierA,10/04/2024,2024-10-09,2024-10-10,216,0
ORD-101136,SUP-018,West,Industrial Parts,CarrierC,2024-01-05,2024-01-10,2024-01-10,474,0
ORD-104325,SUP-017,Southeast,Electronics,CarrierA,12/29/2024,2025-01-03,2025-01-09,485,0
ORD-100999,SUP-018,Midwest,Electronics,CarrierB,2024-09-04,2024-09-07,2024-09-07,387,0
ORD-102715,SUP-001,Northeast,Home Goods,CarrierB,2024/09/26,2024-10-01,2024-10-01,369,0
ORD-103200,SUP-010,Midwest,Apparel,CarrierD,19-Jul-2024,2024-07-21,2024-07-21,424,0
ORD-105585,SUP-017,West,Perishables,CarrierC,2024/03/11,2024-03-18,2024-03-24,324,0
ORD-100024,SUP-012,West,Industrial Parts,CarrierB,2024-01-19,2024-01-26,2024-01-28,106,0
ORD-102149,SUP-014,Southeast,Home Goods,CarrierB,2024-07-28,2024-08-07,2024-08-07,83,0
ORD-100261,SUP-004,Northeast,Office Supplies,CarrierA,2024/01/05,2024-01-12,2024-01-12,489,0
ORD-103910,SUP-017,Midwest,Electronics,CarrierD,02/26/2024,2024-02-28,2024-03-07,364,0
ORD-103040,SUP-016,Southwest,Electronics,CarrierC,19-Nov-2024,2024-11-29,2024-11-28,279,0
ORD-103297,SUP-019,West,,CarrierA,2024/04/15,2024-04-22,2024-04-22,352,0
ORD-105152,SUP-003,Southwest,Industrial Parts,CarrierB,2024-10-15,2024-10-25,2024-10-28,157,0
ORD-102422,SUP-009,Midwest,,CarrierB,2024-07-02,2024-07-05,2024-07-05,223,0
ORD-103490,SUP-020,West,Electronics,CarrierD,08/18/2024,2024-08-28,2024-08-27,252,0
ORD-103609,SUP-004,Southwest,Home Goods,CarrierB,26-Apr-2024,2024-04-29,2024-04-28,264,0
ORD-101695,SUP-005,Midwest,Apparel,CarrierC,2024-05-10,2024-05-20,2024-05-20,456,0
ORD-100008,SUP-004,Midwest,Home Goods,CarrierA,22-Sep-2024,2024-10-02,2024-10-02,240,0
ORD-101066,SUP-005,Northeast,Office Supplies,CarrierB,09/18/2024,2024-09-25,2024-09-24,111,0
ORD-101902,SUP-004,Southwest,Perishables,CarrierA,2024/05/17,2024-05-27,2024-06-02,409,0
ORD-101713,SUP-010,Southwest,Industrial Parts,CarrierB,09/29/2024,2024-10-06,2024-10-11,88,0
ORD-103061,SUP-014,Southwest,Office Supplies,CarrierA,2024/08/07,2024-08-12,2024-08-12,490,0
ORD-100400,SUP-020,Northeast,Home Goods,CarrierA,16-Mar-2024,2024-03-23,2024-03-23,383,0
ORD-105208,SUP-017,Southeast,Office Supplies,CarrierB,2024-12-27,2024-12-30,2024-12-30,291,0
ORD-105454,SUP-016,Southwest,Perishables,CarrierB,2024-11-04,2024-11-14,2024-11-17,130,0
ORD-101994,SUP-004,Southeast,Office Supplies,CarrierB,10/17/2024,2024-10-27,2024-10-26,159,0
ORD-101539,SUP-013,West,Apparel,CarrierB,2024/03/30,2024-04-02,2024-04-02,437,0
ORD-105597,SUP-002,Midwest,Office Supplies,CarrierC,07/02/2024,2024-07-07,2024-07-07,275,0
ORD-104134,SUP-014,Southwest,Electronics,CarrierA,2024/07/21,2024-07-31,2024-07-31,127,0
ORD-100864,SUP-009,West,Apparel,CarrierC,2024-08-27,2024-09-06,2024-09-05,377,0
ORD-105853,SUP-011,Southwest,Electronics,CarrierD,2024-05-04,2024-05-14,,460,0
ORD-102433,SUP-017,Midwest,Industrial Parts,CarrierD,24-Nov-2024,2024-12-04,2024-12-06,492,0
ORD-105306,SUP-003,Southwest,Perishables,CarrierB,12-Aug-2024,2024-08-19,2024-08-24,455,0
ORD-104303,SUP-012,West,Apparel,CarrierD,25-Apr-2024,2024-04-27,2024-05-03,447,0
ORD-103328,SUP-011,Southeast,Industrial Parts,CarrierC,2024-12-24,2024-12-31,2024-12-30,20,0
ORD-103101,SUP-009,Midwest,Perishables,CarrierA,2024/03/06,2024-03-13,2024-03-13,458,0
ORD-103362,SUP-018,Southwest,Industrial Parts,CarrierA,2024/08/30,2024-09-01,2024-09-08,112,0
ORD-102568,SUP-018,West,Office Supplies,CarrierD,2024-02-12,2024-02-14,2024-02-18,444,0
ORD-104519,SUP-018,Midwest,Home Goods,CarrierB,09/08/2024,2024-09-11,2024-09-10,408,0
ORD-100890,SUP-004,Midwest,Apparel,CarrierA,2024-12-11,2024-12-14,2024-12-21,168,0
ORD-105463,SUP-003,Southwest,Perishables,CarrierD,05/03/2024,2024-05-05,2024-05-17,406,0
ORD-100698,SUP-007,Midwest,Office Supplies,CarrierC,2024-05-27,2024-05-30,2024-05-30,442,0
ORD-104139,SUP-014,Midwest,Office Supplies,CarrierD,2024/08/15,2024-08-25,2024-08-25,67,0
ORD-100293,SUP-008,Southwest,Perishables,CarrierA,09/16/2024,2024-09-21,2024-09-26,310,0
ORD-104055,SUP-002,Southeast,Perishables,CarrierC,01/12/2024,2024-01-19,2024-01-26,76,0
ORD-102724,SUP-009,West,Office Supplies,CarrierA,2024-01-15,2024-01-25,2024-01-25,11,0
ORD-102297,SUP-013,Midwest,Electronics,CarrierA,13-Nov-2024,2024-11-18,2024-11-18,276,0
ORD-103788,SUP-010,Northeast,Apparel,CarrierB,06/14/2024,2024-06-17,2024-06-17,360,0
ORD-104041,SUP-013,Midwest,Apparel,CarrierD,28-Dec-2024,2024-12-30,2024-12-30,70,0
ORD-101112,SUP-019,West,Perishables,CarrierA,2024-12-14,2024-12-16,2024-12-15,180,1
ORD-100631,SUP-004,Northeast,Home Goods,CarrierA,2024-08-01,2024-08-04,2024-08-03,479,0
ORD-100212,SUP-008,Northeast,Electronics,CarrierB,2024/08/31,2024-09-05,2024-09-14,190,0
ORD-104054,SUP-017,Southeast,Perishables,CarrierA,09/28/2024,2024-10-03,2024-10-16,102,1
ORD-105564,SUP-013,West,Perishables,CarrierA,2024-03-03,2024-03-10,2024-03-09,44,0
ORD-101609,SUP-010,Northeast,Industrial Parts,CarrierD,03/26/2024,2024-04-02,2024-04-02,151,0
ORD-105960,SUP-010,West,Electronics,CarrierB,04-May-2024,2024-05-09,2024-05-09,2,0
ORD-104498,SUP-015,Southwest,Industrial Parts,CarrierA,2024-10-29,2024-11-01,2024-11-01,212,0
ORD-102376,SUP-014,Southeast,Perishables,CarrierB,2024/08/27,2024-09-03,2024-09-03,335,0
ORD-100198,SUP-018,West,Industrial Parts,CarrierC,08/21/2024,2024-08-31,2024-09-05,287,0
ORD-105492,SUP-017,Southwest,Apparel,CarrierB,2024/10/09,2024-10-16,2024-10-16,467,0
ORD-103781,SUP-005,Northeast,Apparel,CarrierA,2024/04/13,2024-04-18,2024-04-18,128,0
ORD-105990,SUP-019,West,Industrial Parts,CarrierC,2024-01-13,2024-01-23,2024-01-28,479,0
ORD-105378,SUP-010,Southeast,Perishables,CarrierC,03-Jan-2024,2024-01-10,2024-01-09,202,0
ORD-103140,SUP-004,Northeast,Home Goods,CarrierD,2024-09-17,2024-09-19,2024-09-22,60,0
ORD-105219,SUP-015,West,Office Supplies,CarrierD,2024/04/26,2024-05-01,2024-05-11,406,0
ORD-103944,SUP-015,West,Perishables,CarrierC,2024/11/29,2024-12-01,2024-11-30,242,0
ORD-101934,SUP-017,Southeast,Electronics,CarrierD,2024-03-30,2024-04-06,2024-04-06,223,0
ORD-103535,SUP-004,Northeast,Office Supplies,CarrierA,08/29/2024,2024-09-03,2024-09-03,327,0
ORD-100570,SUP-004,Southeast,Perishables,CarrierB,2024/09/24,2024-09-26,2024-09-26,1,0
ORD-103141,SUP-007,Northeast,Home Goods,CarrierC,2024-11-11,2024-11-21,2024-11-21,398,0
ORD-103728,SUP-009,West,Apparel,CarrierD,2024/06/29,2024-07-04,2024-07-04,140,0
ORD-102631,SUP-007,Southeast,,CarrierA,01/18/2024,2024-01-21,2024-01-21,380,0
ORD-100295,SUP-019,Southeast,Industrial Parts,CarrierD,02-Oct-2024,2024-10-05,2024-10-05,216,0
ORD-103171,SUP-004,Midwest,Apparel,CarrierB,12-Nov-2024,2024-11-14,2024-11-14,339,0
ORD-102876,SUP-013,Southwest,Electronics,CarrierC,14-Jun-2024,2024-06-19,2024-06-19,118,0
ORD-104582,SUP-015,Midwest,Perishables,CarrierB,2024-11-01,2024-11-11,2024-11-16,193,0
ORD-104847,SUP-016,Southeast,Perishables,CarrierC,2024-06-07,2024-06-09,,127,0
ORD-104588,SUP-020,Midwest,Home Goods,CarrierC,01/24/2024,2024-01-27,2024-01-27,118,0
ORD-104348,SUP-001,Southwest,Industrial Parts,CarrierB,12/01/2024,2024-12-11,2024-12-12,51,0
ORD-103310,SUP-014,Southeast,Perishables,CarrierD,2024/05/15,2024-05-17,2024-05-21,432,0
ORD-101204,SUP-013,West,Electronics,CarrierD,2024-07-09,2024-07-11,2024-07-11,354,0
ORD-104854,SUP-018,Southeast,Office Supplies,CarrierB,2024/06/28,2024-07-05,2024-07-05,115,0
ORD-100567,SUP-020,West,Perishables,CarrierA,10/25/2024,2024-11-04,2024-11-04,427,0
ORD-102446,SUP-015,Southeast,Office Supplies,CarrierA,2024/01/25,2024-01-28,2024-01-27,226,0
ORD-103000,SUP-003,Northeast,Perishables,CarrierB,06/19/2024,2024-06-22,2024-06-28,112,0
ORD-102439,SUP-002,Midwest,Office Supplies,CarrierB,24-Feb-2024,2024-02-27,2024-03-02,297,0
ORD-105266,SUP-013,West,Electronics,CarrierD,2024-01-27,2024-02-01,2024-02-01,185,0
ORD-104926,SUP-020,Southwest,Apparel,CarrierC,28-Oct-2024,2024-11-02,2024-11-02,257,0
ORD-102085,SUP-003,Midwest,Perishables,CarrierA,02-Mar-2024,2024-03-04,2024-03-10,148,0
ORD-102509,SUP-006,,,CarrierB,01-Jul-2024,2024-07-04,2024-07-03,65,0
ORD-103623,SUP-002,Southwest,Home Goods,CarrierD,2024/05/05,2024-05-08,2024-05-13,440,0
ORD-105816,SUP-012,West,,CarrierD,2024-11-04,2024-11-14,2024-11-25,38,0
ORD-105083,SUP-013,West,Electronics,CarrierD,2024/01/14,2024-01-16,2024-01-16,98,0
ORD-101645,SUP-002,Midwest,Electronics,CarrierB,2024-12-21,2024-12-28,2024-12-31,100,0
ORD-103815,SUP-012,West,Apparel,CarrierC,2024/05/30,2024-06-06,2024-06-06,282,0
ORD-105375,SUP-010,Midwest,Industrial Parts,CarrierA,02/04/2024,2024-02-07,2024-02-06,480,0
ORD-100750,SUP-018,Southeast,,CarrierD,2024/09/05,2024-09-15,2024-09-14,261,0
ORD-101161,SUP-003,Southeast,Office Supplies,CarrierA,2024/05/27,2024-06-01,2024-06-03,60,0
ORD-104001,SUP-016,Southwest,Home Goods,CarrierB,02/10/2024,2024-02-20,2024-02-20,435,0
ORD-102074,SUP-018,Midwest,Office Supplies,CarrierC,2024/11/17,2024-11-19,2024-11-19,431,0
ORD-100277,SUP-009,Southeast,Apparel,CarrierC,04-Aug-2024,2024-08-07,2024-08-07,377,0
ORD-104254,SUP-013,West,Apparel,CarrierA,18-Jun-2024,2024-06-25,2024-06-25,406,0
ORD-101146,SUP-018,Southeast,Apparel,CarrierA,12-Jun-2024,2024-06-19,2024-06-18,30,0
ORD-100294,SUP-013,Southwest,Office Supplies,CarrierA,2024-09-29,2024-10-06,2024-10-09,371,0
ORD-100977,SUP-005,Northeast,Apparel,CarrierC,03/27/2024,2024-03-29,2024-03-29,290,0
ORD-104355,SUP-003,Midwest,Home Goods,CarrierB,20-Mar-2024,2024-03-30,2024-03-30,444,0
ORD-101761,SUP-003,Southeast,Perishables,CarrierB,20-Oct-2024,2024-10-30,2024-11-02,482,0
ORD-103018,SUP-015,West,Office Supplies,CarrierA,2024-07-26,2024-07-28,2024-07-31,484,0
ORD-101168,SUP-003,,Apparel,CarrierC,10/20/2024,2024-10-25,2024-10-25,450,0
ORD-103517,SUP-004,Southwest,Industrial Parts,CarrierA,2024/04/02,2024-04-04,2024-04-03,262,0
ORD-102314,SUP-011,Southwest,Apparel,CarrierC,2024-03-31,2024-04-07,2024-04-07,87,0
ORD-103324,SUP-001,Southeast,Electronics,CarrierB,01/30/2024,2024-02-04,2024-02-13,187,0
ORD-103545,SUP-017,Northeast,Home Goods,CarrierC,12-Dec-2024,2024-12-19,2024-12-26,416,0
ORD-104685,SUP-016,Southeast,,CarrierD,2024-12-20,2024-12-25,2024-12-24,389,0
ORD-101369,SUP-014,Southeast,Home Goods,CarrierB,2024/12/18,2024-12-28,2024-12-28,404,0
ORD-104870,SUP-014,Northeast,Office Supplies,CarrierA,07-Oct-2024,2024-10-12,2024-10-12,218,0
ORD-100904,SUP-017,,Home Goods,CarrierB,2024-09-11,2024-09-13,2024-09-13,31,0
ORD-104163,SUP-006,Southeast,Electronics,CarrierB,01-Jan-2024,2024-01-04,2024-01-04,162,0
ORD-102585,SUP-007,Southwest,Apparel,CarrierB,2024-03-14,2024-03-24,2024-03-26,488,0
ORD-105096,SUP-013,,Electronics,CarrierC,2024/03/13,2024-03-20,2024-03-20,275,0
ORD-105468,SUP-015,West,Apparel,CarrierB,27-Aug-2024,2024-09-03,2024-09-14,119,0
ORD-101314,SUP-009,West,Home Goods,CarrierB,13-Mar-2024,2024-03-18,2024-03-18,398,0
ORD-104085,SUP-009,West,Home Goods,CarrierB,2024/07/07,2024-07-12,2024-07-12,299,0
ORD-103915,SUP-007,Northeast,Home Goods,CarrierD,05/28/2024,2024-05-30,2024-05-30,60,0
ORD-101726,SUP-003,,Home Goods,CarrierD,26-Feb-2024,2024-02-28,2024-02-28,351,0
ORD-102357,SUP-003,West,Office Supplies,CarrierC,10-Mar-2024,2024-03-13,2024-03-13,64,0
ORD-104901,SUP-019,Southeast,Home Goods,CarrierC,2024/10/14,2024-10-19,2024-10-24,305,0
ORD-105402,SUP-002,West,Home Goods,CarrierB,2024/05/26,2024-05-29,2024-05-29,85,0
ORD-105291,SUP-008,Midwest,Apparel,CarrierB,2024/05/17,2024-05-27,2024-05-27,156,0
ORD-104868,SUP-014,Midwest,Perishables,CarrierC,2024-12-06,2024-12-11,2024-12-11,371,0
ORD-105082,SUP-017,Southeast,Office Supplies,CarrierA,2024-09-23,2024-10-03,2024-10-08,150,0
ORD-104430,SUP-011,Southeast,Electronics,CarrierD,2024/05/14,2024-05-21,2024-05-21,434,0
ORD-104680,SUP-005,Southeast,Apparel,CarrierC,12/27/2024,2025-01-03,2025-01-02,333,0
ORD-101397,SUP-001,Northeast,Home Goods,CarrierD,09/03/2024,2024-09-10,2024-09-10,174,0
ORD-101244,SUP-009,Southwest,Apparel,CarrierA,2024/02/06,2024-02-08,2024-02-12,245,0
ORD-100833,SUP-004,Midwest,Office Supplies,CarrierB,2024-01-02,2024-01-09,2024-01-08,331,0
ORD-100149,SUP-018,Southwest,Apparel,CarrierD,19-Oct-2024,2024-10-24,2024-10-24,388,0
ORD-103647,SUP-001,Midwest,Office Supplies,CarrierA,2024/11/27,2024-12-07,2024-12-12,199,0
ORD-102348,SUP-005,Midwest,Home Goods,CarrierA,12/27/2024,2025-01-01,2025-01-01,198,0
ORD-103156,SUP-003,West,Industrial Parts,CarrierD,03/10/2024,2024-03-20,2024-03-20,67,0
ORD-100184,SUP-018,Midwest,Apparel,CarrierB,2024-06-11,2024-06-13,2024-06-13,302,0
ORD-100887,SUP-012,Northeast,Home Goods,CarrierA,21-Jan-2024,2024-01-31,2024-02-03,475,0
ORD-100920,SUP-008,,Apparel,CarrierA,09/25/2024,2024-09-30,2024-10-06,146,0
ORD-101487,SUP-019,Southwest,Perishables,CarrierB,2024/01/25,2024-01-30,2024-01-30,445,0
ORD-102926,SUP-018,West,Office Supplies,CarrierC,13-Jul-2024,2024-07-18,2024-07-28,118,0
ORD-103634,SUP-001,Southwest,Industrial Parts,CarrierB,2024/08/30,2024-09-09,2024-09-15,340,0
ORD-104727,SUP-008,Northeast,Office Supplies,CarrierD,08/06/2024,2024-08-11,2024-08-11,168,0
ORD-105232,SUP-020,Southeast,,CarrierD,2024-07-26,2024-07-28,2024-07-30,428,0
ORD-100672,SUP-001,Southeast,Home Goods,CarrierC,03/22/2024,2024-03-25,2024-04-03,103,0
ORD-101908,SUP-009,West,Home Goods,CarrierC,2024/02/13,2024-02-15,2024-02-14,259,0
ORD-102108,SUP-018,Southwest,Home Goods,CarrierB,26-May-2024,2024-05-29,2024-05-31,311,0
ORD-102035,SUP-011,Southwest,Apparel,CarrierC,2024/08/14,2024-08-24,2024-08-24,166,0
ORD-102231,SUP-012,Midwest,Apparel,CarrierA,2024/03/27,2024-04-06,2024-04-19,472,0
ORD-100264,SUP-005,Southwest,Perishables,CarrierC,27-Jun-2024,2024-07-07,2024-07-07,35,1
ORD-103299,SUP-017,Midwest,Perishables,CarrierA,2024/08/12,2024-08-17,2024-08-18,355,0
ORD-102504,SUP-009,West,Home Goods,CarrierD,04/24/2024,2024-04-26,2024-05-02,349,0
ORD-105448,SUP-013,Southwest,Industrial Parts,CarrierC,02-Dec-2024,2024-12-05,2024-12-04,307,0
ORD-101411,SUP-003,Southwest,Apparel,CarrierA,18-Oct-2024,2024-10-23,2024-10-26,447,0
ORD-105682,SUP-009,Midwest,Home Goods,CarrierB,15-Apr-2024,2024-04-22,2024-05-01,499,0
ORD-103030,SUP-015,West,Office Supplies,CarrierD,2024/09/17,2024-09-19,2024-09-27,384,0
ORD-105783,SUP-004,Northeast,Perishables,CarrierD,21-Aug-2024,2024-08-28,2024-08-31,417,0
ORD-100209,SUP-008,West,,CarrierC,18-Sep-2024,2024-09-28,2024-09-28,133,1
ORD-105985,SUP-016,Northeast,Electronics,CarrierC,2024/08/10,2024-08-17,2024-08-17,29,0
ORD-102250,SUP-011,West,Office Supplies,CarrierA,07-Jun-2024,2024-06-10,2024-06-10,224,0
ORD-102395,SUP-012,West,Office Supplies,CarrierA,2024/01/02,2024-01-12,2024-01-12,264,0
ORD-104799,SUP-009,Northeast,Perishables,CarrierD,09/22/2024,2024-09-25,2024-09-25,63,0
ORD-101500,SUP-015,Southeast,Office Supplies,CarrierD,2024/03/06,2024-03-11,2024-03-15,121,0
ORD-102291,SUP-010,Southwest,Apparel,CarrierA,2024-01-30,2024-02-09,2024-02-08,435,0
ORD-101084,SUP-018,Southeast,Office Supplies,CarrierD,03/11/2024,2024-03-16,2024-03-16,89,0
ORD-101267,SUP-008,Midwest,Home Goods,CarrierA,09/04/2024,2024-09-06,2024-09-12,494,0
ORD-101109,SUP-006,Southeast,Office Supplies,CarrierC,2024-05-01,2024-05-03,2024-05-03,379,0
ORD-103547,SUP-007,Midwest,,CarrierA,2024-03-05,2024-03-07,2024-03-07,319,0
ORD-102749,SUP-005,West,Industrial Parts,CarrierA,2024-12-12,2024-12-22,2024-12-22,111,0
ORD-103454,SUP-009,Southwest,Home Goods,CarrierC,07/05/2024,2024-07-08,2024-07-07,148,1
ORD-104617,SUP-013,Midwest,Office Supplies,CarrierC,17-Oct-2024,2024-10-24,2024-10-24,287,0
ORD-102882,SUP-019,West,Electronics,CarrierC,03-Jul-2024,2024-07-13,2024-07-13,300,0
ORD-103437,SUP-017,Southeast,Office Supplies,CarrierD,2024/04/20,2024-04-22,2024-04-22,244,0
ORD-103322,SUP-010,Northeast,Home Goods,CarrierC,2024-11-18,2024-11-21,2024-11-21,397,0
ORD-103966,SUP-004,Southwest,Industrial Parts,CarrierD,2024-06-03,2024-06-05,2024-06-07,307,0
ORD-100809,SUP-010,Southwest,Apparel,CarrierB,2024-04-13,2024-04-16,2024-04-16,253,0
ORD-103170,SUP-010,Midwest,Industrial Parts,CarrierB,2024-02-03,2024-02-05,2024-02-05,263,0
ORD-103028,SUP-007,Midwest,Office Supplies,CarrierC,2024/12/19,2024-12-26,2024-12-26,365,0
ORD-102875,SUP-007,Northeast,Home Goods,CarrierC,2024-08-05,2024-08-08,2024-08-08,41,0
ORD-103254,SUP-010,Southeast,Home Goods,CarrierA,2024-03-22,2024-03-27,2024-03-27,22,0
ORD-103975,SUP-018,Northeast,,CarrierC,07/27/2024,2024-07-30,2024-07-29,209,0
ORD-103029,SUP-015,West,Office Supplies,CarrierD,2024/05/10,2024-05-12,2024-05-23,225,0
ORD-105938,SUP-018,West,Home Goods,CarrierD,08-Jul-2024,2024-07-15,2024-07-15,299,0
ORD-105621,SUP-020,Southwest,Industrial Parts,CarrierA,01/31/2024,2024-02-03,2024-02-07,101,0
ORD-100051,SUP-001,Northeast,Apparel,CarrierD,12/25/2024,2024-12-30,2024-12-30,315,0
ORD-105765,SUP-007,Northeast,Electronics,CarrierA,2024-02-04,2024-02-09,2024-02-11,444,0
ORD-104465,SUP-003,Southwest,Office Supplies,CarrierD,05/27/2024,2024-06-03,2024-06-03,464,0
ORD-103154,SUP-018,Northeast,Electronics,CarrierC,2024-07-20,2024-07-22,2024-07-25,416,0
ORD-101969,SUP-009,Southwest,Apparel,CarrierC,10/09/2024,2024-10-11,2024-10-19,143,0
ORD-102713,SUP-012,West,Office Supplies,CarrierA,2024-05-31,2024-06-05,2024-06-05,291,0
ORD-101362,SUP-008,Southeast,Perishables,CarrierD,12/10/2024,2024-12-20,2024-12-19,177,0
ORD-101514,SUP-015,Southwest,Perishables,CarrierC,06/02/2024,2024-06-09,2024-06-17,189,1
ORD-102152,SUP-018,Northeast,Perishables,CarrierD,2024-11-16,2024-11-21,2024-11-20,170,0
ORD-105317,SUP-005,West,Apparel,CarrierC,2024-10-28,2024-11-02,2024-11-02,271,0
ORD-100112,SUP-017,Southwest,Office Supplies,CarrierD,2024/11/14,2024-11-24,2024-11-24,198,0
ORD-105196,SUP-002,West,Industrial Parts,CarrierB,2024-04-16,2024-04-26,2024-05-04,373,0
ORD-100168,SUP-016,West,Electronics,CarrierB,07-May-2024,2024-05-10,2024-05-10,161,0
ORD-102322,SUP-012,West,Electronics,CarrierB,12/11/2024,2024-12-21,2024-12-29,63,0
ORD-104857,SUP-007,West,Office Supplies,CarrierA,2024-10-05,2024-10-08,2024-10-07,84,0
ORD-104655,SUP-001,Southwest,Electronics,CarrierA,19-May-2024,2024-05-24,2024-05-24,345,0
ORD-105298,SUP-019,Southeast,Electronics,CarrierB,06-Jan-2024,2024-01-11,2024-01-18,253,0
ORD-102602,SUP-009,Midwest,Industrial Parts,CarrierC,11/10/2024,2024-11-15,,353,0
ORD-104906,SUP-010,Midwest,Industrial Parts,CarrierB,2024-11-15,2024-11-25,2024-11-25,274,0
ORD-104256,SUP-015,Midwest,Electronics,CarrierD,09/12/2024,2024-09-15,2024-09-15,423,0
ORD-101245,SUP-012,Southeast,Apparel,CarrierD,2024-08-31,2024-09-05,2024-09-07,139,0
ORD-101354,SUP-018,West,Industrial Parts,CarrierA,2024-01-27,2024-02-03,2024-02-04,51,0
ORD-103758,SUP-011,Midwest,Electronics,CarrierC,2024-04-08,2024-04-10,2024-04-10,246,0
ORD-104235,SUP-012,Northeast,Home Goods,CarrierD,2024/09/28,2024-10-05,2024-10-04,74,0
ORD-101157,SUP-010,Southwest,Home Goods,CarrierC,13-Sep-2024,2024-09-18,2024-09-18,5,0
ORD-103537,SUP-012,Midwest,Apparel,CarrierD,2024/06/29,2024-07-06,2024-07-05,284,0
ORD-105189,SUP-011,Midwest,Perishables,CarrierA,26-Mar-2024,2024-04-02,2024-04-02,159,0
ORD-103326,SUP-004,Southwest,Industrial Parts,CarrierC,23-Nov-2024,2024-11-30,2024-12-02,452,0
ORD-104674,SUP-008,Southwest,Apparel,CarrierC,2024-01-19,2024-01-26,2024-01-26,20,0
ORD-100666,SUP-020,Northeast,Industrial Parts,CarrierA,2024/10/31,2024-11-10,2024-11-10,239,0
ORD-101115,SUP-019,Midwest,Industrial Parts,CarrierB,27-Nov-2024,2024-11-29,2024-11-28,288,0
ORD-102483,SUP-020,Midwest,Perishables,CarrierD,2024-09-25,2024-09-28,2024-10-02,94,0
ORD-100853,SUP-003,Southwest,Electronics,CarrierB,15-Mar-2024,2024-03-17,2024-03-20,94,0
ORD-104657,SUP-010,West,Electronics,CarrierD,2024-02-25,2024-03-06,2024-03-06,5,0
ORD-104435,SUP-017,Southeast,Electronics,CarrierB,11/29/2024,2024-12-06,2024-12-08,276,0
ORD-105544,SUP-009,West,Perishables,CarrierC,2024/10/16,2024-10-26,2024-10-26,124,0
ORD-102258,SUP-020,,Home Goods,CarrierD,2024/12/26,2024-12-29,2024-12-29,184,0
ORD-103899,SUP-006,Southwest,Apparel,CarrierA,2024/12/16,2024-12-23,2024-12-24,325,0
ORD-100053,SUP-005,West,Perishables,CarrierB,06-Nov-2024,2024-11-08,2024-11-08,51,0
ORD-104061,SUP-010,Southeast,Industrial Parts,CarrierB,2024/03/09,2024-03-12,2024-03-12,443,0
ORD-105458,SUP-012,Midwest,Office Supplies,CarrierA,08/30/2024,2024-09-01,2024-09-01,296,0
ORD-102177,SUP-003,Southeast,Perishables,CarrierD,01/17/2024,2024-01-19,2024-01-23,91,1
ORD-105496,SUP-001,Midwest,Electronics,CarrierC,2024-08-08,2024-08-15,2024-08-15,188,0
ORD-105553,SUP-006,Northeast,Industrial Parts,CarrierD,2024/11/10,2024-11-13,2024-11-12,124,0
ORD-103700,SUP-009,Southeast,Electronics,CarrierB,2024/09/19,2024-09-26,2024-09-25,177,0
ORD-102552,SUP-001,Southwest,Industrial Parts,CarrierA,02/24/2024,2024-02-27,2024-02-29,302,0
ORD-104911,SUP-017,West,Office Supplies,CarrierD,2024-01-12,2024-01-14,2024-01-14,217,0
ORD-102841,SUP-001,Southwest,Industrial Parts,CarrierA,2024-04-25,2024-05-02,2024-05-05,313,0
ORD-101212,SUP-007,Northeast,Home Goods,CarrierB,07/22/2024,2024-07-24,2024-07-24,29,0
ORD-104263,SUP-003,Southwest,Perishables,CarrierC,07-Oct-2024,2024-10-10,2024-10-12,274,0
ORD-103145,SUP-020,Midwest,Perishables,CarrierA,2024/01/05,2024-01-08,2024-01-13,433,0
ORD-104448,SUP-008,Southwest,Perishables,CarrierA,2024-07-11,2024-07-13,2024-07-14,456,0
ORD-105364,SUP-001,West,Apparel,CarrierC,2024/04/23,2024-04-28,2024-04-28,490,0
ORD-103848,SUP-004,West,Industrial Parts,CarrierA,07/22/2024,2024-07-27,2024-07-27,126,0
ORD-103994,SUP-013,West,Apparel,CarrierB,15-Aug-2024,2024-08-18,2024-08-17,149,0
ORD-105762,SUP-018,Southwest,Electronics,CarrierD,2024-07-28,2024-07-31,2024-07-31,32,0
ORD-104585,SUP-003,West,Apparel,CarrierD,2024/05/03,2024-05-08,2024-05-08,298,0
ORD-103591,SUP-010,Southeast,Electronics,CarrierD,2024-04-27,2024-05-04,2024-05-03,442,0
ORD-105741,SUP-020,Midwest,Industrial Parts,CarrierD,2024-09-16,2024-09-23,2024-09-30,234,0
ORD-102765,SUP-009,Midwest,Perishables,CarrierB,30-Jul-2024,2024-08-04,2024-08-04,316,0
ORD-100515,SUP-010,Northeast,Apparel,CarrierA,02/25/2024,2024-02-28,2024-02-27,230,0
ORD-105548,SUP-006,Northeast,Electronics,CarrierB,2024-01-16,2024-01-21,2024-01-21,258,0
ORD-102709,SUP-013,Southwest,Industrial Parts,CarrierC,2024/08/20,2024-08-30,2024-09-05,133,0
ORD-100356,SUP-019,Midwest,Industrial Parts,CarrierC,2024-01-05,2024-01-08,2024-01-08,388,0
ORD-105537,SUP-014,Southeast,Apparel,CarrierD,2024/01/23,2024-01-28,2024-01-28,422,0
ORD-102710,SUP-013,West,Perishables,CarrierC,13-Oct-2024,2024-10-23,2024-11-02,269,0
ORD-100529,SUP-007,Southeast,Electronics,CarrierB,07/16/2024,2024-07-26,2024-07-26,110,0
ORD-103320,SUP-001,West,Electronics,CarrierB,09/08/2024,2024-09-15,2024-09-15,331,0
ORD-100059,SUP-010,Northeast,Industrial Parts,CarrierD,2024/06/16,2024-06-19,2024-06-19,235,0
ORD-100948,SUP-012,Northeast,Industrial Parts,CarrierA,05/27/2024,2024-06-03,2024-06-08,229,0
ORD-105200,SUP-013,West,Apparel,CarrierD,2024/03/02,2024-03-04,2024-03-07,72,0
ORD-100281,SUP-011,Southeast,Industrial Parts,CarrierC,2024/01/29,2024-01-31,2024-01-31,364,0
ORD-103348,SUP-002,West,Home Goods,CarrierB,03/11/2024,2024-03-21,2024-03-21,46,0
ORD-101629,SUP-020,Southwest,Apparel,CarrierC,2024-08-27,2024-08-30,2024-09-01,161,0
ORD-102782,SUP-005,Southwest,Apparel,CarrierB,2024/04/16,2024-04-19,2024-04-19,277,0
ORD-104180,SUP-001,Southeast,Apparel,CarrierD,04-Apr-2024,2024-04-07,2024-04-09,74,0
ORD-104681,SUP-013,,Perishables,CarrierC,2024-11-05,2024-11-10,2024-11-18,124,0
ORD-105185,SUP-015,Southwest,Industrial Parts,CarrierA,02/14/2024,2024-02-24,2024-02-25,174,0
ORD-100451,SUP-020,Southwest,Industrial Parts,CarrierC,2024/04/19,2024-04-21,2024-04-21,378,0
ORD-103575,SUP-019,Southeast,Office Supplies,CarrierC,10-Jun-2024,2024-06-17,2024-06-17,478,0
ORD-102732,SUP-012,Northeast,Electronics,CarrierD,2024/12/19,2024-12-21,2024-12-21,319,0
ORD-104756,SUP-007,Southwest,Perishables,CarrierC,2024/09/22,2024-10-02,2024-10-02,86,0
ORD-101276,SUP-008,Midwest,Office Supplies,CarrierD,2024-06-06,2024-06-09,2024-06-09,30,0
ORD-101283,SUP-012,Southwest,Electronics,CarrierD,12/27/2024,2024-12-29,2025-01-10,300,0
ORD-104047,SUP-013,West,Apparel,CarrierD,11/30/2024,2024-12-07,2024-12-07,424,0
ORD-105697,SUP-013,Southeast,Apparel,CarrierD,2024-08-21,2024-08-23,2024-08-26,440,0
ORD-101530,SUP-013,Midwest,Home Goods,CarrierB,06-Feb-2024,2024-02-16,2024-02-20,182,0
ORD-104033,SUP-006,Southeast,Electronics,CarrierA,30-Mar-2024,2024-04-02,2024-04-06,87,0
ORD-100805,SUP-006,Southeast,Perishables,CarrierC,23-Jul-2024,2024-07-25,2024-07-25,471,0
ORD-105757,SUP-008,Midwest,Home Goods,CarrierD,2024-10-06,2024-10-11,2024-10-16,409,1
ORD-101529,SUP-017,Northeast,Home Goods,CarrierA,29-Jun-2024,2024-07-04,2024-07-04,301,0
ORD-102554,SUP-008,Midwest,Perishables,CarrierB,2024/09/16,2024-09-26,2024-09-26,297,0
ORD-103749,SUP-003,Southeast,Office Supplies,CarrierB,27-Apr-2024,2024-05-07,2024-05-13,475,0
ORD-104815,SUP-011,Midwest,Home Goods,CarrierC,08/02/2024,2024-08-05,2024-08-05,375,0
ORD-100049,SUP-017,Northeast,Electronics,CarrierA,2024-10-24,2024-10-31,2024-11-05,390,0
ORD-102691,SUP-009,Southwest,Apparel,CarrierA,13-Oct-2024,2024-10-18,2024-10-17,86,0
ORD-103054,SUP-013,Midwest,Industrial Parts,CarrierD,2024/12/25,2024-12-30,2024-12-30,370,0
ORD-100801,SUP-011,Southwest,Apparel,CarrierB,2024-09-12,2024-09-17,2024-09-17,146,0
ORD-105875,SUP-013,Southeast,Home Goods,CarrierB,04/08/2024,2024-04-18,2024-04-18,136,0
ORD-101367,SUP-015,Southwest,Industrial Parts,CarrierC,04/28/2024,2024-05-08,2024-05-08,13,0
ORD-100424,SUP-012,Midwest,Office Supplies,CarrierD,2024/04/19,2024-04-26,2024-04-25,125,0
ORD-105844,SUP-009,Northeast,,CarrierD,10-Aug-2024,2024-08-12,2024-08-11,422,0
ORD-100000,SUP-001,Midwest,Perishables,CarrierC,09/17/2024,2024-09-19,2024-09-21,346,0
ORD-104568,SUP-015,West,Perishables,CarrierC,08/30/2024,2024-09-01,2024-09-01,162,0
ORD-102034,SUP-002,Southwest,Office Supplies,CarrierC,12/04/2024,2024-12-09,2024-12-24,464,0
ORD-101269,SUP-008,Midwest,Electronics,CarrierD,18-Oct-2024,2024-10-21,2024-10-21,184,0
ORD-100176,SUP-019,Southeast,Office Supplies,CarrierA,2024/08/13,2024-08-23,2024-08-23,156,0
ORD-105434,SUP-006,Midwest,Industrial Parts,CarrierB,2024/09/10,2024-09-15,2024-09-18,321,0
ORD-100512,SUP-007,Southeast,Home Goods,CarrierD,2024/12/07,2024-12-17,2024-12-23,26,0
ORD-101286,SUP-010,Southeast,Electronics,CarrierB,2024/05/02,2024-05-05,2024-05-05,351,0
ORD-101462,SUP-003,Southeast,Electronics,CarrierB,12-Jan-2024,2024-01-19,2024-01-21,492,0
ORD-102409,SUP-010,Midwest,Electronics,CarrierA,2024-08-14,2024-08-19,2024-08-18,144,0
ORD-105482,SUP-018,Southeast,Industrial Parts,CarrierA,2024-03-27,2024-03-30,2024-04-02,40,0
ORD-102384,SUP-005,Southeast,Perishables,CarrierD,11/04/2024,2024-11-11,2024-11-10,26,0
ORD-100766,SUP-006,Midwest,Industrial Parts,CarrierD,2024/01/27,2024-02-06,2024-02-06,192,0
ORD-101348,SUP-015,West,Home Goods,CarrierC,13-Jul-2024,2024-07-16,2024-07-15,394,0
ORD-103785,SUP-011,Southeast,Industrial Parts,CarrierC,07-Sep-2024,2024-09-17,2024-09-17,427,0
ORD-102482,SUP-019,Southwest,Office Supplies,CarrierD,24-Mar-2024,2024-03-31,2024-03-30,16,0
ORD-101054,SUP-007,Southwest,Industrial Parts,CarrierD,2024-07-28,2024-08-04,2024-08-04,441,0
ORD-105666,SUP-019,Northeast,Office Supplies,CarrierD,2024/01/17,2024-01-27,2024-01-27,378,0
ORD-105273,SUP-013,Midwest,Home Goods,CarrierA,16-May-2024,2024-05-19,2024-05-19,250,0
ORD-102455,SUP-011,West,Industrial Parts,CarrierC,12/23/2024,2025-01-02,2025-01-02,232,0
ORD-100532,SUP-015,Northeast,Industrial Parts,CarrierD,2024-05-02,2024-05-04,2024-05-06,464,0
ORD-105356,SUP-011,Southwest,Electronics,CarrierA,10/04/2024,2024-10-11,,408,0
ORD-105403,SUP-007,Northeast,Perishables,CarrierA,2024/05/27,2024-06-01,2024-06-01,149,0
ORD-105473,SUP-013,Southeast,,CarrierB,2024/02/12,2024-02-22,2024-02-24,366,0
ORD-100380,SUP-018,Southeast,Office Supplies,CarrierD,11-Jun-2024,2024-06-13,2024-06-16,363,0
ORD-101866,SUP-004,Northeast,Office Supplies,CarrierA,2024-11-03,2024-11-05,2024-11-05,179,0
ORD-105490,SUP-006,Northeast,Perishables,CarrierD,11/28/2024,2024-12-01,2024-12-04,396,0
ORD-103346,SUP-015,Southwest,Apparel,CarrierB,18-Sep-2024,2024-09-28,2024-09-28,416,0
ORD-102681,SUP-015,Northeast,Perishables,CarrierB,01/03/2024,2024-01-06,2024-01-07,89,0
ORD-105153,SUP-004,Southeast,Industrial Parts,CarrierD,12-Aug-2024,2024-08-22,2024-08-26,12,0
ORD-100930,SUP-003,Midwest,Industrial Parts,CarrierC,2024/07/21,2024-07-26,2024-08-01,497,0
ORD-102626,SUP-020,Southwest,Perishables,CarrierC,2024/02/04,2024-02-11,2024-02-13,387,0
ORD-102526,SUP-014,West,Apparel,CarrierA,2024/06/20,2024-06-22,2024-06-22,357,0
ORD-102860,SUP-006,Southeast,Perishables,CarrierB,2024/07/23,2024-08-02,2024-08-08,272,0
ORD-105092,SUP-014,West,Home Goods,CarrierB,2024-06-18,2024-06-21,2024-06-21,5,1
ORD-100419,SUP-012,Midwest,Office Supplies,CarrierD,2024-01-12,2024-01-15,2024-01-20,144,0
ORD-103714,SUP-009,Midwest,Home Goods,CarrierB,18-Jun-2024,2024-06-28,2024-06-28,424,0
ORD-101480,SUP-020,Northeast,,CarrierB,08-Feb-2024,2024-02-10,2024-02-10,218,0
ORD-101059,SUP-011,West,Perishables,CarrierC,08/06/2024,2024-08-09,2024-08-08,308,0
ORD-101970,SUP-008,Southwest,Electronics,CarrierC,28-Jan-2024,2024-02-07,2024-02-13,41,0
ORD-104176,SUP-005,Southwest,Home Goods,CarrierA,11/10/2024,2024-11-13,2024-11-13,325,0
ORD-100073,SUP-019,West,Industrial Parts,CarrierA,03/09/2024,2024-03-16,2024-03-16,140,0
ORD-103173,SUP-001,Southwest,Electronics,CarrierB,08/16/2024,2024-08-23,2024-08-27,208,0
ORD-102604,SUP-013,Southeast,Home Goods,CarrierA,2024-06-22,2024-06-27,2024-06-27,273,0
ORD-102880,SUP-011,West,Home Goods,CarrierB,2024/05/16,2024-05-19,2024-05-18,437,0
ORD-101252,SUP-017,West,Home Goods,CarrierD,06/23/2024,2024-06-30,2024-07-11,309,0
ORD-104394,SUP-012,Southeast,Home Goods,CarrierD,2024-08-16,2024-08-21,2024-08-22,495,0
ORD-101894,SUP-002,Southwest,Electronics,CarrierB,12-Jan-2024,2024-01-17,2024-01-19,130,0
ORD-102598,SUP-009,Southeast,Office Supplies,CarrierC,13-Jul-2024,2024-07-18,2024-07-18,316,0
ORD-101864,SUP-006,Midwest,Industrial Parts,CarrierC,2024-02-21,2024-03-02,2024-03-02,42,0
ORD-101461,SUP-018,West,Perishables,CarrierD,2024/06/09,2024-06-14,2024-06-14,459,0
ORD-104603,SUP-010,Southeast,Industrial Parts,CarrierA,2024/12/19,2024-12-29,2024-12-29,367,0
ORD-101181,SUP-003,Southwest,Industrial Parts,CarrierD,07-Jul-2024,2024-07-17,2024-07-24,199,0
ORD-105505,SUP-008,Midwest,Perishables,CarrierC,15-Nov-2024,2024-11-18,2024-11-17,191,0
ORD-100488,SUP-007,West,Home Goods,CarrierD,27-Oct-2024,2024-11-06,2024-11-06,396,0
ORD-101124,SUP-006,West,Industrial Parts,CarrierB,2024-10-28,2024-10-30,2024-10-30,462,0
ORD-101257,SUP-019,Midwest,Electronics,CarrierA,2024-04-30,2024-05-03,2024-05-03,400,0
ORD-101541,SUP-011,West,Office Supplies,CarrierD,2024-02-09,2024-02-14,2024-02-14,31,0
ORD-100388,SUP-011,Midwest,Office Supplies,CarrierC,2024-09-30,2024-10-05,2024-10-05,481,0
ORD-103065,SUP-008,West,Office Supplies,CarrierC,2024-09-23,2024-09-25,2024-10-01,206,0
ORD-103919,SUP-001,Southeast,,CarrierA,2024/09/06,2024-09-11,2024-09-11,372,0
ORD-105572,SUP-001,Midwest,Perishables,CarrierA,08-Jan-2024,2024-01-10,2024-01-24,65,0
ORD-102211,SUP-013,West,Office Supplies,CarrierD,2024-03-12,2024-03-22,2024-03-21,195,0
ORD-101290,SUP-009,Southwest,Home Goods,CarrierA,06/02/2024,2024-06-04,2024-06-03,342,0
ORD-102510,SUP-009,West,Industrial Parts,CarrierA,2024-04-03,2024-04-06,2024-04-08,17,0
ORD-102995,SUP-008,West,Industrial Parts,CarrierD,2024/10/10,2024-10-17,2024-10-16,227,0
ORD-105802,SUP-008,Midwest,Office Supplies,CarrierB,08/15/2024,2024-08-22,2024-08-28,337,0
ORD-100455,SUP-018,Southeast,Electronics,CarrierD,2024-01-04,2024-01-09,2024-01-09,181,0
ORD-100815,SUP-013,Southeast,Perishables,CarrierC,2024/06/10,2024-06-12,2024-06-12,487,0
ORD-101086,SUP-020,Northeast,Electronics,CarrierD,29-Apr-2024,2024-05-09,2024-05-08,201,0
ORD-102920,SUP-018,Northeast,Apparel,CarrierC,2024-02-13,2024-02-16,2024-02-15,301,0
ORD-102638,SUP-011,Southeast,Apparel,CarrierA,26-Nov-2024,2024-12-03,2024-12-03,209,0
ORD-103130,SUP-006,Midwest,Industrial Parts,CarrierC,10-Sep-2024,2024-09-15,2024-09-15,360,0
ORD-105939,SUP-009,Southwest,Home Goods,CarrierD,03/12/2024,2024-03-17,2024-03-26,76,0
ORD-105613,SUP-009,West,Office Supplies,CarrierD,11/29/2024,2024-12-02,2024-12-02,470,0
ORD-101279,SUP-009,Midwest,Perishables,CarrierC,2024/06/07,2024-06-14,2024-06-14,423,0
ORD-104700,SUP-010,Midwest,Home Goods,CarrierA,15-Dec-2024,2024-12-17,2024-12-16,329,0
ORD-101429,SUP-016,Midwest,Electronics,CarrierB,20-Jan-2024,2024-01-27,2024-01-30,494,0
ORD-102777,SUP-019,West,Electronics,CarrierD,2024-03-01,2024-03-06,2024-03-05,132,0
ORD-102222,SUP-018,Southeast,Home Goods,CarrierD,07/23/2024,2024-07-28,2024-08-03,386,0
ORD-100352,SUP-004,Southwest,Electronics,CarrierC,2024-10-04,2024-10-06,2024-10-06,81,0
ORD-104419,SUP-019,Midwest,Office Supplies,CarrierD,07/29/2024,2024-08-01,2024-08-01,384,0
ORD-103719,SUP-010,Northeast,Industrial Parts,CarrierB,15-Sep-2024,2024-09-22,2024-09-22,306,0
ORD-103389,SUP-002,West,Electronics,CarrierC,2024/06/11,2024-06-16,2024-06-15,166,0
ORD-103873,SUP-009,Midwest,Industrial Parts,CarrierC,21-Apr-2024,2024-05-01,2024-05-06,301,0
ORD-102082,SUP-019,Southeast,Perishables,CarrierB,20-Feb-2024,2024-02-22,2024-02-22,368,0
ORD-101203,SUP-008,Midwest,Office Supplies,CarrierA,24-Feb-2024,2024-03-02,2024-03-02,304,0
ORD-101405,SUP-006,Southwest,Home Goods,CarrierA,2024-05-05,2024-05-07,2024-05-07,174,0
ORD-105806,SUP-015,Southwest,Apparel,CarrierA,29-Mar-2024,2024-04-08,2024-04-10,406,0
ORD-101699,SUP-002,Southwest,Apparel,CarrierA,25-Aug-2024,2024-08-28,2024-08-30,95,1
ORD-101705,SUP-019,Midwest,Office Supplies,CarrierD,06/29/2024,2024-07-02,2024-07-02,476,0
ORD-102913,SUP-006,West,Office Supplies,CarrierD,2024/10/18,2024-10-20,2024-10-25,494,0
ORD-104718,SUP-020,Southeast,Perishables,CarrierC,2024/02/11,2024-02-13,2024-02-18,329,0
ORD-101274,SUP-009,Southwest,Electronics,CarrierD,2024/09/19,2024-09-29,2024-09-28,281,0
ORD-102207,SUP-009,West,Electronics,CarrierD,10-Aug-2024,2024-08-17,2024-08-17,404,0
ORD-100163,SUP-017,Midwest,Office Supplies,CarrierD,02/24/2024,2024-03-05,2024-03-05,482,1
ORD-102047,SUP-012,Northeast,Electronics,CarrierA,28-May-2024,2024-06-04,2024-06-04,144,0
ORD-104914,SUP-019,Southwest,Perishables,CarrierC,01-Feb-2024,2024-02-06,2024-02-06,68,0
ORD-103280,SUP-002,Midwest,Electronics,CarrierC,2024-04-17,2024-04-24,2024-05-02,103,0
ORD-103360,SUP-016,Southwest,Electronics,CarrierD,02-Jul-2024,2024-07-07,2024-07-06,64,0
ORD-103688,SUP-015,Southwest,Industrial Parts,CarrierD,30-Apr-2024,2024-05-03,2024-05-11,474,0
ORD-105615,SUP-001,West,Industrial Parts,CarrierA,2024/06/09,2024-06-19,2024-06-19,278,0
ORD-100408,SUP-014,Midwest,Perishables,CarrierC,12/29/2024,2025-01-01,2025-01-01,381,0
ORD-104238,SUP-004,Southeast,Office Supplies,CarrierC,2024-04-13,2024-04-23,2024-04-28,51,0
ORD-104118,SUP-001,Southeast,Electronics,CarrierD,08-Jan-2024,2024-01-10,2024-01-11,147,0
ORD-105178,SUP-005,Southeast,Office Supplies,CarrierA,10/06/2024,2024-10-11,2024-10-11,55,0
ORD-100641,SUP-016,Southwest,Industrial Parts,CarrierB,04/11/2024,2024-04-18,2024-04-18,198,0
ORD-104800,SUP-008,West,Electronics,CarrierA,2024/05/28,2024-06-02,2024-06-02,251,0
ORD-101343,SUP-006,,Office Supplies,CarrierC,2024/01/13,2024-01-16,2024-01-19,277,0
ORD-104480,SUP-001,Southwest,Home Goods,CarrierC,2024-11-20,2024-11-27,2024-11-27,320,0
ORD-100888,SUP-020,Northeast,Home Goods,CarrierD,04-Jul-2024,2024-07-06,2024-07-06,486,0
ORD-101557,SUP-019,Southeast,Industrial Parts,CarrierB,04/16/2024,2024-04-18,2024-04-21,397,0
ORD-101085,SUP-017,West,Electronics,CarrierC,2024-03-09,2024-03-14,2024-03-13,321,0
ORD-103927,SUP-001,West,Perishables,CarrierA,04/02/2024,2024-04-09,2024-04-14,287,0
ORD-100531,SUP-004,Northeast,Home Goods,CarrierB,06-Sep-2024,2024-09-11,2024-09-18,56,0
ORD-103008,SUP-006,Northeast,Industrial Parts,CarrierD,2024-08-02,2024-08-05,2024-08-04,183,0
ORD-102447,SUP-004,Southwest,Industrial Parts,CarrierD,18-Aug-2024,2024-08-23,2024-08-25,13,0
ORD-105994,SUP-009,Southwest,Electronics,CarrierC,11/19/2024,2024-11-22,2024-11-22,431,0
ORD-102767,SUP-015,Southeast,Industrial Parts,CarrierD,2024-02-04,2024-02-11,2024-02-14,236,0
ORD-101671,SUP-006,Northeast,Home Goods,CarrierB,2024/02/23,2024-02-26,2024-02-29,87,1
ORD-102109,SUP-006,Northeast,Electronics,CarrierD,08-May-2024,2024-05-11,2024-05-16,56,0
ORD-101148,SUP-006,Midwest,Perishables,CarrierD,05/24/2024,2024-05-26,2024-05-31,152,0
ORD-103166,SUP-005,Midwest,Office Supplies,CarrierC,06/01/2024,2024-06-08,2024-06-07,252,0
ORD-100266,SUP-019,Southeast,Industrial Parts,CarrierA,03/03/2024,2024-03-13,2024-03-12,179,0
ORD-103763,SUP-003,West,Home Goods,CarrierA,11/15/2024,2024-11-18,2024-11-18,419,0
ORD-105927,SUP-016,Southeast,Home Goods,CarrierC,08/11/2024,2024-08-16,2024-08-16,219,0
ORD-103736,SUP-015,Midwest,,CarrierA,2024/09/05,2024-09-10,2024-09-14,451,0
ORD-100360,SUP-020,Southwest,Electronics,CarrierA,2024-01-08,2024-01-18,2024-01-20,97,0
ORD-101460,SUP-018,Northeast,Electronics,CarrierC,2024-03-15,2024-03-20,2024-03-20,40,0
ORD-103421,SUP-007,Southeast,Home Goods,CarrierC,2024-07-14,2024-07-19,2024-07-19,371,1
ORD-100952,SUP-016,Southeast,Perishables,CarrierD,2024-08-16,2024-08-23,2024-08-23,324,0
ORD-102160,SUP-007,West,Industrial Parts,CarrierB,2024/02/22,2024-03-03,2024-03-02,175,0
ORD-105976,SUP-020,West,Home Goods,CarrierB,2024-08-29,2024-09-01,2024-08-31,365,0
ORD-101574,SUP-012,Southwest,Office Supplies,CarrierC,2024/01/05,2024-01-10,2024-01-17,320,0
ORD-105398,SUP-007,Southwest,Electronics,CarrierB,2024/02/16,2024-02-23,2024-03-02,436,0
ORD-103337,SUP-003,Southwest,Electronics,CarrierB,2024-11-01,2024-11-08,2024-11-13,232,0
ORD-101842,SUP-001,West,Perishables,CarrierB,05-Sep-2024,2024-09-15,2024-09-21,403,0
ORD-102208,SUP-005,Southeast,Apparel,CarrierD,2024-10-14,2024-10-19,2024-10-19,328,0
ORD-102979,SUP-002,Northeast,Industrial Parts,CarrierC,04/10/2024,2024-04-13,2024-04-16,70,0
ORD-103436,SUP-015,West,Electronics,CarrierB,2024/03/19,2024-03-24,2024-03-27,354,0
ORD-105058,SUP-020,Midwest,Electronics,CarrierC,05-Jan-2024,2024-01-12,2024-01-18,394,0
ORD-100754,SUP-007,Southeast,Apparel,CarrierC,27-Sep-2024,2024-10-02,2024-10-01,281,0
ORD-101378,SUP-005,Northeast,Apparel,CarrierA,17-Dec-2024,2024-12-22,2024-12-21,79,0
ORD-100980,SUP-010,Southwest,Office Supplies,CarrierB,2024/05/16,2024-05-23,2024-05-23,344,0
ORD-102100,SUP-011,West,Home Goods,CarrierA,19-Dec-2024,2024-12-24,2024-12-24,68,0
ORD-100286,SUP-003,Midwest,Perishables,CarrierD,2024/02/06,2024-02-11,,315,1
ORD-103533,SUP-010,Southeast,Perishables,CarrierD,2024-07-02,2024-07-07,2024-07-06,311,0
ORD-103088,SUP-012,West,Office Supplies,CarrierA,01/30/2024,2024-02-04,,457,0
ORD-101154,SUP-010,West,Industrial Parts,CarrierC,2024/12/08,2024-12-13,2024-12-13,204,0
ORD-101511,SUP-006,Northeast,Apparel,CarrierA,2024-07-22,2024-07-25,2024-07-24,114,0
ORD-104231,SUP-001,West,Perishables,CarrierC,01-May-2024,2024-05-06,2024-05-05,477,0
ORD-103261,SUP-007,Midwest,Apparel,CarrierC,2024-05-22,2024-05-27,2024-05-27,84,0
ORD-104869,SUP-006,West,Apparel,CarrierB,15-Mar-2024,2024-03-20,2024-03-19,328,0
ORD-102191,SUP-011,West,Industrial Parts,CarrierA,2024/01/13,2024-01-15,2024-01-15,98,0
ORD-100211,SUP-019,Midwest,Apparel,CarrierA,19-Jul-2024,2024-07-22,2024-07-26,223,0
ORD-105313,SUP-014,West,Electronics,CarrierD,2024/10/30,2024-11-06,2024-11-08,222,0
ORD-103164,SUP-015,West,Electronics,CarrierB,07-Jul-2024,2024-07-14,2024-07-14,228,0
ORD-100274,SUP-012,West,Electronics,CarrierA,2024/09/19,2024-09-26,2024-09-25,174,0
ORD-100088,SUP-014,Northeast,Office Supplies,CarrierC,13-Jun-2024,2024-06-23,2024-06-23,471,0
ORD-102798,SUP-004,Southeast,Perishables,CarrierC,25-Nov-2024,2024-11-30,2024-12-11,60,0
ORD-102324,SUP-004,Midwest,Electronics,CarrierB,2024/04/09,2024-04-16,2024-04-21,399,0
ORD-100298,SUP-008,Midwest,Office Supplies,CarrierC,06/12/2024,2024-06-22,2024-06-22,208,0
ORD-104663,SUP-005,Midwest,Perishables,CarrierA,01/30/2024,2024-02-09,2024-02-09,257,0
ORD-103674,SUP-006,Southeast,Office Supplies,CarrierC,2024-11-06,2024-11-16,2024-11-16,104,0
ORD-105535,SUP-015,West,Perishables,CarrierD,24-Mar-2024,2024-03-29,2024-03-30,336,0
ORD-103776,SUP-012,Southeast,Apparel,CarrierC,01-May-2024,2024-05-06,2024-05-12,248,0
ORD-105073,SUP-015,Northeast,Office Supplies,CarrierD,2024/04/11,2024-04-21,2024-04-20,135,0
ORD-100315,SUP-007,Northeast,Perishables,CarrierB,07/20/2024,2024-07-27,2024-07-26,166,0
ORD-105429,SUP-014,Northeast,Electronics,CarrierB,08/23/2024,2024-08-25,2024-08-25,66,0
ORD-102151,SUP-006,Southwest,Industrial Parts,CarrierB,2024-11-29,2024-12-04,2024-12-04,321,0
ORD-103288,SUP-009,West,Apparel,CarrierB,2024/07/24,2024-08-03,2024-08-03,176,0
ORD-103117,SUP-007,West,Electronics,CarrierC,2024/01/20,2024-01-25,2024-01-25,382,0
ORD-105652,SUP-012,Southeast,Apparel,CarrierA,2024/05/28,2024-06-07,2024-06-06,232,0
ORD-102020,SUP-004,Midwest,Perishables,CarrierC,2024/09/14,2024-09-24,2024-09-24,326,0
ORD-105270,SUP-013,Northeast,Apparel,CarrierC,08/18/2024,2024-08-28,2024-08-28,138,0
ORD-102974,SUP-017,Southwest,Apparel,CarrierB,2024/08/08,2024-08-10,2024-08-15,484,0
ORD-101275,SUP-017,West,Electronics,CarrierC,2024-08-24,2024-08-26,2024-08-29,173,0
ORD-102413,SUP-018,West,Perishables,CarrierB,09/03/2024,2024-09-08,2024-09-08,248,0
ORD-100528,SUP-019,West,Home Goods,CarrierA,2024/07/20,2024-07-30,2024-07-30,333,0
ORD-104404,SUP-013,West,Apparel,CarrierA,2024-04-05,2024-04-12,2024-04-22,256,0
ORD-101505,SUP-005,West,Home Goods,CarrierA,2024/07/26,2024-07-28,2024-07-28,198,0
ORD-103598,SUP-009,Midwest,Perishables,CarrierA,2024-06-23,2024-06-28,2024-06-28,122,0
ORD-103681,SUP-011,Northeast,Home Goods,CarrierC,26-Jun-2024,2024-07-06,2024-07-06,273,0
ORD-101318,SUP-017,Southwest,Electronics,CarrierD,2024/07/03,2024-07-10,2024-07-10,429,0
ORD-103380,SUP-013,Southeast,Office Supplies,CarrierD,09/21/2024,2024-09-28,2024-09-28,407,0
ORD-103034,SUP-010,Southeast,Home Goods,CarrierA,2024-07-19,2024-07-24,2024-07-23,408,0
ORD-102380,SUP-017,West,Home Goods,CarrierC,01/21/2024,2024-01-28,2024-02-09,180,0
ORD-104811,SUP-019,West,Office Supplies,CarrierA,2024-01-17,2024-01-24,2024-01-23,69,0
ORD-104311,SUP-002,Midwest,Office Supplies,CarrierC,11/10/2024,2024-11-20,2024-11-26,285,0
ORD-102616,SUP-016,Northeast,Electronics,CarrierD,01-Feb-2024,2024-02-03,2024-02-03,250,0
ORD-101166,SUP-015,Midwest,Electronics,CarrierA,21-May-2024,2024-05-26,2024-05-25,379,0
ORD-104725,SUP-016,West,Perishables,CarrierC,2024/07/26,2024-07-31,2024-08-04,113,0
ORD-103471,SUP-004,Southwest,Electronics,CarrierD,2024/02/10,2024-02-17,2024-02-16,94,0
ORD-105126,SUP-013,Northeast,Perishables,CarrierC,28-Aug-2024,2024-09-04,2024-09-04,390,0
ORD-105438,SUP-015,Southeast,Home Goods,CarrierA,2024/03/21,2024-03-31,2024-03-31,257,0
ORD-105787,SUP-001,West,Home Goods,CarrierB,2024/09/08,2024-09-13,2024-09-27,423,1
ORD-105367,SUP-017,West,Perishables,CarrierD,04/01/2024,2024-04-04,2024-04-09,148,0
ORD-102871,SUP-006,Southeast,Electronics,CarrierD,16-Jul-2024,2024-07-21,2024-07-24,436,0
ORD-101222,SUP-018,Midwest,Perishables,CarrierA,2024/03/29,2024-04-05,2024-04-05,147,0
ORD-105183,SUP-008,Southeast,Electronics,CarrierB,2024/11/17,2024-11-20,2024-11-25,309,0
ORD-104255,SUP-016,Southeast,Perishables,CarrierC,2024-11-20,2024-11-30,2024-11-30,412,0
ORD-101982,SUP-007,Southeast,Perishables,CarrierA,2024-08-17,2024-08-24,2024-08-24,62,0
ORD-105187,SUP-014,Northeast,Electronics,CarrierC,30-Dec-2024,2025-01-02,2025-01-05,74,0
ORD-104020,SUP-009,Midwest,Electronics,CarrierC,03/15/2024,2024-03-25,2024-03-25,155,0
ORD-100371,SUP-019,Northeast,Apparel,CarrierD,2024-09-21,2024-09-24,2024-09-24,145,0
ORD-103482,SUP-016,Midwest,Industrial Parts,CarrierD,2024/08/11,2024-08-16,2024-08-28,41,0
ORD-102131,SUP-003,West,Electronics,CarrierB,2024-11-06,2024-11-08,2024-11-08,143,0
ORD-103418,SUP-004,West,Home Goods,CarrierA,2024-11-16,2024-11-23,2024-11-27,138,0
ORD-103424,SUP-014,Southwest,Apparel,CarrierD,2024-09-17,2024-09-20,2024-09-19,150,0
ORD-101538,SUP-007,West,Electronics,CarrierA,05/27/2024,2024-05-30,2024-05-29,113,0
ORD-105896,SUP-005,Midwest,Home Goods,CarrierA,2024-03-22,2024-03-29,2024-03-29,294,0
ORD-102744,SUP-018,,Industrial Parts,CarrierC,05/01/2024,2024-05-03,2024-05-03,111,1
ORD-101553,SUP-008,Northeast,Perishables,CarrierD,14-Aug-2024,2024-08-24,2024-08-23,344,0
ORD-104335,SUP-014,Midwest,Home Goods,CarrierB,2024/01/15,2024-01-25,2024-02-01,482,0
ORD-102817,SUP-015,West,Apparel,CarrierC,15-Jan-2024,2024-01-25,2024-01-24,468,0
ORD-105133,SUP-004,Southeast,Home Goods,CarrierC,2024-02-02,2024-02-04,2024-02-04,418,1
ORD-100618,SUP-016,Northeast,,CarrierD,01-Jun-2024,2024-06-03,2024-06-03,410,0
ORD-102381,SUP-012,Midwest,Home Goods,CarrierC,2024-02-11,2024-02-14,2024-02-15,138,0
ORD-104391,SUP-018,Midwest,Office Supplies,CarrierB,03-Dec-2024,2024-12-10,2024-12-10,115,0
ORD-104526,SUP-016,Midwest,Home Goods,CarrierD,2024/01/24,2024-02-03,2024-02-03,433,0
ORD-104375,SUP-018,Southeast,Electronics,CarrierB,11/01/2024,2024-11-06,2024-11-06,479,0
ORD-103524,SUP-011,Southeast,Electronics,CarrierB,06/12/2024,2024-06-19,2024-06-19,355,0
ORD-102629,SUP-002,Southeast,Industrial Parts,CarrierC,2024-01-07,2024-01-14,2024-01-17,362,0
ORD-104123,SUP-017,Midwest,Electronics,CarrierC,2024-06-12,2024-06-22,2024-06-22,391,0
ORD-105440,SUP-008,Midwest,Home Goods,CarrierA,2024/08/13,2024-08-15,2024-08-15,421,0
ORD-102766,SUP-004,Northeast,Office Supplies,CarrierD,19-Jul-2024,2024-07-24,2024-07-24,241,0
ORD-103895,SUP-006,Southwest,Electronics,CarrierB,2024-11-18,2024-11-25,2024-11-25,68,0
ORD-101656,SUP-013,,Home Goods,CarrierB,18-Feb-2024,2024-02-25,2024-02-25,177,0
ORD-104818,SUP-018,West,Perishables,CarrierB,08/29/2024,2024-09-08,2024-09-13,336,0
ORD-100969,SUP-017,Southeast,Electronics,CarrierC,2024/05/12,2024-05-19,2024-05-23,141,0
ORD-101843,SUP-013,Midwest,Industrial Parts,CarrierC,2024-07-31,2024-08-05,2024-08-10,247,0
ORD-103024,SUP-005,West,Perishables,CarrierC,01/09/2024,2024-01-11,2024-01-10,178,0
ORD-103151,SUP-011,Northeast,Perishables,CarrierC,2024-01-14,2024-01-17,2024-01-17,133,0
ORD-103386,SUP-010,Southeast,Home Goods,CarrierB,05-Oct-2024,2024-10-08,2024-10-07,130,0
ORD-105419,SUP-017,Southeast,Home Goods,CarrierB,2024/05/28,2024-05-30,2024-06-02,168,0
ORD-101211,SUP-020,Southeast,Home Goods,CarrierB,30-Oct-2024,2024-11-04,2024-11-03,182,0
ORD-105231,SUP-001,Southeast,Apparel,CarrierB,11/21/2024,2024-11-23,2024-11-23,322,0
ORD-101428,SUP-018,Southeast,Electronics,CarrierD,2024/09/10,2024-09-15,2024-09-15,153,0
ORD-105866,SUP-014,Northeast,Home Goods,CarrierB,2024-12-25,2025-01-01,2025-01-03,158,0
ORD-100426,SUP-002,Midwest,Industrial Parts,CarrierB,10/20/2024,2024-10-30,2024-11-01,316,1
ORD-104094,SUP-009,Southwest,Apparel,CarrierA,2024/12/13,2024-12-23,2024-12-26,259,0
ORD-104271,SUP-010,Southwest,Electronics,CarrierA,2024-09-14,2024-09-21,2024-09-21,185,0
ORD-101923,SUP-005,Southwest,Home Goods,CarrierD,04/18/2024,2024-04-25,2024-04-25,237,0
ORD-104689,SUP-006,Midwest,Perishables,CarrierA,03/28/2024,2024-04-07,2024-04-12,12,0
ORD-103395,SUP-004,Northeast,Perishables,CarrierA,2024-12-30,2025-01-02,2025-01-02,245,0
ORD-105746,SUP-016,Northeast,Apparel,CarrierA,2024-02-06,2024-02-13,2024-02-12,54,0
ORD-100404,SUP-018,Northeast,Office Supplies,CarrierB,2024-07-13,2024-07-18,2024-07-18,478,0
ORD-100491,SUP-010,Midwest,Electronics,CarrierB,2024-08-08,2024-08-11,2024-08-11,284,0
ORD-105567,SUP-016,Northeast,Electronics,CarrierB,2024-05-02,2024-05-07,2024-05-07,451,0
ORD-103494,SUP-016,Midwest,Perishables,CarrierB,2024/07/01,2024-07-11,2024-07-10,14,0
ORD-100824,SUP-018,West,Office Supplies,CarrierB,2024-01-20,2024-01-25,2024-01-25,385,0
ORD-102542,SUP-002,Midwest,,CarrierA,2024-12-06,2024-12-16,2024-12-18,447,0
ORD-103673,SUP-017,Southeast,Perishables,CarrierB,12/15/2024,2024-12-20,2024-12-19,175,0
ORD-102790,SUP-006,Northeast,Industrial Parts,CarrierA,08-Dec-2024,2024-12-15,2024-12-14,99,0
ORD-105044,SUP-018,Northeast,,CarrierB,2024-10-15,2024-10-22,2024-10-25,336,0
ORD-103515,SUP-013,West,Apparel,CarrierB,28-Jul-2024,2024-08-04,2024-08-03,496,0
ORD-105316,SUP-002,West,Home Goods,CarrierA,08/22/2024,2024-09-01,2024-08-31,226,1
ORD-105909,SUP-009,Southeast,Home Goods,CarrierA,2024-05-08,2024-05-18,2024-05-18,16,0
ORD-101788,SUP-005,Northeast,Electronics,CarrierA,07/17/2024,2024-07-19,2024-07-18,62,0
ORD-102187,SUP-013,Midwest,Electronics,CarrierB,18-Dec-2024,2024-12-28,2024-12-28,260,0
ORD-102145,SUP-001,Southwest,Home Goods,CarrierA,08/18/2024,2024-08-20,2024-08-28,81,0
ORD-104505,SUP-004,Southeast,Home Goods,CarrierC,2024/04/19,2024-04-22,2024-04-26,109,0
ORD-103246,SUP-008,Southeast,Home Goods,CarrierA,21-Jun-2024,2024-06-24,2024-06-30,363,0
ORD-101841,SUP-005,Northeast,Apparel,CarrierA,05/16/2024,2024-05-21,2024-05-21,273,0
ORD-101209,SUP-018,Northeast,Home Goods,CarrierB,11/08/2024,2024-11-15,2024-11-15,450,0
ORD-100974,SUP-018,Southeast,Home Goods,CarrierD,2024/09/28,2024-10-08,2024-10-08,76,0
ORD-100474,SUP-002,West,Electronics,CarrierB,2024/11/23,2024-11-25,2024-11-25,425,0
ORD-103311,SUP-012,West,Industrial Parts,CarrierA,08/07/2024,2024-08-09,2024-08-09,316,0
ORD-100215,SUP-018,Southwest,Office Supplies,CarrierD,2024-02-14,2024-02-19,2024-02-18,122,0
ORD-100656,SUP-006,West,Apparel,CarrierC,03/18/2024,2024-03-25,2024-03-25,498,0
ORD-104596,SUP-008,Southeast,Electronics,CarrierD,2024/01/12,2024-01-15,2024-01-15,44,1
ORD-103235,SUP-019,Southwest,Home Goods,CarrierA,03/08/2024,2024-03-15,2024-03-15,375,0
ORD-102519,SUP-004,Southwest,Home Goods,CarrierD,2024-05-18,2024-05-25,2024-05-25,67,0
ORD-101583,SUP-007,Southeast,Home Goods,CarrierD,2024-10-23,2024-10-26,2024-10-26,331,0
ORD-104634,SUP-014,West,Industrial Parts,CarrierC,2024-01-18,2024-01-23,2024-01-22,319,0
ORD-105347,SUP-008,Midwest,Office Supplies,CarrierB,2024-01-14,2024-01-24,2024-01-24,157,0
ORD-101130,SUP-016,Midwest,Apparel,CarrierB,2024-11-26,2024-11-28,2024-11-28,229,0
ORD-103038,SUP-010,Midwest,Perishables,CarrierA,03/16/2024,2024-03-23,2024-03-23,452,0
ORD-102063,SUP-016,Northeast,Perishables,CarrierA,2024/08/16,2024-08-19,2024-08-23,236,0
ORD-104592,SUP-016,Southwest,Perishables,CarrierC,2024-07-17,2024-07-19,2024-07-19,24,0
ORD-104407,SUP-009,Midwest,Office Supplies,CarrierA,09-Nov-2024,2024-11-12,2024-11-11,373,0
ORD-100131,SUP-006,Southwest,Perishables,CarrierC,16-Dec-2024,2024-12-18,2024-12-21,415,0
ORD-104347,SUP-010,Midwest,Home Goods,CarrierA,2024-06-29,2024-07-04,2024-07-08,233,0
ORD-103566,SUP-007,Northeast,Electronics,CarrierA,28-Mar-2024,2024-04-04,2024-04-04,189,0
ORD-101341,SUP-002,Northeast,Electronics,CarrierD,2024/06/27,2024-06-29,2024-07-02,210,0
ORD-102184,SUP-017,Midwest,Home Goods,CarrierA,12-Oct-2024,2024-10-15,2024-10-22,154,0
ORD-105220,SUP-006,Southwest,Perishables,CarrierD,2024-12-29,2025-01-05,2025-01-08,156,0
ORD-104743,SUP-002,Northeast,Apparel,CarrierD,2024-07-11,2024-07-21,2024-07-21,356,0
ORD-100594,SUP-020,Midwest,Industrial Parts,CarrierA,24-Apr-2024,2024-04-29,2024-04-29,346,0
ORD-105522,SUP-004,Southwest,Home Goods,CarrierC,06-Feb-2024,2024-02-13,2024-02-13,100,0
ORD-100810,SUP-010,Southeast,Electronics,CarrierB,01/10/2024,2024-01-17,2024-01-17,49,0
ORD-100247,SUP-001,Southwest,Electronics,CarrierC,2024/03/08,2024-03-18,2024-03-17,260,0
ORD-104374,SUP-009,Midwest,Electronics,CarrierB,01-Apr-2024,2024-04-08,2024-04-15,231,0
ORD-100029,SUP-005,Southeast,Apparel,CarrierB,08/19/2024,2024-08-22,2024-08-22,442,0
ORD-101119,SUP-011,Southwest,Home Goods,CarrierA,2024/05/31,2024-06-03,2024-06-03,412,0
ORD-103363,SUP-015,Southwest,Electronics,CarrierC,2024/03/27,2024-04-03,2024-04-09,254,0
ORD-104842,SUP-013,,Perishables,CarrierC,2024-08-16,2024-08-18,2024-08-18,359,0
ORD-102792,SUP-012,Southeast,Office Supplies,CarrierD,2024/11/15,2024-11-20,2024-11-20,47,0
ORD-104243,SUP-005,Midwest,Electronics,CarrierD,2024-07-07,2024-07-09,2024-07-08,243,0
ORD-104755,SUP-007,Midwest,,CarrierD,2024-08-31,2024-09-03,2024-09-03,48,0
ORD-105684,SUP-016,Southeast,Apparel,CarrierD,27-Nov-2024,2024-12-02,2024-12-01,50,0
ORD-101974,SUP-005,West,Office Supplies,CarrierB,16-May-2024,2024-05-18,2024-05-18,412,0
ORD-104666,SUP-014,Northeast,Electronics,CarrierD,02/17/2024,2024-02-19,2024-02-19,161,0
ORD-100633,SUP-015,Midwest,Industrial Parts,CarrierD,2024-06-22,2024-06-29,2024-06-29,342,0
ORD-100046,SUP-018,Northeast,Electronics,CarrierB,17-Apr-2024,2024-04-19,2024-04-19,471,0
ORD-105446,SUP-007,,Electronics,CarrierB,08/29/2024,2024-09-08,2024-09-08,326,0
ORD-104745,SUP-010,Southwest,Electronics,CarrierC,2024/04/28,2024-05-01,2024-05-01,326,0
ORD-105233,SUP-002,Southwest,Electronics,CarrierD,2024-12-01,2024-12-03,2024-12-11,96,0
ORD-100868,SUP-019,Southeast,Perishables,CarrierD,2024-08-26,2024-08-29,2024-09-01,44,0
ORD-101320,SUP-003,Midwest,Perishables,CarrierD,2024-05-27,2024-06-03,2024-06-10,294,0
ORD-105361,SUP-018,Southwest,Electronics,CarrierA,2024-01-27,2024-01-29,2024-02-01,209,0
ORD-104923,SUP-020,Southeast,Industrial Parts,CarrierC,08/24/2024,2024-08-29,2024-08-29,384,0
ORD-101543,SUP-014,West,Home Goods,CarrierD,09-Jun-2024,2024-06-19,2024-06-19,32,0
ORD-105322,SUP-016,Northeast,Industrial Parts,CarrierC,2024-11-26,2024-12-03,2024-12-02,258,0
ORD-104129,SUP-002,West,Office Supplies,CarrierD,05/07/2024,2024-05-17,2024-05-19,201,0
ORD-103559,SUP-011,Southeast,Home Goods,CarrierC,2024/06/22,2024-07-02,2024-07-03,43,0
ORD-104217,SUP-018,Midwest,,CarrierD,12-Aug-2024,2024-08-15,2024-08-15,485,0
ORD-102503,SUP-014,,Electronics,CarrierC,2024/02/20,2024-02-23,2024-02-24,428,0
ORD-103567,SUP-001,Northeast,Perishables,CarrierA,2024-01-29,2024-02-03,2024-02-05,379,0
ORD-104693,SUP-014,Midwest,Home Goods,CarrierA,2024-07-29,2024-07-31,2024-07-31,456,0
ORD-103058,SUP-018,West,Home Goods,CarrierD,2024-06-19,2024-06-29,2024-06-29,89,0
ORD-100860,SUP-010,Southwest,Apparel,CarrierA,2024-03-30,2024-04-09,2024-04-09,67,0
ORD-104105,SUP-015,Midwest,Office Supplies,CarrierD,10/21/2024,2024-10-28,2024-10-28,239,0
ORD-102138,SUP-007,Southeast,Office Supplies,CarrierB,09/24/2024,2024-09-27,2024-10-01,490,0
ORD-101984,SUP-008,Southeast,,CarrierC,2024-10-13,2024-10-18,2024-10-20,162,0
ORD-104885,SUP-016,Northeast,Apparel,CarrierA,18-Dec-2024,2024-12-28,2024-12-27,247,0
ORD-102310,SUP-019,Northeast,Industrial Parts,CarrierC,2024/09/19,2024-09-22,2024-09-21,93,0
ORD-102759,SUP-016,West,Apparel,CarrierA,2024-03-22,2024-03-29,2024-03-28,341,0
ORD-102531,SUP-019,Midwest,Industrial Parts,CarrierC,2024/03/20,2024-03-30,2024-04-04,102,0
ORD-100848,SUP-020,West,Home Goods,CarrierA,21-Oct-2024,2024-10-24,2024-10-31,9,0
ORD-101243,SUP-012,Midwest,Perishables,CarrierB,01-Jun-2024,2024-06-03,2024-06-04,262,0
ORD-104713,SUP-012,Southwest,Industrial Parts,CarrierD,2024/07/03,2024-07-08,2024-07-08,385,0
ORD-104174,SUP-005,Southwest,Apparel,CarrierA,2024/05/18,2024-05-23,2024-05-22,228,0
ORD-104270,SUP-011,West,Perishables,CarrierC,2024-07-23,2024-07-30,2024-07-29,246,0
ORD-103045,SUP-002,Midwest,Apparel,CarrierB,2024-01-23,2024-01-28,2024-01-28,220,0
ORD-101180,SUP-003,Southwest,Office Supplies,CarrierA,2024-09-29,2024-10-02,2024-10-02,255,1
ORD-103460,SUP-019,Southeast,Apparel,CarrierD,01-Jan-2024,2024-01-08,2024-01-08,233,0
ORD-104330,SUP-013,Midwest,Industrial Parts,CarrierB,2024-12-04,2024-12-07,2024-12-07,133,0
ORD-102371,SUP-013,Southwest,Home Goods,CarrierC,21-Sep-2024,2024-09-24,2024-09-24,164,0
ORD-100002,SUP-007,West,Home Goods,CarrierA,2024-03-24,2024-03-29,2024-03-28,45,0
ORD-105929,SUP-006,Southwest,Apparel,CarrierC,05/08/2024,2024-05-15,2024-05-15,287,0
ORD-103347,SUP-018,West,Home Goods,CarrierA,2024-11-03,2024-11-08,2024-11-08,136,0
ORD-101755,SUP-012,Southwest,Perishables,CarrierC,25-Jun-2024,2024-07-05,2024-07-18,423,0
ORD-104011,SUP-011,Southeast,Apparel,CarrierD,03/04/2024,2024-03-09,2024-03-09,104,0
ORD-101048,SUP-011,Southwest,Home Goods,CarrierB,2024-03-24,2024-03-27,2024-03-27,372,0
ORD-101418,SUP-019,Midwest,Perishables,CarrierB,05/02/2024,2024-05-04,2024-05-04,178,0
ORD-104491,SUP-009,,Home Goods,CarrierD,11/21/2024,2024-11-23,2024-11-23,121,0
ORD-105751,SUP-020,Northeast,Electronics,CarrierB,01/26/2024,2024-02-05,2024-02-09,116,0
ORD-100862,SUP-013,West,Industrial Parts,CarrierB,2024/11/17,2024-11-20,2024-11-27,57,0
ORD-103863,SUP-019,Midwest,Office Supplies,CarrierD,04/21/2024,2024-04-26,2024-04-26,269,0
ORD-105307,SUP-016,Southeast,Home Goods,CarrierD,2024-05-06,2024-05-09,2024-05-09,241,0
ORD-105842,SUP-018,West,Office Supplies,CarrierD,2024-03-20,2024-03-25,2024-03-24,364,0
ORD-102551,SUP-020,Southwest,Apparel,CarrierA,2024-08-28,2024-08-31,2024-08-31,381,0
ORD-100844,SUP-020,Northeast,Home Goods,CarrierB,04-Jul-2024,2024-07-06,2024-07-06,313,0
ORD-102431,SUP-001,Northeast,Industrial Parts,CarrierA,2024/11/16,2024-11-21,2024-11-24,159,0
ORD-103797,SUP-011,Southwest,Electronics,CarrierB,23-Oct-2024,2024-10-26,2024-10-26,1,0
ORD-100310,SUP-012,Northeast,Perishables,CarrierD,2024/02/07,2024-02-09,2024-02-16,307,0
ORD-101618,SUP-008,Northeast,Apparel,CarrierA,2024-07-27,2024-07-29,2024-08-06,4,0
ORD-101092,SUP-019,,Home Goods,CarrierA,07/04/2024,2024-07-14,2024-07-16,106,1
ORD-101940,SUP-008,Southeast,Industrial Parts,CarrierB,12/23/2024,2024-12-25,2024-12-25,418,0
ORD-103825,SUP-002,Southwest,Office Supplies,CarrierD,2024/04/05,2024-04-07,2024-04-08,405,0
ORD-101229,SUP-006,Midwest,Perishables,CarrierD,04-Jan-2024,2024-01-07,2024-01-09,383,0
ORD-104855,SUP-020,West,,CarrierC,18-May-2024,2024-05-20,2024-05-20,19,0
ORD-105749,SUP-003,Southwest,Perishables,CarrierA,2024-09-26,2024-09-28,2024-10-01,350,0
ORD-101733,SUP-019,Southeast,Electronics,CarrierD,2024/02/05,2024-02-08,2024-02-07,367,0
ORD-105045,SUP-001,Southeast,,CarrierD,2024-02-26,2024-03-07,2024-03-08,478,0
ORD-104759,SUP-008,Southwest,Electronics,CarrierC,04-Aug-2024,2024-08-06,2024-08-06,139,0
ORD-103750,SUP-011,Northeast,Perishables,CarrierD,2024/08/14,2024-08-21,2024-08-21,235,0
ORD-103063,SUP-003,West,Electronics,CarrierB,07/11/2024,2024-07-16,2024-07-16,249,0
ORD-102622,SUP-010,Southeast,Office Supplies,CarrierC,2024/08/13,2024-08-16,2024-08-15,85,0
ORD-101393,SUP-010,Midwest,Apparel,CarrierD,03/19/2024,2024-03-29,2024-03-28,372,0
ORD-104838,SUP-016,Southeast,Industrial Parts,CarrierA,19-Jan-2024,2024-01-21,2024-01-21,47,0
ORD-104562,SUP-005,Southwest,Home Goods,CarrierA,07/11/2024,2024-07-13,2024-07-13,107,0
ORD-104349,SUP-007,Southeast,Perishables,CarrierC,17-Sep-2024,2024-09-22,2024-09-21,6,0
ORD-102834,SUP-020,Northeast,Perishables,CarrierD,2024-01-08,2024-01-15,2024-01-15,158,0
ORD-102405,SUP-013,Southwest,Perishables,CarrierC,2024/11/20,2024-11-27,2024-11-28,121,0
ORD-103009,SUP-013,Northeast,Perishables,CarrierD,05/20/2024,2024-05-22,2024-05-21,111,0
ORD-104122,SUP-002,Northeast,Office Supplies,CarrierB,10-Mar-2024,2024-03-15,2024-03-18,187,0
ORD-100762,SUP-012,Northeast,Electronics,CarrierC,2024-06-25,2024-07-05,2024-07-12,405,0
ORD-103890,SUP-005,Southeast,Industrial Parts,CarrierD,09/28/2024,2024-09-30,,441,0
ORD-105341,SUP-003,Northeast,Office Supplies,CarrierC,2024-12-25,2024-12-27,2024-12-27,264,0
ORD-100966,SUP-015,,Perishables,CarrierC,09/08/2024,2024-09-15,2024-09-19,61,0
ORD-103314,SUP-015,,Office Supplies,CarrierC,2024-03-05,2024-03-10,2024-03-10,255,0
ORD-103441,SUP-004,Midwest,Office Supplies,CarrierD,04/07/2024,2024-04-10,2024-04-10,405,0
ORD-100682,SUP-007,Southeast,Industrial Parts,CarrierA,02/16/2024,2024-02-19,2024-02-19,87,0
ORD-104959,SUP-010,West,Electronics,CarrierB,10-Dec-2024,2024-12-17,2024-12-17,202,0
ORD-102546,SUP-007,Southwest,Home Goods,CarrierC,2024/09/16,2024-09-21,2024-09-21,199,1
ORD-100991,SUP-006,Northeast,Electronics,CarrierC,02/18/2024,2024-02-20,2024-02-19,83,0
ORD-100914,SUP-006,Northeast,Industrial Parts,CarrierA,2024/04/02,2024-04-09,2024-04-09,440,0
ORD-105055,SUP-002,Southwest,Home Goods,CarrierB,23-Aug-2024,2024-09-02,2024-09-05,243,0
ORD-105528,SUP-002,Southeast,Industrial Parts,CarrierC,09/23/2024,2024-09-25,2024-09-28,323,0
ORD-100185,SUP-019,Southwest,Apparel,CarrierB,07/30/2024,2024-08-09,2024-08-12,196,0
ORD-100922,SUP-016,Southwest,Electronics,CarrierA,20-Dec-2024,2024-12-22,2024-12-24,214,0
ORD-105314,SUP-017,Southeast,Home Goods,CarrierD,07/13/2024,2024-07-16,2024-07-18,245,0
ORD-104170,SUP-011,West,Apparel,CarrierB,20-Nov-2024,2024-11-25,2024-11-28,141,0
ORD-103556,SUP-020,Southeast,Industrial Parts,CarrierB,18-Jan-2024,2024-01-23,2024-01-23,97,0
ORD-105940,SUP-019,West,Office Supplies,CarrierD,12/05/2024,2024-12-12,2024-12-11,18,0
ORD-101619,SUP-002,West,,CarrierB,06-Jul-2024,2024-07-16,2024-07-16,4,0
ORD-101830,SUP-004,Midwest,Home Goods,CarrierC,27-Mar-2024,2024-03-29,2024-04-01,344,0
ORD-102484,SUP-010,Southwest,Perishables,CarrierB,2024-07-29,2024-08-01,2024-08-01,494,0
ORD-103148,SUP-002,Southeast,Perishables,CarrierA,12/20/2024,2024-12-30,2025-01-02,186,0
ORD-100740,SUP-010,Midwest,Office Supplies,CarrierA,2024/02/10,2024-02-15,2024-02-15,487,0
ORD-105700,SUP-019,Northeast,Electronics,CarrierD,2024/04/14,2024-04-21,2024-04-21,221,0
ORD-100971,SUP-010,Southeast,Home Goods,CarrierD,10/19/2024,2024-10-29,2024-10-29,357,0
ORD-102564,SUP-020,Midwest,Perishables,CarrierC,04/05/2024,2024-04-07,2024-04-07,362,0
ORD-104915,SUP-005,Northeast,Industrial Parts,CarrierD,02/03/2024,2024-02-13,2024-02-13,280,0
ORD-103962,SUP-018,Southwest,Industrial Parts,CarrierA,2024-05-29,2024-06-05,2024-06-07,17,0
ORD-101116,SUP-011,Midwest,Home Goods,CarrierB,2024/11/04,2024-11-14,2024-11-14,33,0
ORD-100156,SUP-010,Midwest,Home Goods,CarrierB,2024-11-29,2024-12-06,2024-12-06,399,0
ORD-102467,SUP-020,Southwest,Electronics,CarrierD,08/18/2024,2024-08-28,2024-08-31,31,0
ORD-103860,SUP-002,Southwest,Home Goods,CarrierB,2024-06-23,2024-06-26,2024-07-01,21,0
ORD-100831,SUP-002,Southeast,Electronics,CarrierD,2024-04-06,2024-04-08,2024-04-09,456,0
ORD-100835,SUP-018,Northeast,Perishables,CarrierC,2024/11/09,2024-11-14,2024-11-19,165,0
ORD-102825,SUP-008,Southeast,Perishables,CarrierB,2024-01-02,2024-01-12,2024-01-12,114,0
ORD-100502,SUP-002,West,Perishables,CarrierD,2024-03-23,2024-03-25,2024-03-30,495,0
ORD-100989,SUP-019,Southeast,Electronics,CarrierC,2024-09-20,2024-09-22,2024-09-22,351,1
ORD-103937,SUP-001,Southeast,Electronics,CarrierD,2024-03-18,2024-03-25,2024-03-29,407,0
ORD-100923,SUP-018,Southwest,Electronics,CarrierA,05/28/2024,2024-06-07,2024-06-06,56,0
ORD-102044,SUP-004,Southwest,Perishables,CarrierD,2024-09-14,2024-09-24,2024-09-28,402,0
ORD-101980,SUP-015,West,Industrial Parts,CarrierD,04/04/2024,2024-04-06,2024-04-12,222,0
ORD-100249,SUP-013,,Industrial Parts,CarrierD,11/17/2024,2024-11-22,2024-11-30,353,0
ORD-103911,SUP-018,,Home Goods,CarrierB,19-Oct-2024,2024-10-22,2024-10-22,475,0
ORD-102683,SUP-004,Southeast,Perishables,CarrierC,12/25/2024,2024-12-27,2024-12-27,271,0
ORD-101346,SUP-008,Northeast,Perishables,CarrierC,10/17/2024,2024-10-27,2024-10-27,307,0
ORD-105556,SUP-019,West,Home Goods,CarrierA,14-Apr-2024,2024-04-21,2024-04-20,252,0
ORD-105201,SUP-014,Midwest,Perishables,CarrierD,2024-12-09,2024-12-11,2024-12-24,477,0
ORD-103653,SUP-005,Northeast,Industrial Parts,CarrierD,2024/05/17,2024-05-22,2024-05-23,6,0
ORD-100355,SUP-012,West,Electronics,CarrierA,05/18/2024,2024-05-25,2024-05-24,369,0
ORD-100744,SUP-011,Northeast,Perishables,CarrierB,2024/09/21,2024-09-26,2024-09-26,492,0
ORD-100844,SUP-020,Northeast,Home Goods,CarrierB,2024/07/04,2024-07-06,2024-07-06,313,0
ORD-100723,SUP-002,Northeast,Home Goods,CarrierC,01/19/2024,2024-01-29,2024-01-29,341,0
ORD-101976,SUP-019,Northeast,Industrial Parts,CarrierC,06-Aug-2024,2024-08-09,2024-08-09,179,0
ORD-102955,SUP-005,Midwest,Office Supplies,CarrierD,07/30/2024,2024-08-04,2024-08-04,317,0
ORD-104340,SUP-014,Southeast,Perishables,CarrierA,02/03/2024,2024-02-06,2024-02-05,136,1
ORD-102214,SUP-006,Southeast,Industrial Parts,CarrierA,2024/05/17,2024-05-22,2024-05-26,431,0
ORD-105801,SUP-014,Midwest,Electronics,CarrierD,2024-07-31,2024-08-02,2024-08-02,461,0
ORD-103648,SUP-019,Southeast,Home Goods,CarrierB,08-May-2024,2024-05-13,2024-05-13,121,0
ORD-103870,SUP-005,Northeast,Industrial Parts,CarrierA,21-Nov-2024,2024-11-23,2024-11-23,411,0
ORD-104488,SUP-002,West,Perishables,CarrierB,05-Nov-2024,2024-11-07,2024-11-22,298,0
ORD-103292,SUP-016,West,Perishables,CarrierD,26-May-2024,2024-05-29,2024-06-01,347,0
ORD-105305,SUP-015,Southeast,Electronics,CarrierC,2024-01-06,2024-01-08,2024-01-08,244,0
ORD-101258,SUP-001,Northeast,Industrial Parts,CarrierC,2024/08/03,2024-08-08,2024-08-16,396,0
ORD-102988,SUP-004,Northeast,Home Goods,CarrierD,06-Oct-2024,2024-10-08,2024-10-08,280,0
ORD-100085,SUP-004,Southeast,Home Goods,CarrierC,2024-05-06,2024-05-11,2024-05-10,200,0
ORD-100746,SUP-017,Midwest,Apparel,CarrierB,11-Jul-2024,2024-07-16,2024-07-15,258,0
ORD-101867,SUP-009,West,Home Goods,CarrierB,2024/10/15,2024-10-25,2024-10-29,485,0
ORD-101315,SUP-009,West,Industrial Parts,CarrierD,11/07/2024,2024-11-09,2024-11-09,222,0
ORD-103898,SUP-020,Northeast,Industrial Parts,CarrierD,2024-12-21,2024-12-26,2024-12-26,329,0
ORD-105008,SUP-007,Southwest,Office Supplies,CarrierD,2024/06/17,2024-06-24,2024-06-24,12,0
ORD-100962,SUP-014,Southeast,Home Goods,CarrierA,05/06/2024,2024-05-11,2024-05-14,450,0
ORD-104650,SUP-006,Northeast,Industrial Parts,CarrierA,21-Feb-2024,2024-02-26,2024-02-25,323,0
ORD-100265,SUP-017,Southeast,Electronics,CarrierD,2024/07/07,2024-07-14,2024-07-14,361,0
ORD-102428,SUP-015,West,Office Supplies,CarrierA,2024/04/08,2024-04-10,2024-04-17,302,0
ORD-104116,SUP-015,West,Home Goods,CarrierB,2024-07-06,2024-07-08,2024-07-07,211,0
ORD-103086,SUP-019,Midwest,Office Supplies,CarrierA,01-Sep-2024,2024-09-06,2024-09-06,168,0
ORD-103139,SUP-017,West,Apparel,CarrierD,20-Aug-2024,2024-08-25,2024-08-25,298,0
ORD-102069,SUP-016,Southwest,Apparel,CarrierC,2024/07/24,2024-07-29,2024-07-28,55,0
ORD-104202,SUP-018,Southeast,Office Supplies,CarrierB,07/28/2024,2024-08-02,2024-08-02,125,0
ORD-104533,SUP-004,Northeast,Office Supplies,CarrierD,06-Jul-2024,2024-07-11,2024-07-11,40,0
ORD-101800,SUP-018,West,Electronics,CarrierB,2024/08/13,2024-08-23,2024-08-22,270,0
ORD-102235,SUP-019,West,Perishables,CarrierB,2024/01/24,2024-01-31,2024-02-02,205,0
ORD-103543,SUP-011,West,Apparel,CarrierB,2024/01/31,2024-02-10,2024-02-09,471,0
ORD-103062,SUP-015,Midwest,Apparel,CarrierD,2024-08-13,2024-08-18,2024-08-18,66,0
ORD-102212,SUP-013,Southwest,Office Supplies,CarrierB,01-Oct-2024,2024-10-11,2024-10-11,68,0
ORD-105926,SUP-003,Northeast,Apparel,CarrierB,08/11/2024,2024-08-13,2024-08-12,277,0
ORD-104266,SUP-002,Northeast,Electronics,CarrierA,22-May-2024,2024-05-27,2024-05-27,182,0
ORD-105729,SUP-015,Midwest,Home Goods,CarrierA,2024/05/19,2024-05-24,2024-05-25,419,0
ORD-101985,SUP-001,Southwest,Industrial Parts,CarrierA,08/24/2024,2024-08-31,2024-09-06,321,1
ORD-101371,SUP-009,Northeast,Electronics,CarrierB,2024-03-19,2024-03-26,2024-03-31,243,0
ORD-102122,SUP-002,Northeast,Perishables,CarrierD,2024/01/26,2024-01-31,2024-01-31,90,0
ORD-103907,SUP-011,West,Home Goods,CarrierA,2024-03-10,2024-03-20,2024-03-20,218,0
ORD-105838,SUP-016,Southeast,Electronics,CarrierD,26-Jan-2024,2024-01-28,2024-01-28,195,0
ORD-102057,SUP-006,West,Industrial Parts,CarrierA,2024-04-14,2024-04-19,2024-04-19,177,0
ORD-105836,SUP-018,West,Home Goods,CarrierA,17-Oct-2024,2024-10-22,2024-10-22,166,0
ORD-103947,SUP-016,West,Electronics,CarrierB,2024/01/09,2024-01-19,2024-01-19,211,0
ORD-102058,SUP-013,West,Home Goods,CarrierC,01/30/2024,2024-02-09,2024-02-08,480,0
ORD-103711,SUP-009,Southeast,Apparel,CarrierC,2024/09/25,2024-09-27,2024-09-27,15,0
ORD-102904,SUP-003,Midwest,Electronics,CarrierD,05/14/2024,2024-05-17,2024-05-17,260,0
ORD-104922,SUP-010,West,Electronics,CarrierB,07/10/2024,2024-07-15,2024-07-15,412,0
ORD-103838,SUP-014,West,Electronics,CarrierC,2024-10-24,2024-10-29,2024-10-29,230,0
ORD-105450,SUP-003,Southwest,Perishables,CarrierC,2024/10/09,2024-10-19,2024-10-22,412,0
ORD-102741,SUP-012,Southeast,Home Goods,CarrierB,2024-06-12,2024-06-15,2024-06-20,282,0
ORD-100284,SUP-010,Southwest,Apparel,CarrierD,2024/01/03,2024-01-08,2024-01-08,64,0
ORD-100095,SUP-006,Midwest,Industrial Parts,CarrierA,02-May-2024,2024-05-07,2024-05-11,380,0
ORD-105805,SUP-001,Northeast,Apparel,CarrierC,2024-10-13,2024-10-23,2024-11-04,250,0
ORD-102664,SUP-004,Northeast,Office Supplies,CarrierC,2024-07-26,2024-07-31,2024-07-31,236,0
ORD-103955,SUP-011,West,Perishables,CarrierD,04/14/2024,2024-04-16,2024-04-16,234,0
ORD-103442,SUP-005,Southwest,Industrial Parts,CarrierC,03/13/2024,2024-03-20,2024-03-19,349,0
ORD-105824,SUP-012,Northeast,Home Goods,CarrierC,05/02/2024,2024-05-12,2024-05-17,227,0
ORD-105980,SUP-017,Midwest,Industrial Parts,CarrierA,2024/11/03,2024-11-06,2024-11-07,265,0
ORD-102649,SUP-001,Northeast,Electronics,CarrierB,2024/10/11,2024-10-13,2024-10-20,112,0
ORD-102280,SUP-001,Midwest,Apparel,CarrierB,2024-12-19,2024-12-29,2025-01-04,341,0
ORD-102521,SUP-006,Northeast,Home Goods,CarrierB,07/29/2024,2024-08-08,2024-08-08,456,0
ORD-103613,SUP-010,Southeast,Home Goods,CarrierA,03/31/2024,2024-04-10,2024-04-10,497,0
ORD-101284,SUP-017,West,Office Supplies,CarrierC,2024/10/19,2024-10-26,2024-10-26,201,0
ORD-104022,SUP-012,Southeast,Apparel,CarrierC,2024-11-30,2024-12-02,2024-12-02,18,0
ORD-102003,SUP-005,Southwest,Home Goods,CarrierD,03/27/2024,2024-04-03,2024-04-03,88,0
ORD-102153,SUP-013,Northeast,,CarrierA,11/16/2024,2024-11-23,2024-11-23,326,0
ORD-103764,SUP-009,Southwest,Home Goods,CarrierD,04-Apr-2024,2024-04-06,2024-04-09,52,0
ORD-102239,SUP-013,,Perishables,CarrierC,2024/09/24,2024-09-27,2024-09-27,16,0
ORD-103932,SUP-015,West,Apparel,CarrierB,07/05/2024,2024-07-10,2024-07-19,95,0
ORD-105207,SUP-014,Northeast,Home Goods,CarrierC,2024/04/18,2024-04-25,2024-04-25,36,0
ORD-104151,SUP-002,Midwest,Industrial Parts,CarrierC,2024-10-16,2024-10-19,2024-10-19,137,0
ORD-104578,SUP-017,West,Perishables,CarrierD,2024-12-25,2024-12-27,2024-12-29,338,0
ORD-100043,SUP-013,Southeast,Industrial Parts,CarrierB,2024-01-21,2024-01-28,2024-01-28,1,0
ORD-103956,SUP-011,West,,CarrierC,23-Dec-2024,2024-12-25,2024-12-25,382,0
ORD-104416,SUP-017,,Electronics,CarrierC,28-Oct-2024,2024-11-04,2024-11-09,3,0
ORD-102802,SUP-020,,Home Goods,CarrierA,01-Apr-2024,2024-04-06,2024-04-09,260,0
ORD-103089,SUP-008,West,Electronics,CarrierD,2024-03-24,2024-03-29,2024-03-29,230,0
ORD-105127,SUP-009,West,Office Supplies,CarrierB,04/14/2024,2024-04-24,2024-04-24,358,0
ORD-105549,SUP-002,Midwest,Perishables,CarrierD,2024/11/01,2024-11-04,2024-11-04,17,0
ORD-105452,SUP-015,Southwest,Office Supplies,CarrierC,2024-11-28,2024-12-05,2024-12-06,449,0
ORD-104333,SUP-013,West,Perishables,CarrierD,24-Jan-2024,2024-01-31,2024-01-31,167,0
ORD-101809,SUP-007,Northeast,Home Goods,CarrierA,2024/01/09,2024-01-12,2024-01-11,25,0
ORD-101003,SUP-014,Midwest,Perishables,CarrierB,2024-11-19,2024-11-26,2024-11-26,273,0
ORD-103859,SUP-009,West,Office Supplies,CarrierD,14-Apr-2024,2024-04-19,2024-04-19,411,0
ORD-105148,SUP-004,Southwest,Industrial Parts,CarrierD,2024-09-01,2024-09-04,2024-09-03,1,0
ORD-102393,SUP-011,Southwest,Apparel,CarrierD,01-Aug-2024,2024-08-03,2024-08-02,35,0
ORD-101076,SUP-013,Southeast,Electronics,CarrierA,29-Nov-2024,2024-12-06,2024-12-06,217,0
ORD-105308,SUP-010,Northeast,Perishables,CarrierB,07-Jan-2024,2024-01-12,2024-01-12,362,0
ORD-103855,SUP-019,West,Apparel,CarrierC,09/29/2024,2024-10-06,2024-10-06,313,0
ORD-103412,SUP-019,Northeast,Office Supplies,CarrierB,05/10/2024,2024-05-12,2024-05-12,292,0
ORD-105252,SUP-003,Southwest,Office Supplies,CarrierB,06-Nov-2024,2024-11-09,2024-11-09,495,0
ORD-100300,SUP-015,Midwest,Home Goods,CarrierB,09/04/2024,2024-09-06,2024-09-07,292,0
ORD-102898,SUP-014,Southwest,Apparel,CarrierB,2024/10/02,2024-10-04,2024-10-03,461,0
ORD-102507,SUP-002,Midwest,Industrial Parts,CarrierB,2024-09-05,2024-09-15,2024-09-20,334,0
ORD-100942,SUP-007,Midwest,Perishables,CarrierA,06-Dec-2024,2024-12-13,2024-12-12,7,0
ORD-105279,SUP-007,Southeast,,CarrierC,2024-03-17,2024-03-20,2024-03-20,220,0
ORD-102370,SUP-009,Southeast,Electronics,CarrierC,05/23/2024,2024-06-02,2024-06-02,53,0
ORD-101259,SUP-002,Northeast,Home Goods,CarrierD,2024-08-28,2024-08-30,2024-09-02,231,0
ORD-105282,SUP-019,Southeast,Electronics,CarrierB,11/15/2024,2024-11-17,2024-11-20,259,0
ORD-102522,SUP-008,Midwest,Perishables,CarrierC,2024/10/20,2024-10-23,2024-10-23,243,0
ORD-103156,SUP-003,West,Industrial Parts,CarrierD,10-Mar-2024,2024-03-20,2024-03-20,67,0
ORD-104559,SUP-001,West,Apparel,CarrierC,2024-09-10,2024-09-17,2024-09-17,21,0
ORD-104101,SUP-016,Northeast,Perishables,CarrierD,2024/10/04,2024-10-07,2024-10-10,30,0
ORD-100841,SUP-017,Midwest,Industrial Parts,CarrierC,06/19/2024,2024-06-26,2024-06-29,63,0
ORD-101868,SUP-018,Midwest,Industrial Parts,CarrierD,2024/09/10,2024-09-12,2024-09-12,9,0
ORD-100326,SUP-009,Northeast,Home Goods,CarrierB,2024/03/12,2024-03-15,2024-03-15,301,0
ORD-102436,SUP-014,Southwest,Office Supplies,CarrierD,09/23/2024,2024-09-30,2024-09-30,278,0
ORD-105299,SUP-018,Northeast,Industrial Parts,CarrierC,2024/09/26,2024-10-01,2024-10-01,250,0
ORD-103208,SUP-009,West,Perishables,CarrierA,2024-05-15,2024-05-22,2024-05-22,117,0
ORD-105644,SUP-008,West,Electronics,CarrierA,2024/04/28,2024-05-05,,92,0
ORD-101464,SUP-014,Midwest,Office Supplies,CarrierD,23-Sep-2024,2024-09-25,2024-09-25,319,0
ORD-104988,SUP-001,West,Apparel,CarrierB,2024/04/05,2024-04-07,2024-04-07,132,0
ORD-103131,SUP-011,Midwest,Perishables,CarrierC,22-May-2024,2024-05-25,2024-05-25,283,0
ORD-102061,SUP-006,Southeast,Home Goods,CarrierA,2024-04-13,2024-04-16,2024-04-17,130,0
ORD-104790,SUP-003,,Perishables,CarrierC,19-May-2024,2024-05-29,2024-06-03,317,0
ORD-104483,SUP-020,Northeast,Office Supplies,CarrierC,2024-04-14,2024-04-17,2024-04-18,269,0
ORD-102571,SUP-007,Northeast,Apparel,CarrierC,01/22/2024,2024-01-29,2024-01-29,251,0
ORD-103103,SUP-019,Southeast,Industrial Parts,CarrierA,03/13/2024,2024-03-20,2024-03-25,399,0
ORD-103333,SUP-011,Northeast,Industrial Parts,CarrierA,2024/11/15,2024-11-18,2024-11-18,406,0
ORD-100603,SUP-002,Southwest,Perishables,CarrierB,2024/01/25,2024-02-01,2024-02-08,71,0
ORD-104938,SUP-005,Northeast,Office Supplies,CarrierA,22-May-2024,2024-05-24,2024-05-23,478,0
ORD-104418,SUP-004,Southwest,Office Supplies,CarrierC,03/25/2024,2024-03-27,2024-03-27,373,0
ORD-100865,SUP-003,West,Perishables,CarrierA,2024-04-21,2024-04-26,2024-05-02,244,0
ORD-101890,SUP-001,Southwest,Industrial Parts,CarrierC,2024-12-01,2024-12-08,2024-12-10,188,0
ORD-104042,SUP-013,West,Perishables,CarrierB,01/22/2024,2024-01-27,2024-01-27,10,0
ORD-105586,SUP-001,West,Apparel,CarrierD,2024/09/26,2024-10-01,2024-10-03,143,0
ORD-105510,SUP-019,Northeast,Home Goods,CarrierC,2024/03/09,2024-03-16,2024-03-16,420,0
ORD-103367,SUP-015,Southwest,Industrial Parts,CarrierA,02/21/2024,2024-02-28,2024-03-01,156,0
ORD-101280,SUP-004,Southwest,Home Goods,CarrierB,2024/11/09,2024-11-16,2024-11-16,227,0
ORD-100830,SUP-007,Southeast,,CarrierA,12/15/2024,2024-12-18,2024-12-17,13,0
ORD-103149,SUP-009,Southeast,Industrial Parts,CarrierD,2024/06/24,2024-06-27,2024-06-27,309,0
ORD-103799,SUP-012,Midwest,Home Goods,CarrierA,2024-10-18,2024-10-20,2024-10-20,86,0
ORD-101904,SUP-020,Midwest,Electronics,CarrierB,08/25/2024,2024-08-27,2024-08-26,392,0
ORD-104551,SUP-006,Midwest,Industrial Parts,CarrierA,12-Jan-2024,2024-01-14,2024-01-14,465,0
ORD-104403,SUP-008,Southwest,Office Supplies,CarrierD,2024/12/23,2024-12-26,2024-12-26,27,0
ORD-102050,SUP-002,Midwest,Apparel,CarrierA,2024/11/06,2024-11-16,2024-11-19,397,0
ORD-101302,SUP-011,Southeast,Electronics,CarrierA,2024/03/17,2024-03-22,2024-03-22,190,0
ORD-100328,SUP-017,Southwest,Office Supplies,CarrierD,2024-09-21,2024-09-23,2024-09-23,282,0
ORD-104849,SUP-013,Southwest,Apparel,CarrierC,2024-05-30,2024-06-04,2024-06-04,285,0
ORD-101704,SUP-010,Northeast,Office Supplies,CarrierC,2024/01/08,2024-01-11,2024-01-11,133,0
ORD-102493,SUP-010,West,Apparel,CarrierD,09-Nov-2024,2024-11-16,2024-11-15,316,0
ORD-100387,SUP-011,Southeast,Home Goods,CarrierB,14-Feb-2024,2024-02-21,2024-02-21,28,0
ORD-104025,SUP-007,Northeast,Electronics,CarrierC,09/08/2024,2024-09-15,2024-09-15,342,0
ORD-100479,SUP-007,Southwest,Industrial Parts,CarrierA,30-Oct-2024,2024-11-01,2024-11-01,469,0
ORD-103629,SUP-015,Southeast,Electronics,CarrierA,12/19/2024,2024-12-29,2024-12-31,212,0
ORD-101175,SUP-003,Midwest,Industrial Parts,CarrierD,2024/02/11,2024-02-13,2024-02-13,116,0
ORD-105562,SUP-001,Northeast,Perishables,CarrierB,07/05/2024,2024-07-10,2024-07-11,365,0
ORD-102957,SUP-014,,Apparel,CarrierD,10/09/2024,2024-10-19,2024-10-19,336,0
ORD-104010,SUP-003,West,Office Supplies,CarrierD,2024/01/29,2024-02-01,2024-02-01,486,0
ORD-100117,SUP-017,Southwest,Perishables,CarrierB,2024/04/26,2024-04-29,2024-05-02,450,0
ORD-102862,SUP-004,Southeast,Electronics,CarrierD,06/04/2024,2024-06-07,2024-06-07,52,0
ORD-100879,SUP-006,Northeast,Office Supplies,CarrierB,01-Jan-2024,2024-01-11,2024-01-14,431,0
ORD-101029,SUP-012,Southwest,Industrial Parts,CarrierA,19-Feb-2024,2024-02-29,2024-02-29,162,0
ORD-100466,SUP-004,West,,CarrierD,08-Jul-2024,2024-07-11,2024-07-11,271,0
ORD-105260,SUP-001,West,Apparel,CarrierD,2024/07/13,2024-07-23,2024-07-26,286,0
ORD-103083,SUP-009,Southeast,Home Goods,CarrierB,11-May-2024,2024-05-13,2024-05-16,155,0
ORD-101901,SUP-017,Midwest,Electronics,CarrierB,2024/08/21,2024-08-31,2024-09-02,389,0
ORD-101975,SUP-010,Northeast,Perishables,CarrierB,2024/01/19,2024-01-21,2024-01-20,211,1
ORD-100776,SUP-020,Midwest,Apparel,CarrierD,2024/06/28,2024-07-08,2024-07-08,279,0
ORD-104664,SUP-008,Southeast,Home Goods,CarrierA,2024-11-02,2024-11-07,2024-11-07,23,0
ORD-101786,SUP-004,Midwest,Apparel,CarrierC,2024/10/29,2024-11-03,2024-11-02,367,0
ORD-105437,SUP-013,Southwest,Electronics,CarrierB,2024/11/12,2024-11-17,2024-11-24,109,0
ORD-104361,SUP-011,Southeast,Electronics,CarrierC,07/23/2024,2024-07-30,2024-07-30,232,0
ORD-105188,SUP-002,Northeast,Industrial Parts,CarrierD,2024-10-30,2024-11-04,2024-11-04,77,0
ORD-100084,SUP-015,Southwest,Perishables,CarrierD,2024/08/08,2024-08-18,2024-08-21,420,0
ORD-101665,SUP-015,Southeast,Apparel,CarrierC,06/30/2024,2024-07-02,2024-07-06,454,0
ORD-103487,SUP-006,Midwest,Apparel,CarrierD,2024/05/14,2024-05-21,,143,0
ORD-105184,SUP-014,Southwest,Industrial Parts,CarrierA,02/17/2024,2024-02-19,2024-02-19,366,0
ORD-102789,SUP-015,West,Industrial Parts,CarrierB,11/09/2024,2024-11-19,2024-11-23,373,0
ORD-104851,SUP-018,Midwest,Office Supplies,CarrierD,11/11/2024,2024-11-14,2024-11-14,329,0
ORD-102143,SUP-012,West,Apparel,CarrierA,08/05/2024,2024-08-07,2024-08-07,485,0
ORD-102199,SUP-010,Southwest,Perishables,CarrierB,2024/03/17,2024-03-27,2024-03-27,433,0
ORD-100511,SUP-014,West,Electronics,CarrierA,2024/10/06,2024-10-08,2024-10-07,305,0
ORD-103209,SUP-017,Southeast,Industrial Parts,CarrierA,2024/12/06,2024-12-13,2024-12-12,126,0
ORD-100731,SUP-017,Northeast,Home Goods,CarrierA,2024-05-10,2024-05-20,2024-05-20,440,0
ORD-102220,SUP-005,West,Office Supplies,CarrierD,27-Sep-2024,2024-09-29,2024-09-28,260,0
ORD-105342,SUP-003,West,Home Goods,CarrierC,2024-02-03,2024-02-06,2024-02-12,61,0
ORD-104626,SUP-006,,Apparel,CarrierB,08/22/2024,2024-08-27,2024-08-26,482,0
ORD-105992,SUP-019,Midwest,Office Supplies,CarrierD,01/04/2024,2024-01-06,2024-01-06,199,0
ORD-104861,SUP-009,Midwest,Industrial Parts,CarrierB,29-Jan-2024,2024-02-01,2024-02-01,177,0
ORD-102783,SUP-013,Midwest,Apparel,CarrierB,2024-03-08,2024-03-10,2024-03-13,411,0
ORD-102002,SUP-019,Southwest,Perishables,CarrierC,02-Aug-2024,2024-08-09,2024-08-09,456,0
ORD-105912,SUP-012,Southeast,Apparel,CarrierD,2024/05/17,2024-05-20,2024-05-27,364,0
ORD-103666,SUP-003,West,,CarrierD,13-Aug-2024,2024-08-16,2024-08-15,46,0
ORD-105539,SUP-010,Northeast,Perishables,CarrierD,2024-06-28,2024-07-08,2024-07-08,90,0
ORD-104470,SUP-019,Midwest,Office Supplies,CarrierB,06/18/2024,2024-06-20,2024-06-23,314,0
ORD-101633,SUP-009,Midwest,Perishables,CarrierC,14-Apr-2024,2024-04-24,2024-04-23,498,0
ORD-105442,SUP-014,Southeast,Industrial Parts,CarrierD,2024/09/08,2024-09-13,2024-09-13,240,0
ORD-102757,SUP-005,Northeast,Home Goods,CarrierC,01/08/2024,2024-01-18,2024-01-18,385,0
ORD-102859,SUP-005,,Electronics,CarrierB,07/12/2024,2024-07-19,2024-07-18,305,0
ORD-101184,SUP-009,Southeast,Home Goods,CarrierC,2024-10-26,2024-11-05,2024-11-05,113,0
ORD-103122,SUP-012,West,Industrial Parts,CarrierB,2024/07/17,2024-07-24,2024-07-24,417,0
ORD-103184,SUP-011,Southwest,Perishables,CarrierC,2024/01/21,2024-01-26,2024-01-26,466,0
ORD-102055,SUP-012,Midwest,Industrial Parts,CarrierA,2024/08/03,2024-08-08,2024-08-15,74,0
ORD-104334,SUP-003,West,Home Goods,CarrierC,21-Aug-2024,2024-08-26,2024-08-31,297,0
ORD-104083,SUP-008,Northeast,Electronics,CarrierB,2024-09-18,2024-09-21,2024-09-20,12,0
ORD-100127,SUP-010,Northeast,Electronics,CarrierA,25-Sep-2024,2024-09-28,2024-09-28,251,1
ORD-104450,SUP-005,West,Electronics,CarrierD,2024-12-09,2024-12-16,2024-12-16,311,0
ORD-100164,SUP-018,West,Electronics,CarrierC,2024/06/14,2024-06-19,2024-06-18,151,0
ORD-105764,SUP-001,Southwest,Office Supplies,CarrierD,2024-04-09,2024-04-12,2024-04-12,7,0
ORD-101510,SUP-015,Southwest,Industrial Parts,CarrierB,12/20/2024,2024-12-23,2024-12-30,5,0
ORD-103199,SUP-013,West,Industrial Parts,CarrierC,2024-12-22,2024-12-25,2024-12-24,290,0
ORD-101319,SUP-014,Southeast,Apparel,CarrierB,08/15/2024,2024-08-17,2024-08-17,341,0
ORD-102540,SUP-018,Southwest,Apparel,CarrierD,12-Jun-2024,2024-06-19,2024-06-19,413,0
ORD-100472,SUP-006,Midwest,Office Supplies,CarrierA,05/26/2024,2024-05-31,2024-05-31,316,0
ORD-101997,SUP-015,Northeast,Electronics,CarrierD,2024/09/17,2024-09-24,2024-09-24,253,0
ORD-100018,SUP-006,Midwest,Industrial Parts,CarrierA,2024-12-13,2024-12-23,2024-12-23,188,0
ORD-103952,SUP-010,Southwest,Perishables,CarrierC,31-Oct-2024,2024-11-03,2024-11-03,263,0
ORD-102956,SUP-008,Southwest,Home Goods,CarrierB,05/26/2024,2024-05-28,,467,0
ORD-102042,SUP-018,Midwest,Apparel,CarrierC,2024/11/22,2024-11-27,2024-12-02,145,0
ORD-105158,SUP-018,Southwest,Home Goods,CarrierC,04/08/2024,2024-04-13,2024-04-16,5,0
ORD-102137,SUP-011,West,Office Supplies,CarrierB,08/14/2024,2024-08-24,2024-08-24,485,0
ORD-101025,SUP-016,Southeast,Electronics,CarrierC,09/23/2024,2024-10-03,2024-10-02,314,0
ORD-100097,SUP-015,West,Home Goods,CarrierC,2024-08-26,2024-08-29,2024-08-28,120,0
ORD-105451,SUP-009,Midwest,Apparel,CarrierA,2024/09/13,2024-09-20,2024-09-20,406,0
ORD-103114,SUP-001,Northeast,Office Supplies,CarrierD,2024/12/21,2024-12-26,2024-12-25,85,0
ORD-105119,SUP-020,West,Home Goods,CarrierA,2024/12/12,2024-12-19,2024-12-25,394,0
ORD-102835,SUP-016,Southeast,Office Supplies,CarrierD,04/12/2024,2024-04-19,2024-04-18,306,0
ORD-103161,SUP-020,West,Home Goods,CarrierB,2024/05/04,2024-05-11,2024-05-10,209,0
ORD-100449,SUP-010,Northeast,Apparel,CarrierD,2024/10/02,2024-10-05,2024-10-04,442,0
ORD-100550,SUP-014,Northeast,Office Supplies,CarrierA,01/01/2024,2024-01-11,2024-01-17,268,0
ORD-104372,SUP-005,Southwest,Electronics,CarrierC,11-Aug-2024,2024-08-16,2024-08-16,338,0
ORD-103744,SUP-015,Southeast,Industrial Parts,CarrierB,2024/01/29,2024-02-03,2024-02-09,381,0
ORD-100178,SUP-007,Southwest,Apparel,CarrierC,2024-07-10,2024-07-12,2024-07-12,84,0
ORD-104529,SUP-006,Northeast,Office Supplies,CarrierA,31-Jul-2024,2024-08-05,2024-08-05,149,0
ORD-103654,SUP-013,West,Perishables,CarrierD,07/18/2024,2024-07-28,2024-07-28,52,0
ORD-101340,SUP-012,Southwest,Industrial Parts,CarrierC,2024-12-19,2024-12-22,2024-12-22,105,0
ORD-105915,SUP-018,Southwest,Office Supplies,CarrierA,10/26/2024,2024-10-28,2024-10-28,300,0
ORD-103548,SUP-002,Southwest,Office Supplies,CarrierC,12-Sep-2024,2024-09-19,2024-09-25,282,0
ORD-103520,SUP-015,Midwest,Industrial Parts,CarrierD,04/14/2024,2024-04-19,2024-04-19,379,0
ORD-101591,SUP-017,Southeast,Industrial Parts,CarrierB,2024/12/12,2024-12-15,2024-12-17,346,0
ORD-101516,SUP-003,Southeast,Office Supplies,CarrierA,19-Feb-2024,2024-02-26,2024-02-26,187,0
ORD-100741,SUP-004,Midwest,Industrial Parts,CarrierC,04/13/2024,2024-04-23,2024-04-26,214,0
ORD-104963,SUP-016,Southwest,Home Goods,CarrierB,2024-04-24,2024-05-04,2024-05-06,366,0
ORD-101769,SUP-005,Northeast,Perishables,CarrierA,26-Aug-2024,2024-08-29,2024-08-29,443,0
ORD-105631,SUP-012,Southeast,Apparel,CarrierA,2024/03/25,2024-03-27,2024-04-04,286,0
ORD-100483,SUP-006,Southwest,Apparel,CarrierB,2024/02/15,2024-02-18,2024-02-22,318,0
ORD-105703,SUP-013,Northeast,Perishables,CarrierC,09/03/2024,2024-09-13,2024-09-13,332,0
ORD-102810,SUP-009,West,Industrial Parts,CarrierB,2024-10-15,2024-10-22,2024-10-26,271,0
ORD-102021,SUP-003,Midwest,Apparel,CarrierC,18-Aug-2024,2024-08-28,2024-09-04,300,0
ORD-103257,SUP-018,,Office Supplies,CarrierD,05-Mar-2024,2024-03-08,2024-03-07,357,0
ORD-101910,SUP-016,Southeast,Apparel,CarrierC,05/26/2024,2024-05-31,2024-05-31,107,0
ORD-102485,SUP-013,Southwest,Industrial Parts,CarrierB,15-Aug-2024,2024-08-20,2024-08-23,398,0
ORD-100780,SUP-018,West,Industrial Parts,CarrierC,26-Jan-2024,2024-01-31,2024-01-31,394,0
ORD-104644,SUP-016,Southeast,Electronics,CarrierB,2024-05-03,2024-05-10,2024-05-12,30,0
ORD-100077,SUP-017,West,Office Supplies,CarrierD,12/18/2024,2024-12-28,2024-12-28,483,0
ORD-104878,SUP-015,Southeast,Apparel,CarrierB,2024-02-15,2024-02-25,2024-03-04,435,0
ORD-101889,SUP-003,Northeast,Perishables,CarrierA,22-Aug-2024,2024-08-25,2024-08-28,202,0
ORD-105103,SUP-003,Southeast,Electronics,CarrierB,2024-01-27,2024-02-03,2024-02-07,443,0
ORD-102347,SUP-009,Southwest,Electronics,CarrierA,03/04/2024,2024-03-11,2024-03-14,19,0
ORD-105608,SUP-007,Midwest,Perishables,CarrierA,27-May-2024,2024-05-29,2024-05-29,499,0
ORD-100673,SUP-001,Northeast,Home Goods,CarrierB,02-Aug-2024,2024-08-07,2024-08-16,458,0
ORD-102203,SUP-020,Midwest,Perishables,CarrierA,10-Feb-2024,2024-02-20,2024-02-19,132,0
ORD-104782,SUP-009,West,Office Supplies,CarrierC,2024-08-11,2024-08-21,2024-08-21,405,0
ORD-104971,SUP-009,West,Perishables,CarrierC,11-Dec-2024,2024-12-13,2024-12-13,63,0
ORD-100458,SUP-009,Southeast,Perishables,CarrierD,05/06/2024,2024-05-13,2024-05-14,101,0
ORD-102865,SUP-009,Southeast,Industrial Parts,CarrierD,08/28/2024,2024-09-04,2024-09-04,362,0
ORD-100752,SUP-007,Southwest,Office Supplies,CarrierA,14-Feb-2024,2024-02-21,2024-02-25,364,1
ORD-100121,SUP-016,Northeast,Perishables,CarrierB,2024/01/17,2024-01-19,2024-01-18,293,0
ORD-103637,SUP-007,Northeast,Electronics,CarrierD,03/23/2024,2024-03-28,2024-03-27,230,0
ORD-100699,SUP-020,Southeast,Electronics,CarrierA,2024-03-18,2024-03-25,2024-03-25,293,0
ORD-102924,SUP-008,Southwest,Industrial Parts,CarrierA,18-Feb-2024,2024-02-23,2024-02-26,154,0
ORD-105383,SUP-009,West,Perishables,CarrierB,2024-06-15,2024-06-25,2024-07-05,169,0
ORD-101492,SUP-009,West,Industrial Parts,CarrierC,30-Apr-2024,2024-05-02,2024-05-02,215,0
ORD-103898,SUP-020,Northeast,Industrial Parts,CarrierD,2024/12/21,2024-12-26,2024-12-26,329,0
ORD-101948,SUP-006,Midwest,Home Goods,CarrierD,11/15/2024,2024-11-18,2024-11-19,476,0
ORD-102086,SUP-016,West,Office Supplies,CarrierB,05/16/2024,2024-05-26,2024-05-26,189,0
ORD-103365,SUP-012,Midwest,Electronics,CarrierD,2024-03-09,2024-03-14,2024-03-14,295,0
ORD-100031,SUP-001,Northeast,Perishables,CarrierC,26-Oct-2024,2024-11-02,2024-11-06,44,0
ORD-102154,SUP-011,West,Home Goods,CarrierB,2024/06/21,2024-07-01,2024-06-30,239,0
ORD-102758,SUP-010,Southeast,Home Goods,CarrierB,2024/11/07,2024-11-12,2024-11-12,287,0
ORD-100069,SUP-017,Southwest,Home Goods,CarrierB,13-Apr-2024,2024-04-20,2024-04-20,315,0
ORD-101449,SUP-004,West,,CarrierC,02-Jan-2024,2024-01-05,2024-01-05,408,0
ORD-105215,SUP-003,Midwest,Electronics,CarrierD,19-Nov-2024,2024-11-24,2024-11-24,474,0
ORD-105893,SUP-015,Southwest,Home Goods,CarrierD,26-Apr-2024,2024-05-01,2024-05-03,333,0
ORD-103175,SUP-015,,Apparel,CarrierD,09-Oct-2024,2024-10-14,2024-10-13,383,0
ORD-103627,SUP-014,West,Office Supplies,CarrierA,2024-11-15,2024-11-20,2024-11-20,391,0
ORD-103877,SUP-007,,Industrial Parts,CarrierB,2024-01-07,2024-01-12,2024-01-11,185,0
ORD-105286,SUP-016,West,Office Supplies,CarrierA,2024-04-09,2024-04-19,2024-04-19,167,0
ORD-103959,SUP-004,Southeast,Industrial Parts,CarrierA,01/24/2024,2024-01-31,2024-02-08,100,0
ORD-105776,SUP-001,West,Apparel,CarrierB,2024/09/30,2024-10-05,2024-10-12,331,0
ORD-103221,SUP-008,Midwest,Home Goods,CarrierD,2024/10/24,2024-11-03,2024-11-02,44,0
ORD-103146,SUP-019,Midwest,Industrial Parts,CarrierC,2024-12-05,2024-12-08,2024-12-14,243,0
ORD-101531,SUP-003,Midwest,Perishables,CarrierD,2024-09-06,2024-09-11,2024-09-11,179,0
ORD-104501,SUP-001,West,Apparel,CarrierD,08-Apr-2024,2024-04-11,2024-04-12,394,0
ORD-105338,SUP-020,Midwest,Perishables,CarrierD,2024/12/06,2024-12-11,2024-12-11,393,0
ORD-102432,SUP-006,Southwest,Perishables,CarrierB,01-Feb-2024,2024-02-04,2024-02-05,117,0
ORD-104361,SUP-011,Southeast,Electronics,CarrierC,23-Jul-2024,2024-07-30,2024-07-30,232,0
ORD-103574,SUP-019,Northeast,Electronics,CarrierB,02/26/2024,2024-03-02,2024-03-02,203,0
ORD-103182,SUP-003,West,Perishables,CarrierD,2024-11-26,2024-12-01,2024-12-07,108,0
ORD-101912,SUP-010,Northeast,Apparel,CarrierC,2024/07/27,2024-08-06,2024-08-06,351,0
ORD-100504,SUP-015,Northeast,Electronics,CarrierB,2024-09-02,2024-09-12,2024-09-12,163,0
ORD-100339,SUP-017,Midwest,Industrial Parts,CarrierD,2024/10/02,2024-10-07,2024-10-11,17,0
ORD-104910,SUP-017,West,Home Goods,CarrierB,11/15/2024,2024-11-22,2024-11-22,346,0
ORD-103580,SUP-018,West,Electronics,CarrierB,2024-01-16,2024-01-19,2024-01-24,207,0
ORD-105696,SUP-017,Southwest,Electronics,CarrierB,10/03/2024,2024-10-10,2024-10-12,335,0
ORD-100798,SUP-020,Midwest,Electronics,CarrierA,22-Jun-2024,2024-06-25,2024-07-01,186,0
ORD-105026,SUP-012,Northeast,Electronics,CarrierC,2024-06-16,2024-06-26,2024-06-29,479,0
ORD-104840,SUP-001,Southwest,Electronics,CarrierA,2024-06-24,2024-07-01,2024-07-01,242,0
ORD-105074,SUP-017,Southwest,Perishables,CarrierD,12/15/2024,2024-12-22,2024-12-25,199,0
ORD-105704,SUP-002,Midwest,Office Supplies,CarrierB,15-Nov-2024,2024-11-17,2024-11-17,26,0
ORD-105851,SUP-008,Midwest,Electronics,CarrierC,11-May-2024,2024-05-14,2024-05-13,37,0
ORD-100061,SUP-003,Midwest,Home Goods,CarrierA,12/21/2024,2024-12-31,2025-01-03,92,0
ORD-101775,SUP-013,Southeast,Industrial Parts,CarrierC,2024-06-25,2024-07-02,2024-07-02,408,0
ORD-102845,SUP-020,West,Industrial Parts,CarrierB,2024-11-30,2024-12-05,2024-12-09,80,0
ORD-102318,SUP-014,West,Apparel,CarrierB,01/24/2024,2024-01-29,2024-01-29,123,0
ORD-102460,SUP-005,,Apparel,CarrierB,2024-10-07,2024-10-10,2024-10-10,147,0
ORD-104237,SUP-018,Southeast,Apparel,CarrierD,25-Apr-2024,2024-05-02,2024-05-02,387,0
ORD-105865,SUP-018,West,Perishables,CarrierC,2024-10-13,2024-10-23,2024-10-23,27,0
ORD-101567,SUP-009,Northeast,Electronics,CarrierA,2024/01/28,2024-02-04,2024-02-04,76,0
ORD-104289,SUP-002,Northeast,Home Goods,CarrierA,2024-04-18,2024-04-21,2024-04-26,145,0
ORD-104742,SUP-005,Northeast,Perishables,CarrierB,2024-01-31,2024-02-03,2024-02-02,381,0
ORD-104456,SUP-016,Southwest,Perishables,CarrierB,04/21/2024,2024-04-23,2024-04-23,243,0
ORD-102848,SUP-019,Northeast,Industrial Parts,CarrierC,15-Jun-2024,2024-06-18,2024-06-24,35,0
ORD-101689,SUP-016,Southwest,Apparel,CarrierD,09/11/2024,2024-09-16,2024-09-22,380,0
ORD-104153,SUP-013,Southwest,Home Goods,CarrierC,11-May-2024,2024-05-14,2024-05-13,47,0
ORD-102986,SUP-008,Midwest,Office Supplies,CarrierA,2024/12/13,2024-12-23,2024-12-23,59,0
ORD-102419,SUP-010,Southwest,Home Goods,CarrierB,2024-05-29,2024-06-08,2024-06-08,178,0
ORD-104454,SUP-018,Midwest,,CarrierD,2024-04-04,2024-04-09,2024-04-09,28,0
ORD-105747,SUP-020,Midwest,Perishables,CarrierC,06/20/2024,2024-06-22,2024-06-22,246,0
ORD-101568,SUP-017,Southeast,Apparel,CarrierD,2024-10-02,2024-10-05,2024-10-05,386,0
ORD-103965,SUP-015,Northeast,Office Supplies,CarrierC,09-Mar-2024,2024-03-19,2024-03-19,139,0
ORD-102339,SUP-005,Southeast,Home Goods,CarrierC,15-Dec-2024,2024-12-18,2024-12-18,373,0
ORD-102094,SUP-018,Southeast,Perishables,CarrierD,29-Feb-2024,2024-03-10,2024-03-14,132,0
ORD-105019,SUP-010,,Electronics,CarrierB,12-Jan-2024,2024-01-19,2024-01-19,443,0
ORD-102041,SUP-014,West,Electronics,CarrierB,10/20/2024,2024-10-23,2024-10-23,117,0
ORD-104373,SUP-008,Midwest,Industrial Parts,CarrierD,07/25/2024,2024-07-30,2024-08-02,92,0
ORD-102200,SUP-003,Southeast,Office Supplies,CarrierD,18-Sep-2024,2024-09-28,2024-09-28,193,0
ORD-102272,SUP-008,Midwest,Apparel,CarrierC,2024/10/24,2024-11-03,2024-11-03,21,0
ORD-100381,SUP-004,Southwest,Electronics,CarrierC,09/17/2024,2024-09-20,2024-09-29,451,0
ORD-103864,SUP-015,Southwest,Home Goods,CarrierA,2024-05-10,2024-05-13,2024-05-24,456,0
ORD-102412,SUP-011,Northeast,Perishables,CarrierD,09-May-2024,2024-05-11,2024-05-13,69,0
ORD-103912,SUP-016,Northeast,Industrial Parts,CarrierC,20-Jun-2024,2024-06-27,2024-06-27,178,0
ORD-101390,SUP-003,West,Electronics,CarrierD,2024-01-07,2024-01-17,2024-01-17,39,0
ORD-105120,SUP-007,West,Apparel,CarrierD,12/01/2024,2024-12-06,2024-12-05,354,0
ORD-105481,SUP-006,Midwest,Electronics,CarrierC,23-Sep-2024,2024-09-26,2024-09-26,153,0
ORD-103914,SUP-001,Southeast,Office Supplies,CarrierC,26-May-2024,2024-05-28,2024-05-28,241,1
ORD-101952,SUP-010,Southeast,Perishables,CarrierA,2024/09/08,2024-09-13,2024-09-13,182,0
ORD-104162,SUP-020,Southeast,Home Goods,CarrierA,07/21/2024,2024-07-26,2024-07-29,287,0
ORD-105151,SUP-007,Midwest,Industrial Parts,CarrierC,20-Aug-2024,2024-08-22,2024-08-22,113,0
ORD-102915,SUP-004,West,Apparel,CarrierC,2024/09/24,2024-09-26,2024-09-26,229,0
ORD-102342,SUP-009,Southeast,,CarrierC,2024/01/15,2024-01-25,2024-01-24,132,0
ORD-104209,SUP-010,Southeast,Office Supplies,CarrierD,2024/12/13,2024-12-20,2024-12-19,111,0
ORD-100245,SUP-011,Southwest,Apparel,CarrierD,14-Apr-2024,2024-04-21,2024-04-21,55,0
ORD-101439,SUP-015,Northeast,Home Goods,CarrierD,01/12/2024,2024-01-14,2024-01-14,367,0
ORD-101022,SUP-016,Northeast,Perishables,CarrierC,09/17/2024,2024-09-27,2024-09-29,206,0
ORD-103233,SUP-001,Northeast,Perishables,CarrierA,2024/09/29,2024-10-02,2024-10-04,372,0
ORD-105076,SUP-020,West,Perishables,CarrierB,2024-09-12,2024-09-14,2024-09-14,382,0
ORD-100411,SUP-006,Southeast,Electronics,CarrierD,04/22/2024,2024-04-27,2024-05-06,125,0
ORD-102261,SUP-016,Midwest,Industrial Parts,CarrierA,2024-07-03,2024-07-08,2024-07-07,104,0
ORD-101062,SUP-007,West,Office Supplies,CarrierD,04/02/2024,2024-04-09,2024-04-09,165,0
ORD-104212,SUP-007,West,Office Supplies,CarrierC,2024-03-02,2024-03-05,2024-03-05,387,0
ORD-105971,SUP-003,Northeast,Industrial Parts,CarrierA,2024/03/23,2024-03-25,2024-03-29,34,0
ORD-105767,SUP-016,Southeast,Perishables,CarrierA,22-Aug-2024,2024-08-27,2024-08-27,373,0
ORD-104343,SUP-005,Southwest,Apparel,CarrierC,28-Feb-2024,2024-03-01,2024-03-01,17,0
ORD-103561,SUP-001,Southeast,Apparel,CarrierA,2024/02/03,2024-02-08,2024-02-18,177,0
ORD-100665,SUP-020,Northeast,Apparel,CarrierB,11-Jun-2024,2024-06-18,2024-06-23,130,0
ORD-104460,SUP-003,West,Industrial Parts,CarrierC,2024/07/23,2024-07-28,2024-08-05,120,0
ORD-105659,SUP-008,Midwest,Industrial Parts,CarrierB,27-Sep-2024,2024-10-04,2024-10-15,213,0
ORD-104188,SUP-018,Midwest,Perishables,CarrierB,2024-10-26,2024-11-02,2024-11-04,39,0
ORD-104163,SUP-006,Southeast,Electronics,CarrierB,01-Jan-2024,2024-01-04,2024-01-04,162,0
ORD-100114,SUP-010,Northeast,Apparel,CarrierA,2024/06/21,2024-07-01,2024-07-01,498,0
ORD-103989,SUP-018,Southwest,Apparel,CarrierD,2024/02/29,2024-03-05,2024-03-05,199,0
ORD-102302,SUP-018,West,Office Supplies,CarrierB,2024/12/09,2024-12-12,2024-12-12,489,0
ORD-102477,SUP-020,Northeast,Apparel,CarrierA,2024-03-06,2024-03-09,2024-03-17,53,0
ORD-103250,SUP-015,Southeast,Apparel,CarrierD,2024/05/09,2024-05-16,2024-05-16,241,0
ORD-100118,SUP-003,Southeast,Apparel,CarrierB,2024-01-01,2024-01-11,2024-01-10,379,0
ORD-101981,SUP-018,West,Industrial Parts,CarrierC,05/03/2024,2024-05-10,2024-05-10,304,0
ORD-102180,SUP-015,Southeast,Electronics,CarrierC,05-Sep-2024,2024-09-15,2024-09-14,51,0
ORD-100162,SUP-015,Southwest,Home Goods,CarrierA,13-Jan-2024,2024-01-16,2024-01-18,161,0
ORD-100263,SUP-016,West,Office Supplies,CarrierA,2024-04-14,2024-04-21,,469,0
ORD-105409,SUP-007,Southeast,Electronics,CarrierB,2024-09-25,2024-09-27,2024-09-27,170,0
ORD-104342,SUP-018,Southeast,Office Supplies,CarrierD,2024/05/19,2024-05-22,2024-05-26,485,0
ORD-100775,SUP-020,Midwest,Apparel,CarrierB,2024/08/02,2024-08-04,2024-08-10,96,0
ORD-104871,SUP-019,Southwest,Home Goods,CarrierA,2024-01-26,2024-02-05,2024-02-05,365,0
ORD-104648,SUP-016,Southeast,Industrial Parts,CarrierC,2024/06/10,2024-06-12,2024-06-12,213,0
ORD-105209,SUP-014,Midwest,Office Supplies,CarrierB,30-Oct-2024,2024-11-01,2024-11-01,384,0
ORD-105517,SUP-012,Northeast,Electronics,CarrierB,2024/12/26,2024-12-28,2024-12-27,440,0
ORD-104676,SUP-014,West,Industrial Parts,CarrierB,03/30/2024,2024-04-06,2024-04-05,269,0
ORD-104940,SUP-001,Midwest,Home Goods,CarrierC,24-May-2024,2024-06-03,2024-06-02,50,0
ORD-104473,SUP-002,Northeast,Office Supplies,CarrierA,06/28/2024,2024-07-01,2024-07-01,339,0
ORD-100651,SUP-018,Southwest,Office Supplies,CarrierC,2024/09/19,2024-09-26,2024-10-02,201,0
ORD-103723,SUP-002,Southeast,Industrial Parts,CarrierB,2024-12-28,2025-01-07,2025-01-17,410,0
ORD-105487,SUP-020,Northeast,Industrial Parts,CarrierB,2024/10/08,2024-10-11,2024-10-11,169,0
ORD-101170,SUP-001,Southwest,Office Supplies,CarrierD,23-Mar-2024,2024-04-02,2024-04-02,252,0
ORD-105600,SUP-006,Northeast,Apparel,CarrierB,04/27/2024,2024-05-07,2024-05-13,240,0
ORD-103011,SUP-014,Southeast,Office Supplies,CarrierD,22-Mar-2024,2024-03-24,2024-03-23,384,0
ORD-100188,SUP-002,Southwest,Office Supplies,CarrierD,02/02/2024,2024-02-12,2024-02-14,121,0
ORD-103874,SUP-018,Northeast,Apparel,CarrierA,2024-09-02,2024-09-12,2024-09-17,496,0
ORD-103023,SUP-015,Southwest,Electronics,CarrierC,07/17/2024,2024-07-20,2024-07-19,328,0
ORD-101368,SUP-016,Southwest,Home Goods,CarrierA,2024/06/08,2024-06-13,2024-06-13,242,0
ORD-100897,SUP-012,Northeast,Perishables,CarrierC,2024/06/26,2024-06-29,2024-06-29,300,0
ORD-100928,SUP-019,West,Apparel,CarrierB,2024/11/13,2024-11-23,2024-11-23,200,0
ORD-104772,SUP-007,West,Perishables,CarrierB,16-Apr-2024,2024-04-26,2024-04-30,230,0
ORD-100014,SUP-018,Southeast,Office Supplies,CarrierC,2024/08/25,2024-08-27,2024-08-30,304,0
ORD-102548,SUP-002,Southwest,Electronics,CarrierC,04/20/2024,2024-04-30,2024-04-30,322,0
ORD-100967,SUP-008,West,Electronics,CarrierB,2024/03/24,2024-03-31,2024-03-31,482,0
ORD-101106,SUP-018,Southwest,Apparel,CarrierB,08/05/2024,2024-08-08,2024-08-07,488,0
ORD-105579,SUP-008,Midwest,Apparel,CarrierA,2024-08-07,2024-08-17,2024-08-25,429,0
ORD-104336,SUP-003,Southeast,Perishables,CarrierB,2024/12/01,2024-12-11,2024-12-14,426,0
ORD-103968,SUP-002,Midwest,Apparel,CarrierA,06/24/2024,2024-07-01,2024-07-09,494,0
ORD-101254,SUP-018,Southwest,Apparel,CarrierA,02-Feb-2024,2024-02-05,2024-02-07,57,0
ORD-102648,SUP-007,Southwest,Electronics,CarrierD,2024/12/28,2024-12-30,2024-12-30,319,0
ORD-102923,SUP-006,Northeast,Office Supplies,CarrierD,2024-11-15,2024-11-25,2024-11-25,217,0
ORD-104780,SUP-004,West,Electronics,CarrierC,08/12/2024,2024-08-17,2024-08-17,390,0
ORD-104264,SUP-016,Southeast,Perishables,CarrierA,03/12/2024,2024-03-15,2024-03-15,491,0
ORD-102322,SUP-012,West,Electronics,CarrierB,2024/12/11,2024-12-21,2024-12-29,63,0
ORD-101639,SUP-017,Southeast,Apparel,CarrierD,03-Nov-2024,2024-11-05,2024-11-17,65,0
ORD-101133,SUP-008,Northeast,Apparel,CarrierD,14-Sep-2024,2024-09-16,2024-09-15,250,0
ORD-105685,SUP-010,Southeast,Office Supplies,CarrierC,2024/05/23,2024-06-02,2024-06-02,65,0
ORD-103519,SUP-015,Southwest,Industrial Parts,CarrierD,07/10/2024,2024-07-20,2024-07-29,304,0
ORD-101878,SUP-020,Southwest,Electronics,CarrierD,14-May-2024,2024-05-16,2024-05-15,351,0
ORD-100271,SUP-020,Southwest,Electronics,CarrierB,2024-06-17,2024-06-27,2024-06-27,310,0
ORD-101473,SUP-015,Southwest,Office Supplies,CarrierC,11/22/2024,2024-11-25,2024-11-28,398,0
ORD-105349,SUP-016,West,Industrial Parts,CarrierC,2024/11/02,2024-11-05,2024-11-10,471,0
ORD-101547,SUP-007,Southeast,Perishables,CarrierB,11/30/2024,2024-12-05,2024-12-14,346,0
ORD-104310,SUP-015,Southwest,Office Supplies,CarrierD,09/26/2024,2024-10-01,2024-10-01,118,0
ORD-105665,SUP-015,Southwest,Home Goods,CarrierD,11/28/2024,2024-12-01,2024-12-01,254,0
ORD-104440,SUP-008,Southeast,Home Goods,CarrierC,27-Oct-2024,2024-11-01,2024-11-01,447,0
ORD-100838,SUP-012,Northeast,Perishables,CarrierD,2024-08-20,2024-08-23,2024-08-28,211,0
ORD-102195,SUP-017,Southwest,Office Supplies,CarrierC,23-Jan-2024,2024-01-28,2024-01-30,348,0
ORD-101835,SUP-005,Midwest,Perishables,CarrierA,29-Feb-2024,2024-03-10,2024-03-10,156,0
ORD-104891,SUP-011,Northeast,Office Supplies,CarrierB,02/16/2024,2024-02-26,2024-02-26,195,0
ORD-100412,SUP-010,Midwest,Electronics,CarrierD,2024/12/27,2025-01-01,2025-01-01,153,0
ORD-101712,SUP-018,Northeast,Industrial Parts,CarrierD,2024-04-26,2024-05-03,2024-05-04,222,0
ORD-104438,SUP-015,Midwest,Industrial Parts,CarrierD,12-Dec-2024,2024-12-17,2024-12-17,468,0
ORD-105043,SUP-016,Southwest,Electronics,CarrierD,04/19/2024,2024-04-22,2024-04-28,154,0
ORD-102795,SUP-010,Midwest,Perishables,CarrierD,2024-01-23,2024-01-28,2024-01-28,495,0
ORD-102221,SUP-001,Southwest,Perishables,CarrierB,04/24/2024,2024-05-04,2024-05-07,417,0
ORD-100377,SUP-010,Northeast,Home Goods,CarrierB,04/16/2024,2024-04-19,2024-04-19,345,0
ORD-101491,SUP-012,Northeast,Electronics,CarrierB,05/12/2024,2024-05-15,2024-05-15,218,0
ORD-100738,SUP-010,Northeast,Office Supplies,CarrierD,03/26/2024,2024-03-29,2024-03-29,347,0
ORD-103377,SUP-005,Midwest,Apparel,CarrierC,2024/08/14,2024-08-24,2024-08-24,285,0
ORD-103615,SUP-015,West,Office Supplies,CarrierD,13-Sep-2024,2024-09-16,2024-09-20,107,0
ORD-105599,SUP-014,Northeast,Home Goods,CarrierA,12/15/2024,2024-12-22,2024-12-22,264,0
ORD-100052,SUP-017,West,Electronics,CarrierB,2024/01/14,2024-01-16,2024-01-20,259,0
ORD-104114,SUP-014,West,Electronics,CarrierB,2024-05-06,2024-05-08,2024-05-07,373,0
ORD-105405,SUP-011,Midwest,Industrial Parts,CarrierD,02/26/2024,2024-03-02,2024-03-02,403,0
ORD-102269,SUP-007,Northeast,Electronics,CarrierD,2024-09-24,2024-09-26,2024-09-26,399,0
ORD-105094,SUP-003,Northeast,Industrial Parts,CarrierB,2024-10-21,2024-10-28,2024-11-03,67,0
ORD-103094,SUP-020,Northeast,Office Supplies,CarrierB,2024/10/09,2024-10-16,2024-10-16,220,0
ORD-101389,SUP-020,West,Home Goods,CarrierB,2024-07-17,2024-07-20,2024-07-20,152,0
ORD-103188,SUP-007,West,Electronics,CarrierC,2024/05/07,2024-05-12,2024-05-12,440,0
ORD-103478,SUP-007,Southwest,Apparel,CarrierB,2024-03-02,2024-03-09,2024-03-11,450,0
ORD-103433,SUP-002,Northeast,Electronics,CarrierC,2024-10-23,2024-10-30,2024-10-30,27,0
ORD-104191,SUP-013,Northeast,Perishables,CarrierA,03/20/2024,2024-03-30,2024-04-01,291,0
ORD-102309,SUP-019,Southwest,Home Goods,CarrierB,2024-11-29,2024-12-01,2024-12-01,284,0
ORD-103222,SUP-009,Southwest,Home Goods,CarrierA,15-Dec-2024,2024-12-18,2024-12-18,438,0
ORD-102590,SUP-005,Southeast,Apparel,CarrierC,2024-04-07,2024-04-17,2024-04-16,334,1
ORD-101632,SUP-014,Southwest,Perishables,CarrierA,02/21/2024,2024-03-02,2024-03-02,325,0
ORD-104275,SUP-015,Southwest,Industrial Parts,CarrierC,26-Jun-2024,2024-07-01,2024-07-06,251,0
ORD-103174,SUP-006,West,Apparel,CarrierB,2024/09/14,2024-09-19,2024-09-19,318,0
ORD-104812,SUP-017,Midwest,Home Goods,CarrierB,2024/03/25,2024-03-27,2024-03-26,476,0
ORD-102976,SUP-016,Midwest,Industrial Parts,CarrierA,2024-02-20,2024-03-01,2024-03-07,270,0
ORD-104280,SUP-015,Northeast,Apparel,CarrierC,2024/03/25,2024-03-27,2024-03-29,213,0
ORD-100467,SUP-011,Northeast,Perishables,CarrierB,11/19/2024,2024-11-26,2024-11-26,464,0
ORD-105807,SUP-018,West,Industrial Parts,CarrierA,2024/09/13,2024-09-23,2024-09-23,310,0
ORD-100903,SUP-014,Northeast,Office Supplies,CarrierB,11-Aug-2024,2024-08-16,2024-08-15,486,0
ORD-105780,SUP-010,Southeast,Industrial Parts,CarrierA,2024-06-14,2024-06-24,2024-06-24,259,0
ORD-100071,SUP-009,Midwest,Home Goods,CarrierC,2024-05-29,2024-06-05,2024-06-05,220,0
ORD-103217,SUP-014,Midwest,Home Goods,CarrierC,2024/06/30,2024-07-03,2024-07-03,45,0
ORD-105643,SUP-007,Southeast,Office Supplies,CarrierB,2024/01/15,2024-01-18,2024-01-18,74,0
ORD-101898,SUP-004,Southeast,Apparel,CarrierC,09/23/2024,2024-10-03,2024-10-03,365,0
ORD-105052,SUP-014,Southeast,Electronics,CarrierC,2024-07-04,2024-07-06,2024-07-06,377,0
ORD-103995,SUP-002,Midwest,Electronics,CarrierD,01/19/2024,2024-01-29,2024-01-30,417,0
ORD-105569,SUP-007,Southeast,Electronics,CarrierA,14-Jul-2024,2024-07-17,2024-07-17,219,0
ORD-101207,SUP-020,West,Industrial Parts,CarrierC,2024-06-05,2024-06-12,2024-06-17,340,0
ORD-102077,SUP-007,West,Industrial Parts,CarrierA,06/08/2024,2024-06-15,2024-06-20,302,0
ORD-101590,SUP-013,Southwest,Electronics,CarrierB,26-Mar-2024,2024-03-31,2024-03-30,465,0
ORD-102844,SUP-019,Northeast,Apparel,CarrierA,2024-11-19,2024-11-22,2024-11-22,127,0
ORD-105159,SUP-013,Midwest,Home Goods,CarrierD,06/17/2024,2024-06-27,2024-06-29,391,0
ORD-102205,SUP-015,Southwest,Perishables,CarrierD,22-Oct-2024,2024-11-01,2024-11-03,319,0
ORD-102980,SUP-013,West,Home Goods,CarrierB,2024/05/25,2024-05-28,2024-05-28,20,0
ORD-100658,SUP-007,Northeast,Industrial Parts,CarrierB,04-Oct-2024,2024-10-07,2024-10-11,486,0
ORD-100063,SUP-014,Southeast,Perishables,CarrierC,01/15/2024,2024-01-17,2024-01-17,350,0
ORD-101838,SUP-014,Northeast,Industrial Parts,CarrierB,2024-12-13,2024-12-15,2024-12-15,430,0
ORD-104000,SUP-008,West,,CarrierB,2024-10-20,2024-10-23,2024-10-23,491,0
ORD-105172,SUP-004,Northeast,Electronics,CarrierD,2024/05/25,2024-05-27,2024-05-30,297,0
ORD-103036,SUP-007,Northeast,Industrial Parts,CarrierC,03/28/2024,2024-03-31,2024-04-02,279,0
ORD-100454,SUP-012,,Home Goods,CarrierB,2024-02-08,2024-02-13,2024-02-13,40,0
ORD-105479,SUP-007,Northeast,Office Supplies,CarrierB,06-May-2024,2024-05-16,2024-05-16,430,0
ORD-100402,SUP-010,Southwest,Apparel,CarrierA,18-Sep-2024,2024-09-23,2024-09-23,94,0
ORD-105085,SUP-019,Northeast,Apparel,CarrierC,20-Jul-2024,2024-07-30,2024-08-03,433,0
ORD-105541,SUP-014,,Perishables,CarrierA,07/13/2024,2024-07-18,2024-07-17,304,0
ORD-101472,SUP-019,Southwest,Apparel,CarrierD,11/06/2024,2024-11-11,2024-11-11,54,0
ORD-100677,SUP-002,,Office Supplies,CarrierB,2024/03/30,2024-04-04,2024-04-06,97,0
ORD-103356,SUP-006,Southeast,Perishables,CarrierC,19-Sep-2024,2024-09-21,2024-09-24,28,0
ORD-101616,SUP-013,Northeast,Apparel,CarrierD,26-Mar-2024,2024-04-05,2024-04-04,79,0
ORD-101251,SUP-002,West,Office Supplies,CarrierA,2024/11/27,2024-12-04,2024-12-06,48,0
ORD-101983,SUP-019,,Apparel,CarrierC,04-Aug-2024,2024-08-11,2024-08-11,329,0
ORD-103425,SUP-016,West,Home Goods,CarrierA,07/05/2024,2024-07-10,2024-07-10,425,0
ORD-104918,SUP-017,Southeast,Office Supplies,CarrierA,04-Aug-2024,2024-08-06,2024-08-08,152,0
ORD-105059,SUP-015,West,Apparel,CarrierB,2024/07/05,2024-07-07,2024-07-14,226,0
ORD-103843,SUP-020,West,Home Goods,CarrierD,2024/12/26,2025-01-02,2025-01-03,146,0
ORD-104931,SUP-019,Southeast,Apparel,CarrierB,2024-08-20,2024-08-30,2024-08-30,349,0
ORD-101033,SUP-020,West,Perishables,CarrierC,06/27/2024,2024-07-07,2024-07-07,496,0
ORD-100174,SUP-012,Southwest,Home Goods,CarrierD,2024-07-19,2024-07-22,2024-07-22,407,1
ORD-100939,SUP-006,Northeast,Apparel,CarrierA,01-Sep-2024,2024-09-03,2024-09-03,80,0
ORD-103102,SUP-019,Northeast,Electronics,CarrierC,13-Oct-2024,2024-10-23,2024-10-23,361,0
ORD-104787,SUP-012,Midwest,Electronics,CarrierC,2024/03/09,2024-03-19,2024-03-19,494,0
ORD-102587,SUP-004,Midwest,Perishables,CarrierA,2024/07/15,2024-07-18,2024-07-19,430,0
ORD-100334,SUP-017,Midwest,Home Goods,CarrierA,2024-12-13,2024-12-16,2024-12-16,478,0
ORD-100873,SUP-006,Northeast,Industrial Parts,CarrierC,2024/07/25,2024-07-27,2024-07-31,380,0
ORD-102853,SUP-013,Northeast,Apparel,CarrierD,2024-02-07,2024-02-17,2024-02-25,358,0
ORD-101486,SUP-018,Northeast,,CarrierD,10/13/2024,2024-10-20,2024-11-01,396,0
ORD-104293,SUP-002,West,Home Goods,CarrierA,2024/12/05,2024-12-08,2024-12-08,82,0
ORD-100296,SUP-015,Midwest,Home Goods,CarrierD,06/28/2024,2024-07-01,2024-07-01,82,0
ORD-105913,SUP-012,Midwest,Industrial Parts,CarrierC,2024-04-12,2024-04-14,2024-04-16,240,0
ORD-105826,SUP-006,Northeast,Apparel,CarrierD,2024-08-26,2024-09-05,2024-09-08,37,0
ORD-103845,SUP-002,Northeast,Home Goods,CarrierA,2024/06/09,2024-06-16,2024-06-16,110,0
ORD-104218,SUP-005,Southwest,Industrial Parts,CarrierD,2024/12/14,2024-12-19,2024-12-19,141,0
ORD-103760,SUP-003,Northeast,Office Supplies,CarrierD,01/06/2024,2024-01-08,2024-01-09,202,0
ORD-100378,SUP-007,Northeast,Industrial Parts,CarrierD,2024-11-30,2024-12-10,2024-12-09,258,0
ORD-103110,SUP-003,West,Electronics,CarrierA,2024/07/01,2024-07-04,2024-07-07,494,0
ORD-102770,SUP-006,Southeast,Electronics,CarrierD,2024/05/03,2024-05-13,2024-05-24,278,0
ORD-103918,SUP-007,Northeast,Perishables,CarrierC,07/01/2024,2024-07-11,2024-07-11,440,0
ORD-104138,SUP-019,Southwest,Perishables,CarrierA,2024/02/29,2024-03-02,2024-03-02,19,0
ORD-102210,SUP-013,Northeast,Perishables,CarrierA,2024/07/16,2024-07-23,2024-07-23,472,1
ORD-102172,SUP-004,Northeast,Apparel,CarrierD,2024/08/26,2024-08-31,2024-08-31,352,0
ORD-102599,SUP-001,Southwest,Office Supplies,CarrierD,2024/01/23,2024-01-30,2024-01-30,172,0
ORD-102052,SUP-014,Northeast,Home Goods,CarrierA,2024-09-15,2024-09-18,2024-09-25,319,0
ORD-100915,SUP-004,Northeast,Perishables,CarrierA,09/03/2024,2024-09-08,2024-09-17,480,0
ORD-104005,SUP-003,Northeast,Industrial Parts,CarrierA,19-Jul-2024,2024-07-22,2024-07-28,268,0
ORD-105822,SUP-010,Northeast,Office Supplies,CarrierB,2024-10-15,2024-10-22,2024-10-22,302,0
ORD-104707,SUP-015,Southwest,Perishables,CarrierD,2024-07-28,2024-08-07,2024-08-12,52,0
ORD-102335,SUP-018,Northeast,Office Supplies,CarrierC,2024-07-21,2024-07-26,2024-07-26,420,0
ORD-103820,SUP-007,Southeast,Industrial Parts,CarrierD,05/17/2024,2024-05-22,2024-05-26,371,0
ORD-100956,SUP-003,Southwest,Perishables,CarrierB,06/28/2024,2024-07-08,2024-07-09,428,0
ORD-101887,SUP-018,Midwest,Industrial Parts,CarrierB,07-Nov-2024,2024-11-14,2024-11-13,130,0
ORD-101653,SUP-015,Southeast,Industrial Parts,CarrierB,2024/12/20,2024-12-23,2024-12-25,343,0
ORD-103717,SUP-003,West,Industrial Parts,CarrierA,01/13/2024,2024-01-16,2024-01-16,71,0
ORD-104027,SUP-016,Midwest,Office Supplies,CarrierC,05-May-2024,2024-05-10,2024-05-10,215,0
ORD-101182,SUP-012,West,Apparel,CarrierD,04-May-2024,2024-05-07,2024-05-06,467,0
ORD-101709,SUP-013,Northeast,Electronics,CarrierC,03/22/2024,2024-04-01,2024-04-01,17,0
ORD-105004,SUP-001,West,Electronics,CarrierA,22-Mar-2024,2024-03-24,2024-03-23,272,0
ORD-104602,SUP-008,Midwest,Apparel,CarrierD,08-Oct-2024,2024-10-11,2024-10-11,352,0
ORD-104452,SUP-009,West,Electronics,CarrierC,24-Sep-2024,2024-10-04,2024-10-04,460,1
ORD-101423,SUP-004,Midwest,Electronics,CarrierD,2024/09/08,2024-09-13,2024-09-17,482,0
ORD-103414,SUP-007,West,Perishables,CarrierB,09-Aug-2024,2024-08-12,2024-08-16,309,0
ORD-102400,SUP-018,Midwest,Office Supplies,CarrierB,31-Aug-2024,2024-09-10,2024-09-10,23,0
ORD-102892,SUP-002,Southwest,Apparel,CarrierC,2024-12-28,2025-01-07,2025-01-08,82,0
ORD-105250,SUP-019,Northeast,Perishables,CarrierA,2024/12/13,2024-12-16,2024-12-16,138,0
ORD-103596,SUP-008,Northeast,Industrial Parts,CarrierA,2024-04-30,2024-05-02,2024-05-12,65,0
ORD-101722,SUP-002,Southeast,Home Goods,CarrierA,09-Feb-2024,2024-02-19,2024-02-19,322,0
ORD-101667,SUP-006,Midwest,Home Goods,CarrierD,04/24/2024,2024-04-27,2024-04-29,165,0
ORD-102884,SUP-001,Northeast,Industrial Parts,CarrierB,2024/04/19,2024-04-29,2024-04-29,185,0
ORD-102994,SUP-012,West,Apparel,CarrierB,17-Jan-2024,2024-01-24,2024-01-28,95,0
ORD-104763,SUP-013,Midwest,Perishables,CarrierC,16-Dec-2024,2024-12-26,2024-12-29,151,0
ORD-100886,SUP-002,Northeast,Electronics,CarrierB,2024-03-25,2024-03-27,2024-04-02,31,0
ORD-104056,SUP-003,Southeast,Industrial Parts,CarrierC,2024-01-13,2024-01-16,2024-01-20,383,0
ORD-105380,SUP-012,,Industrial Parts,CarrierB,2024-12-29,2025-01-08,2025-01-10,120,0
ORD-105817,SUP-008,Southeast,Electronics,CarrierA,2024-07-18,2024-07-28,2024-07-27,148,0
ORD-100333,SUP-018,Midwest,Office Supplies,CarrierB,2024/01/05,2024-01-12,2024-01-12,354,0
ORD-100153,SUP-010,Midwest,Home Goods,CarrierA,2024-01-27,2024-01-29,2024-01-29,159,0
ORD-105516,SUP-002,Southeast,Apparel,CarrierD,2024/12/16,2024-12-18,2024-12-17,183,0
ORD-100721,SUP-020,Midwest,Industrial Parts,CarrierC,10/15/2024,2024-10-25,2024-10-25,347,0
ORD-100373,SUP-015,Southwest,Perishables,CarrierC,2024/09/21,2024-09-24,2024-09-23,377,0
ORD-100312,SUP-001,Southwest,Home Goods,CarrierA,2024-09-13,2024-09-16,2024-09-20,101,0
ORD-101849,SUP-009,Southeast,Industrial Parts,CarrierD,2024/03/12,2024-03-22,2024-03-22,352,0
ORD-101622,SUP-003,Southeast,Office Supplies,CarrierD,2024/03/07,2024-03-12,2024-03-12,477,0
ORD-100042,SUP-004,Southwest,Home Goods,CarrierA,2024-05-17,2024-05-22,2024-05-25,173,0
ORD-102693,SUP-010,West,Industrial Parts,CarrierD,06/10/2024,2024-06-13,2024-06-13,474,0
ORD-105067,SUP-017,West,Office Supplies,CarrierA,08/28/2024,2024-09-04,2024-09-07,126,0
ORD-104618,SUP-004,Southeast,Industrial Parts,CarrierD,02/17/2024,2024-02-20,2024-02-20,208,0
ORD-100417,SUP-014,Southeast,Industrial Parts,CarrierB,2024-10-11,2024-10-16,2024-10-15,20,0
ORD-104858,SUP-007,Midwest,Electronics,CarrierD,11/19/2024,2024-11-24,2024-11-24,44,0
ORD-104753,SUP-017,West,Perishables,CarrierA,08-Aug-2024,2024-08-15,,471,0
ORD-105964,SUP-010,Southeast,Home Goods,CarrierD,2024-08-11,2024-08-14,2024-08-14,331,0
ORD-105669,SUP-013,West,Home Goods,CarrierA,29-Jan-2024,2024-02-03,2024-02-03,484,0
ORD-100704,SUP-007,Midwest,Perishables,CarrierC,06/22/2024,2024-07-02,2024-07-01,298,0
ORD-100732,SUP-013,Southeast,Office Supplies,CarrierB,21-Jan-2024,2024-01-24,2024-01-23,17,0
ORD-105810,SUP-007,Midwest,Home Goods,CarrierB,03/09/2024,2024-03-11,2024-03-11,440,0
ORD-100944,SUP-004,Southeast,Home Goods,CarrierC,2024-09-22,2024-09-27,2024-10-02,471,0
ORD-105883,SUP-001,Southeast,Industrial Parts,CarrierB,2024/10/14,2024-10-16,2024-10-16,440,0
ORD-103614,SUP-012,West,Industrial Parts,CarrierB,11/24/2024,2024-11-26,2024-11-26,413,0
ORD-101806,SUP-016,Midwest,Electronics,CarrierC,2024/09/13,2024-09-23,2024-09-23,5,0
ORD-101018,SUP-016,Midwest,Industrial Parts,CarrierB,2024-05-10,2024-05-20,2024-05-20,438,0
ORD-105565,SUP-001,Southeast,Home Goods,CarrierB,06/27/2024,2024-06-30,2024-07-03,203,0
ORD-100907,SUP-005,Midwest,Perishables,CarrierD,06-Dec-2024,2024-12-16,2024-12-16,96,0
ORD-101693,SUP-005,Southwest,Industrial Parts,CarrierC,03-Aug-2024,2024-08-06,2024-08-06,294,0
ORD-102791,SUP-010,Southwest,Electronics,CarrierC,2024/07/14,2024-07-24,2024-07-24,394,0
ORD-104368,SUP-002,Southeast,Perishables,CarrierD,06-Oct-2024,2024-10-08,2024-10-13,168,0
ORD-105589,SUP-014,Southeast,Electronics,CarrierC,2024/12/02,2024-12-12,2024-12-14,259,0
ORD-100519,SUP-007,Southeast,Electronics,CarrierD,14-Mar-2024,2024-03-19,2024-03-18,18,0
ORD-100814,SUP-015,Southwest,Industrial Parts,CarrierB,2024-01-05,2024-01-08,2024-01-13,89,0
ORD-100818,SUP-019,Southwest,Office Supplies,CarrierA,2024-04-14,2024-04-16,2024-04-16,420,0
ORD-103449,SUP-012,Southeast,Apparel,CarrierC,25-Sep-2024,2024-10-05,2024-10-04,149,0
ORD-104830,SUP-002,Midwest,Perishables,CarrierA,2024/07/15,2024-07-18,2024-07-25,174,0
ORD-101522,SUP-019,West,Electronics,CarrierC,2024-07-07,2024-07-12,2024-07-12,85,0
ORD-101638,SUP-008,Southwest,Electronics,CarrierD,05-Aug-2024,2024-08-10,2024-08-14,111,0
ORD-105989,SUP-006,Southeast,Electronics,CarrierB,06/04/2024,2024-06-14,2024-06-14,289,0
ORD-103557,SUP-008,Northeast,Office Supplies,CarrierB,18-Jun-2024,2024-06-25,2024-06-25,397,0
ORD-105724,SUP-003,Southeast,Perishables,CarrierC,2024-10-03,2024-10-05,2024-10-09,438,0
ORD-101700,SUP-010,Midwest,Perishables,CarrierD,2024/11/01,2024-11-04,2024-11-04,47,1
ORD-103526,SUP-018,Northeast,Electronics,CarrierB,10-Jan-2024,2024-01-17,2024-01-20,303,0
ORD-105217,SUP-008,Northeast,Apparel,CarrierC,08/14/2024,2024-08-17,2024-08-17,265,0
ORD-103734,SUP-018,Southeast,Apparel,CarrierD,2024/06/06,2024-06-09,2024-06-09,258,0
ORD-103046,SUP-005,Southwest,Electronics,CarrierB,04/05/2024,2024-04-07,2024-04-07,293,0
ORD-101883,SUP-015,West,Perishables,CarrierA,2024-06-04,2024-06-06,2024-06-10,232,0
ORD-102592,SUP-003,Northeast,,CarrierC,05/02/2024,2024-05-12,2024-05-12,403,0
ORD-100379,SUP-011,Midwest,Industrial Parts,CarrierB,2024/06/05,2024-06-12,2024-06-12,92,0
ORD-103775,SUP-006,Southwest,Office Supplies,CarrierD,2024/08/21,2024-08-26,2024-08-27,333,0
ORD-104003,SUP-009,Midwest,Perishables,CarrierA,2024/06/07,2024-06-17,2024-06-17,284,0
ORD-102251,SUP-020,Northeast,Industrial Parts,CarrierC,2024-09-13,2024-09-23,2024-09-23,142,0
ORD-104439,SUP-009,Northeast,Home Goods,CarrierB,11/30/2024,2024-12-02,2024-12-02,480,0
ORD-102148,SUP-006,West,Electronics,CarrierA,07/05/2024,2024-07-08,2024-07-08,204,0
ORD-103726,SUP-015,Southwest,Apparel,CarrierD,12/09/2024,2024-12-11,2024-12-11,183,0
ORD-102144,SUP-004,Southeast,Home Goods,CarrierA,09/14/2024,2024-09-24,2024-09-24,377,0
ORD-102566,SUP-017,Northeast,Perishables,CarrierA,2024/08/17,2024-08-20,2024-08-20,377,0
ORD-101803,SUP-009,West,Electronics,CarrierA,13-Jun-2024,2024-06-23,2024-06-23,404,0
ORD-105903,SUP-009,Southeast,Office Supplies,CarrierD,11/13/2024,2024-11-16,2024-11-15,239,0
ORD-105357,SUP-009,Midwest,Electronics,CarrierD,14-Jan-2024,2024-01-17,2024-01-17,337,0
ORD-103621,SUP-017,Southwest,Electronics,CarrierA,08/05/2024,2024-08-07,2024-08-07,124,0
ORD-105520,SUP-004,Southwest,Home Goods,CarrierD,2024/03/17,2024-03-22,2024-03-21,297,0
ORD-103967,SUP-007,Southeast,Apparel,CarrierA,2024-09-21,2024-09-28,2024-09-27,208,0
ORD-101594,SUP-003,West,Industrial Parts,CarrierB,2024/04/20,2024-04-30,2024-04-29,129,0
ORD-104328,SUP-013,Northeast,Industrial Parts,CarrierC,2024-04-05,2024-04-15,2024-04-20,126,0
ORD-104890,SUP-007,Midwest,Home Goods,CarrierB,15-Dec-2024,2024-12-17,2024-12-16,50,0
ORD-101706,SUP-001,Southeast,Home Goods,CarrierA,24-Oct-2024,2024-10-27,2024-10-30,201,0
ORD-105983,SUP-007,Southeast,Industrial Parts,CarrierD,2024/02/23,2024-02-25,2024-02-25,167,0
ORD-103790,SUP-005,West,Office Supplies,CarrierD,09/08/2024,2024-09-11,2024-09-11,335,0
ORD-101820,SUP-020,,Electronics,CarrierA,09/23/2024,2024-09-26,2024-09-26,485,0
ORD-102562,SUP-017,Northeast,Apparel,CarrierC,2024-12-25,2024-12-30,2024-12-30,312,0
ORD-102559,SUP-006,Midwest,Electronics,CarrierA,2024-09-07,2024-09-09,2024-09-08,49,0
ORD-104208,SUP-019,Northeast,Electronics,CarrierA,2024/10/17,2024-10-24,2024-10-23,240,0
ORD-105095,SUP-019,Southwest,Office Supplies,CarrierB,05/03/2024,2024-05-13,2024-05-13,381,0
ORD-101582,SUP-003,Northeast,Industrial Parts,CarrierA,2024/12/09,2024-12-12,2024-12-12,137,0
ORD-102547,SUP-017,Northeast,Perishables,CarrierB,2024/07/22,2024-07-25,2024-07-29,340,1
ORD-100319,SUP-013,West,Office Supplies,CarrierD,2024/11/01,2024-11-03,2024-11-06,111,0
ORD-104321,SUP-020,Midwest,Industrial Parts,CarrierB,2024-07-11,2024-07-18,2024-07-18,347,0
ORD-105138,SUP-008,West,Perishables,CarrierB,2024/05/14,2024-05-17,2024-05-21,319,0
ORD-105288,SUP-001,Northeast,Home Goods,CarrierB,01/28/2024,2024-02-02,2024-02-02,57,0
ORD-103364,SUP-020,Southeast,Industrial Parts,CarrierD,10/15/2024,2024-10-25,2024-10-25,333,0
ORD-105545,SUP-006,Northeast,Home Goods,CarrierD,2024/07/09,2024-07-19,2024-07-19,452,0
ORD-101763,SUP-014,Southwest,Office Supplies,CarrierD,2024/03/30,2024-04-04,2024-04-04,403,0
ORD-102843,SUP-019,Southwest,Perishables,CarrierD,2024/07/29,2024-07-31,2024-08-03,256,0
ORD-104944,SUP-007,Southwest,Home Goods,CarrierC,2024/07/20,2024-07-25,2024-07-25,370,0
ORD-104717,SUP-012,Northeast,Apparel,CarrierA,19-Sep-2024,2024-09-26,2024-09-28,264,0
ORD-105750,SUP-016,West,Apparel,CarrierD,2024-12-17,2024-12-27,2024-12-27,107,0
ORD-102141,SUP-010,Southeast,Electronics,CarrierB,2024/07/26,2024-07-29,2024-07-29,143,0
ORD-100213,SUP-018,Southeast,Perishables,CarrierD,2024/04/16,2024-04-19,2024-04-19,400,0
ORD-104866,SUP-006,Southeast,Electronics,CarrierB,12/15/2024,2024-12-18,2024-12-18,20,0
ORD-104433,SUP-012,West,Apparel,CarrierB,2024/01/30,2024-02-06,2024-02-08,53,0
ORD-103497,SUP-002,Southwest,Home Goods,CarrierD,2024-12-17,2024-12-24,2024-12-24,300,1
ORD-100803,SUP-011,,Home Goods,CarrierC,2024-04-06,2024-04-13,2024-04-13,498,0
ORD-105278,SUP-008,Midwest,Office Supplies,CarrierB,07-Mar-2024,2024-03-14,2024-03-14,133,0
ORD-105264,SUP-009,Southwest,Electronics,CarrierC,2024/07/18,2024-07-23,2024-07-23,264,0
ORD-104132,SUP-020,Midwest,Apparel,CarrierD,2024-03-28,2024-04-02,2024-04-01,242,0
ORD-100105,SUP-010,West,Home Goods,CarrierA,2024/04/07,2024-04-12,2024-04-11,309,0
ORD-104458,SUP-019,Northeast,Electronics,CarrierA,2024-12-06,2024-12-13,2024-12-15,349,0
ORD-104946,SUP-001,Midwest,Office Supplies,CarrierC,2024/06/14,2024-06-19,2024-06-19,395,1
ORD-103805,SUP-017,West,Perishables,CarrierD,2024/02/17,2024-02-22,2024-02-25,92,0
ORD-102806,SUP-018,Southeast,Apparel,CarrierC,26-Jun-2024,2024-07-01,2024-06-30,190,0
ORD-104952,SUP-016,Midwest,Perishables,CarrierC,18-Mar-2024,2024-03-28,2024-03-27,491,0
ORD-101465,SUP-015,Southeast,Home Goods,CarrierC,24-Nov-2024,2024-12-01,2024-12-01,444,0
ORD-102953,SUP-012,Midwest,Industrial Parts,CarrierC,2024-02-09,2024-02-12,2024-02-16,95,0
ORD-100565,SUP-008,West,Office Supplies,CarrierD,07/17/2024,2024-07-19,2024-07-24,349,0
ORD-102195,SUP-017,Southwest,Office Supplies,CarrierC,2024-01-23,2024-01-28,2024-01-30,348,0
ORD-104345,SUP-017,Midwest,Home Goods,CarrierD,04/15/2024,2024-04-20,2024-04-23,328,0
ORD-102524,SUP-007,Southeast,Industrial Parts,CarrierD,2024/12/08,2024-12-15,2024-12-15,77,0
ORD-101474,SUP-014,Midwest,Industrial Parts,CarrierB,2024/04/19,2024-04-29,2024-04-29,466,0
ORD-103236,SUP-005,Midwest,Home Goods,CarrierA,2024/06/03,2024-06-05,2024-06-05,232,0
ORD-102829,SUP-003,West,Apparel,CarrierC,27-Apr-2024,2024-04-30,2024-05-04,151,0
ORD-102502,SUP-010,Southeast,Industrial Parts,CarrierB,2024-03-31,2024-04-10,2024-04-10,57,0
ORD-100317,SUP-018,Midwest,Industrial Parts,CarrierB,2024-08-23,2024-09-02,2024-09-02,356,0
ORD-101200,SUP-016,West,Industrial Parts,CarrierB,27-Dec-2024,2025-01-01,2024-12-31,77,0
ORD-105203,SUP-007,Southwest,Home Goods,CarrierB,06/21/2024,2024-07-01,2024-07-01,453,0
ORD-102278,SUP-014,Northeast,Perishables,CarrierD,2024-04-30,2024-05-05,2024-05-05,286,0
ORD-100652,SUP-014,Midwest,Home Goods,CarrierB,2024/03/31,2024-04-07,2024-04-07,409,0
ORD-100070,SUP-013,West,Electronics,CarrierA,01/03/2024,2024-01-13,2024-01-15,95,0
ORD-102658,SUP-003,Southeast,Apparel,CarrierC,26-Jul-2024,2024-07-31,2024-08-04,339,0
ORD-101174,SUP-020,Southwest,Perishables,CarrierC,06/13/2024,2024-06-16,2024-06-19,334,0
ORD-101088,SUP-017,Midwest,Electronics,CarrierA,15-Mar-2024,2024-03-25,2024-03-24,332,0
ORD-102725,SUP-004,Midwest,Perishables,CarrierA,24-Nov-2024,2024-12-01,2024-12-04,59,0
ORD-100410,SUP-003,West,Perishables,CarrierA,12/16/2024,2024-12-21,2024-12-26,291,0
ORD-104064,SUP-012,West,Perishables,CarrierC,11-Jan-2024,2024-01-14,2024-01-14,381,0
ORD-105963,SUP-001,Northeast,Apparel,CarrierD,2024/04/28,2024-05-03,2024-05-04,37,0
ORD-102386,SUP-011,Southwest,Office Supplies,CarrierC,01-May-2024,2024-05-11,2024-05-10,197,0
ORD-105121,SUP-015,Northeast,Perishables,CarrierC,11/01/2024,2024-11-06,2024-11-06,359,0
ORD-102091,SUP-013,West,Apparel,CarrierC,2024/08/16,2024-08-21,2024-08-20,51,0
ORD-104635,SUP-017,Midwest,Perishables,CarrierB,16-Nov-2024,2024-11-18,2024-11-18,26,0
ORD-100601,SUP-014,Southeast,Industrial Parts,CarrierB,2024/07/05,2024-07-12,2024-07-16,304,0
ORD-105428,SUP-010,Northeast,Industrial Parts,CarrierB,2024-09-01,2024-09-03,2024-09-03,359,0
ORD-103013,SUP-017,West,Apparel,CarrierD,02/16/2024,2024-02-23,2024-02-23,237,0
ORD-104792,SUP-020,Northeast,Perishables,CarrierC,26-Jun-2024,2024-06-28,2024-07-02,454,0
ORD-105530,SUP-006,West,Apparel,CarrierD,2024/10/21,2024-10-28,2024-10-28,450,0
ORD-102219,SUP-006,Midwest,,CarrierC,2024-09-02,2024-09-04,2024-09-05,57,0
ORD-102465,SUP-019,Southeast,Apparel,CarrierD,2024-02-13,2024-02-23,2024-02-22,314,0
ORD-100837,SUP-006,Southwest,Home Goods,CarrierA,2024-11-06,2024-11-13,2024-11-13,4,0
ORD-103325,SUP-012,Southwest,Industrial Parts,CarrierC,10/26/2024,2024-10-31,2024-11-05,492,0
ORD-100624,SUP-010,Northeast,Industrial Parts,CarrierD,05/19/2024,2024-05-21,2024-05-23,182,0
ORD-101627,SUP-004,Southeast,Electronics,CarrierB,08-Nov-2024,2024-11-11,2024-11-11,198,0
ORD-100806,SUP-004,Southwest,Office Supplies,CarrierD,25-Feb-2024,2024-02-27,2024-02-26,24,0
ORD-104978,SUP-007,Southeast,Home Goods,CarrierB,2024/10/25,2024-10-28,2024-10-28,43,0
ORD-105580,SUP-013,Northeast,Electronics,CarrierA,2024/11/28,2024-12-01,2024-12-01,373,0
ORD-103115,SUP-002,Southwest,Apparel,CarrierC,2024-12-08,2024-12-11,2024-12-10,498,0
ORD-100637,SUP-002,West,Apparel,CarrierD,06/26/2024,2024-07-06,2024-07-07,405,0
ORD-100423,SUP-018,Southeast,Industrial Parts,CarrierC,2024-02-23,2024-02-28,2024-02-28,296,0
ORD-104823,SUP-005,Midwest,Perishables,CarrierB,11-Mar-2024,2024-03-13,2024-03-13,119,0
ORD-101996,SUP-011,West,Electronics,CarrierB,2024-05-26,2024-05-28,2024-05-27,425,0
ORD-104472,SUP-006,Southwest,,CarrierD,29-Nov-2024,2024-12-06,2024-12-09,310,0
ORD-104620,SUP-016,Northeast,Home Goods,CarrierC,2024/09/08,2024-09-18,2024-09-17,347,0
ORD-102486,SUP-015,,Perishables,CarrierD,07/18/2024,2024-07-23,2024-07-24,336,0
ORD-100150,SUP-006,Southeast,Office Supplies,CarrierB,06/24/2024,2024-06-26,2024-07-03,12,0
ORD-103109,SUP-011,Midwest,Perishables,CarrierC,2024/09/23,2024-09-28,2024-09-27,426,0
ORD-101580,SUP-004,Midwest,Electronics,CarrierB,02-Dec-2024,2024-12-07,2024-12-07,382,0
ORD-100626,SUP-006,Southwest,Perishables,CarrierA,2024-03-19,2024-03-21,2024-03-27,307,0
ORD-103002,SUP-017,West,Office Supplies,CarrierA,11/18/2024,2024-11-21,2024-11-24,263,0
ORD-104601,SUP-011,Northeast,Home Goods,CarrierD,2024/11/11,2024-11-14,2024-11-14,345,0
ORD-103796,SUP-010,Southwest,Office Supplies,CarrierB,16-May-2024,2024-05-26,2024-05-26,216,0
ORD-103481,SUP-016,Midwest,Office Supplies,CarrierA,24-Sep-2024,2024-09-27,2024-09-26,187,0
ORD-100143,SUP-014,Northeast,Office Supplies,CarrierD,31-Mar-2024,2024-04-02,2024-04-02,214,0
ORD-104813,SUP-017,Southeast,Home Goods,CarrierA,2024-11-29,2024-12-04,2024-12-04,195,0
ORD-102574,SUP-003,Northeast,Electronics,CarrierB,2024/07/04,2024-07-14,2024-07-21,309,0
ORD-104662,SUP-003,Southwest,Industrial Parts,CarrierA,18-Feb-2024,2024-02-21,2024-02-26,159,0
ORD-104014,SUP-006,West,Apparel,CarrierB,10/27/2024,2024-10-29,2024-10-29,148,0
ORD-101880,SUP-010,Northeast,Apparel,CarrierC,2024/09/25,2024-10-02,2024-10-02,50,0
ORD-105251,SUP-010,West,Electronics,CarrierB,2024-06-01,2024-06-08,2024-06-07,468,0
ORD-103452,SUP-010,Northeast,Home Goods,CarrierC,2024/12/01,2024-12-03,2024-12-02,279,0
ORD-103605,SUP-018,West,Office Supplies,CarrierA,13-May-2024,2024-05-23,2024-05-22,433,0
ORD-103342,SUP-004,Northeast,Office Supplies,CarrierB,01/07/2024,2024-01-10,2024-01-10,489,0
ORD-105527,SUP-011,Southeast,Apparel,CarrierD,2024/03/04,2024-03-07,2024-03-06,245,0
ORD-105837,SUP-018,Southwest,Office Supplies,CarrierB,2024-05-08,2024-05-18,2024-05-25,257,0
ORD-102171,SUP-009,Northeast,Home Goods,CarrierA,2024/08/29,2024-09-05,2024-09-05,307,0
ORD-104975,SUP-004,West,Apparel,CarrierB,2024-06-20,2024-06-27,2024-06-30,158,1
ORD-105171,SUP-020,Southeast,Office Supplies,CarrierB,03/07/2024,2024-03-10,2024-03-10,332,0
ORD-102780,SUP-009,Midwest,Electronics,CarrierD,2024/08/19,2024-08-29,2024-08-30,432,0
ORD-104720,SUP-020,West,Electronics,CarrierA,2024/07/07,2024-07-14,2024-07-14,94,0
ORD-102832,SUP-010,Southwest,Electronics,CarrierA,2024/01/27,2024-01-29,2024-01-31,332,0
ORD-104326,SUP-003,West,Office Supplies,CarrierB,2024-08-29,2024-09-01,2024-09-01,13,0
ORD-105462,SUP-005,Northeast,,CarrierD,20-Mar-2024,2024-03-23,2024-03-22,480,0
ORD-102230,SUP-002,Southeast,Electronics,CarrierC,2024/06/19,2024-06-26,2024-06-25,318,0
ORD-100617,SUP-001,West,Electronics,CarrierD,2024-11-05,2024-11-08,2024-11-13,310,0
ORD-101324,SUP-011,Midwest,Perishables,CarrierB,2024-10-21,2024-10-23,,236,0
ORD-100690,SUP-005,Midwest,Office Supplies,CarrierD,08/22/2024,2024-08-29,2024-08-28,292,0
ORD-105889,SUP-010,Southeast,Office Supplies,CarrierD,09/29/2024,2024-10-04,2024-10-04,83,0
ORD-102288,SUP-004,Midwest,Office Supplies,CarrierA,09/29/2024,2024-10-04,2024-10-04,242,0
ORD-103302,SUP-001,West,Apparel,CarrierA,2024/12/03,2024-12-06,2024-12-06,488,0
ORD-105785,SUP-003,Southwest,Perishables,CarrierA,2024/07/10,2024-07-15,2024-07-19,293,0
ORD-101350,SUP-013,West,Industrial Parts,CarrierA,15-Mar-2024,2024-03-20,2024-03-20,382,1
ORD-102729,SUP-007,Northeast,Perishables,CarrierB,11/20/2024,2024-11-27,2024-11-27,211,0
ORD-105782,SUP-020,West,Office Supplies,CarrierA,07-Dec-2024,2024-12-14,2024-12-13,128,0
ORD-105788,SUP-015,Southeast,Apparel,CarrierC,2024-02-10,2024-02-12,2024-02-16,209,0
ORD-104561,SUP-013,Southeast,Industrial Parts,CarrierC,08-Dec-2024,2024-12-18,2024-12-17,418,0
ORD-101187,SUP-004,West,Home Goods,CarrierD,2024-07-02,2024-07-04,2024-07-10,32,0
ORD-101191,SUP-010,West,Industrial Parts,CarrierA,2024/06/17,2024-06-24,2024-06-24,330,0
ORD-100145,SUP-011,West,Electronics,CarrierA,12/13/2024,2024-12-15,2024-12-17,160,0
ORD-103572,SUP-019,Southwest,Office Supplies,CarrierA,05/13/2024,2024-05-15,2024-05-14,63,0
ORD-104420,SUP-015,Midwest,Office Supplies,CarrierB,2024-10-12,2024-10-14,2024-10-13,72,0
ORD-103742,SUP-008,Southeast,Apparel,CarrierC,23-May-2024,2024-05-26,2024-05-26,52,0
ORD-101762,SUP-018,Southwest,Home Goods,CarrierA,27-May-2024,2024-06-06,2024-06-06,40,0
ORD-103800,SUP-013,Southwest,Perishables,CarrierC,01/27/2024,2024-02-01,2024-02-01,471,0
ORD-104802,SUP-015,West,Industrial Parts,CarrierB,11/13/2024,2024-11-18,2024-11-21,393,0
ORD-104810,SUP-015,Southeast,Office Supplies,CarrierD,2024/01/14,2024-01-16,2024-01-22,480,0
ORD-101834,SUP-008,Southeast,Home Goods,CarrierB,2024/06/15,2024-06-25,2024-06-25,396,0
ORD-105965,SUP-020,Midwest,Home Goods,CarrierC,2024/12/15,2024-12-22,2024-12-22,397,0
ORD-101111,SUP-019,West,,CarrierA,2024-03-10,2024-03-12,2024-03-21,318,0
ORD-102127,SUP-016,Southwest,Home Goods,CarrierD,2024/05/17,2024-05-27,2024-05-29,185,0
ORD-104997,SUP-008,Midwest,Office Supplies,CarrierD,2024/03/12,2024-03-15,2024-03-14,320,0
ORD-104783,SUP-019,Southwest,Industrial Parts,CarrierC,16-Jun-2024,2024-06-19,2024-06-19,263,0
ORD-105726,SUP-014,,Office Supplies,CarrierC,05-Dec-2024,2024-12-10,2024-12-10,309,0
ORD-102277,SUP-020,Southwest,Perishables,CarrierC,19-Jun-2024,2024-06-24,2024-06-23,22,0
ORD-103795,SUP-017,Northeast,Apparel,CarrierA,01/13/2024,2024-01-23,2024-01-23,367,0
ORD-102499,SUP-008,Southwest,Apparel,CarrierB,2024/03/30,2024-04-09,2024-04-08,162,0
ORD-101824,SUP-004,Southwest,Office Supplies,CarrierC,2024/09/28,2024-10-03,2024-10-08,420,0
ORD-102788,SUP-019,Northeast,Apparel,CarrierA,2024-03-04,2024-03-11,2024-03-11,212,0
ORD-104196,SUP-013,Northeast,Industrial Parts,CarrierD,2024-01-22,2024-01-24,2024-01-29,403,0
ORD-104386,SUP-008,Southwest,Perishables,CarrierB,2024-02-07,2024-02-12,2024-02-12,438,0
ORD-103827,SUP-001,Southeast,Office Supplies,CarrierB,04/01/2024,2024-04-03,2024-04-03,353,0
ORD-102492,SUP-001,Southwest,Office Supplies,CarrierD,2024-06-08,2024-06-10,2024-06-10,235,0
ORD-100878,SUP-010,Midwest,Office Supplies,CarrierA,2024/01/19,2024-01-22,2024-01-22,459,0
ORD-101455,SUP-011,Northeast,Industrial Parts,CarrierB,2024/06/12,2024-06-22,2024-06-22,253,0
ORD-100391,SUP-017,West,,CarrierB,2024/11/22,2024-11-25,2024-11-28,253,0
ORD-104182,SUP-018,,Apparel,CarrierD,2024-09-03,2024-09-13,2024-09-12,453,0
ORD-102283,SUP-020,Northeast,Office Supplies,CarrierD,2024-11-20,2024-11-25,2024-12-03,404,0
ORD-102714,SUP-014,Southwest,Apparel,CarrierD,2024-11-08,2024-11-18,2024-11-17,278,0
ORD-105371,SUP-019,Northeast,Home Goods,CarrierA,26-Jun-2024,2024-07-01,2024-07-07,210,0
ORD-105619,SUP-002,Northeast,Office Supplies,CarrierD,2024/10/08,2024-10-15,2024-10-14,121,0
ORD-102958,SUP-015,West,Perishables,CarrierC,04-Feb-2024,2024-02-14,2024-02-20,412,0
ORD-100475,SUP-014,Midwest,Industrial Parts,CarrierD,29-Feb-2024,2024-03-05,2024-03-05,173,0
ORD-101694,SUP-009,Southeast,Home Goods,CarrierD,2024-09-04,2024-09-06,2024-09-06,59,0
ORD-101295,SUP-011,Southwest,Home Goods,CarrierC,2024-08-12,2024-08-14,2024-08-16,98,0
ORD-102092,SUP-006,Southwest,Office Supplies,CarrierC,2024/03/22,2024-03-27,2024-03-29,149,0
ORD-103050,SUP-019,Midwest,Perishables,CarrierC,19-Mar-2024,2024-03-21,2024-03-20,442,0
ORD-101137,SUP-007,Southwest,Home Goods,CarrierA,2024/06/17,2024-06-27,2024-06-27,185,0
ORD-102072,SUP-004,Midwest,Office Supplies,CarrierB,04/18/2024,2024-04-21,2024-04-23,5,0
ORD-105331,SUP-001,West,Apparel,CarrierD,2024/05/02,2024-05-09,2024-05-14,222,0
ORD-100832,SUP-009,Southeast,Office Supplies,CarrierD,2024-06-26,2024-06-29,2024-06-29,330,1
ORD-100591,SUP-001,Northeast,Perishables,CarrierA,01/03/2024,2024-01-05,2024-01-08,94,0
ORD-104658,SUP-019,,Industrial Parts,CarrierC,03/18/2024,2024-03-25,2024-03-27,147,0
ORD-105716,SUP-006,Midwest,Apparel,CarrierB,2024-01-11,2024-01-18,2024-01-17,63,1
ORD-103592,SUP-004,Southeast,Perishables,CarrierC,2024/05/05,2024-05-10,2024-05-18,226,0
ORD-105731,SUP-012,Southeast,Perishables,CarrierC,15-Mar-2024,2024-03-20,2024-03-22,451,0
ORD-100109,SUP-019,Midwest,Industrial Parts,CarrierC,11/04/2024,2024-11-09,2024-11-09,450,0
ORD-105256,SUP-001,Southwest,Home Goods,CarrierA,2024-12-26,2025-01-02,2025-01-07,118,0
ORD-104318,SUP-018,Southeast,Industrial Parts,CarrierA,2024-11-04,2024-11-06,2024-11-06,475,0
ORD-101052,SUP-016,Northeast,Office Supplies,CarrierB,01-Aug-2024,2024-08-08,2024-08-08,290,0
ORD-101311,SUP-015,Southeast,Industrial Parts,CarrierC,2024/05/15,2024-05-20,2024-05-20,281,0
ORD-100668,SUP-016,Southwest,Apparel,CarrierC,29-Feb-2024,2024-03-05,2024-03-05,169,0
ORD-100253,SUP-015,Southeast,Apparel,CarrierC,08/25/2024,2024-08-27,2024-08-27,347,0
ORD-105168,SUP-013,Midwest,Office Supplies,CarrierB,30-Mar-2024,2024-04-01,2024-04-01,6,0
ORD-105715,SUP-015,Midwest,Perishables,CarrierD,04-Oct-2024,2024-10-09,2024-10-12,437,0
ORD-105588,SUP-013,Midwest,Apparel,CarrierA,2024/11/22,2024-11-27,2024-11-26,155,0
ORD-102690,SUP-001,Midwest,Perishables,CarrierA,2024-02-28,2024-03-09,2024-03-09,225,0
ORD-104641,SUP-007,West,Electronics,CarrierD,27-Nov-2024,2024-11-29,2024-11-29,286,0
ORD-105045,SUP-001,Southeast,Apparel,CarrierD,2024-02-26,2024-03-07,2024-03-08,478,0
ORD-105667,SUP-017,West,Office Supplies,CarrierA,2024-03-26,2024-03-29,2024-03-28,406,0
ORD-100843,SUP-014,Northeast,Perishables,CarrierB,31-May-2024,2024-06-07,2024-06-18,157,0
ORD-104159,SUP-020,West,Industrial Parts,CarrierB,06/25/2024,2024-07-02,2024-07-02,447,0
ORD-104509,SUP-009,Southeast,Home Goods,CarrierD,18-Jul-2024,2024-07-21,2024-07-21,14,0
ORD-103374,SUP-013,Northeast,Perishables,CarrierC,27-Apr-2024,2024-05-04,2024-05-06,144,0
ORD-103394,SUP-002,West,Industrial Parts,CarrierB,2024/08/12,2024-08-22,2024-08-24,264,0
ORD-100884,SUP-017,Northeast,Industrial Parts,CarrierD,2024/11/29,2024-12-04,2024-12-04,178,0
ORD-104547,SUP-014,Midwest,Electronics,CarrierC,17-Mar-2024,2024-03-19,2024-03-19,127,0
ORD-105354,SUP-015,,Electronics,CarrierA,2024/08/13,2024-08-18,2024-08-18,370,0
ORD-103996,SUP-001,Southeast,Industrial Parts,CarrierA,01/29/2024,2024-02-03,2024-02-04,414,0
ORD-104752,SUP-006,West,Perishables,CarrierA,2024-08-11,2024-08-21,2024-08-25,293,0
ORD-101879,SUP-018,Northeast,Electronics,CarrierD,11/01/2024,2024-11-08,2024-11-08,351,0
ORD-105677,SUP-020,Southeast,Industrial Parts,CarrierB,2024/07/19,2024-07-22,2024-07-22,119,0
ORD-105582,SUP-002,West,Electronics,CarrierB,2024-09-01,2024-09-03,2024-09-03,205,0
ORD-101485,SUP-019,Midwest,Electronics,CarrierB,10-Jun-2024,2024-06-13,2024-06-18,454,0
ORD-105423,SUP-013,Northeast,Industrial Parts,CarrierB,02-Sep-2024,2024-09-05,2024-09-05,129,0
ORD-102417,SUP-004,West,Home Goods,CarrierB,08-Jun-2024,2024-06-13,2024-06-13,495,0
ORD-102737,SUP-020,Southeast,Office Supplies,CarrierC,09/04/2024,2024-09-06,2024-09-10,216,0
ORD-102267,SUP-017,Northeast,Industrial Parts,CarrierC,12/02/2024,2024-12-05,2024-12-05,256,0
ORD-104173,SUP-019,West,Industrial Parts,CarrierA,2024/01/10,2024-01-17,2024-01-21,81,0
ORD-103368,SUP-006,Midwest,Industrial Parts,CarrierB,2024-03-22,2024-03-29,2024-04-06,203,0
ORD-102808,SUP-007,Northeast,Perishables,CarrierB,2024-08-04,2024-08-11,2024-08-17,220,0
ORD-100869,SUP-013,West,Home Goods,CarrierA,2024/06/26,2024-06-28,2024-06-28,89,0
ORD-102468,SUP-018,Southeast,Office Supplies,CarrierA,01-Dec-2024,2024-12-04,2024-12-04,490,0
ORD-103893,SUP-014,Northeast,Office Supplies,CarrierC,2024-10-30,2024-11-01,2024-11-01,244,0
ORD-100450,SUP-016,Northeast,Home Goods,CarrierD,2024/11/11,2024-11-18,2024-11-18,434,0
ORD-105115,SUP-012,Southwest,Home Goods,CarrierC,12-Jun-2024,2024-06-15,2024-06-17,488,0
ORD-105656,SUP-018,Southwest,Industrial Parts,CarrierD,2024-07-05,2024-07-08,2024-07-08,367,0
ORD-101979,SUP-008,West,Office Supplies,CarrierA,2024-12-23,2024-12-28,2024-12-31,314,0
ORD-100696,SUP-010,Northeast,Electronics,CarrierA,2024/06/22,2024-06-25,2024-06-25,114,1
ORD-101741,SUP-018,Midwest,Office Supplies,CarrierD,12/07/2024,2024-12-14,2024-12-13,116,0
ORD-103718,SUP-004,Southeast,Electronics,CarrierA,07-Jul-2024,2024-07-12,2024-07-12,165,0
ORD-100811,SUP-001,Northeast,Industrial Parts,CarrierA,2024-03-30,2024-04-06,2024-04-05,150,0
ORD-103284,SUP-010,Midwest,Industrial Parts,CarrierC,03/17/2024,2024-03-24,2024-03-24,306,0
ORD-102189,SUP-009,Southeast,Industrial Parts,CarrierC,2024-02-10,2024-02-13,2024-02-16,103,0
ORD-105006,SUP-003,Southeast,Perishables,CarrierD,15-Dec-2024,2024-12-25,2024-12-28,386,0
ORD-105617,SUP-017,Midwest,Apparel,CarrierC,2024-12-02,2024-12-04,2024-12-04,76,0
ORD-105145,SUP-017,,Perishables,CarrierC,2024-12-14,2024-12-24,2024-12-27,110,0
ORD-100505,SUP-005,,Industrial Parts,CarrierD,2024/07/28,2024-08-04,2024-08-03,275,0
ORD-103303,SUP-008,Southeast,Apparel,CarrierC,23-Oct-2024,2024-10-28,2024-10-28,193,1
ORD-100405,SUP-013,Southwest,Perishables,CarrierB,2024/04/11,2024-04-16,2024-04-16,437,0
ORD-103640,SUP-005,Northeast,Home Goods,CarrierA,09-Oct-2024,2024-10-12,2024-10-12,288,0
ORD-100183,SUP-007,Midwest,Apparel,CarrierA,22-May-2024,2024-06-01,2024-06-15,263,0
ORD-105970,SUP-003,Midwest,Home Goods,CarrierB,2024/03/31,2024-04-05,2024-04-08,211,0
ORD-101876,SUP-006,Southwest,Perishables,CarrierD,13-Jan-2024,2024-01-16,2024-01-19,266,0
ORD-105813,SUP-006,Southwest,Electronics,CarrierB,07-Jul-2024,2024-07-09,2024-07-09,314,0
ORD-100609,SUP-006,West,Home Goods,CarrierC,08/15/2024,2024-08-22,2024-08-21,124,0
ORD-102674,SUP-005,Northeast,,CarrierB,08/28/2024,2024-09-04,2024-09-04,429,0
ORD-102033,SUP-004,,Electronics,CarrierC,2024-07-29,2024-08-03,2024-08-06,492,0
ORD-103981,SUP-015,Northeast,Industrial Parts,CarrierB,23-Aug-2024,2024-08-30,2024-09-02,188,0
ORD-101968,SUP-003,Southeast,Apparel,CarrierC,2024-10-31,2024-11-03,2024-11-03,347,0
ORD-100020,SUP-003,Southeast,Office Supplies,CarrierC,21-Feb-2024,2024-02-26,2024-03-04,39,0
ORD-102218,SUP-018,Southwest,Apparel,CarrierB,07/28/2024,2024-07-30,2024-08-07,327,0
ORD-105521,SUP-010,Midwest,Perishables,CarrierB,03/27/2024,2024-03-29,2024-04-03,249,0
ORD-105686,SUP-010,Midwest,Perishables,CarrierA,2024/12/05,2024-12-12,2024-12-14,149,0
ORD-102224,SUP-005,West,Home Goods,CarrierD,2024/08/28,2024-09-04,2024-09-04,21,0
ORD-100327,SUP-019,Midwest,Perishables,CarrierA,2024-07-11,2024-07-18,2024-07-17,321,0
ORD-103270,SUP-008,Midwest,Perishables,CarrierB,25-Sep-2024,2024-10-02,2024-10-01,239,0
ORD-102518,SUP-004,,Office Supplies,CarrierA,2024-03-01,2024-03-08,2024-03-07,228,0
ORD-101874,SUP-012,Southwest,Industrial Parts,CarrierD,28-Nov-2024,2024-11-30,2024-12-07,277,0
ORD-104362,SUP-020,Midwest,Perishables,CarrierD,2024/03/13,2024-03-20,2024-03-20,444,0
ORD-101756,SUP-019,Northeast,Apparel,CarrierC,2024-09-19,2024-09-24,2024-09-24,435,0
ORD-102178,SUP-003,Southeast,Perishables,CarrierA,08-Jan-2024,2024-01-13,2024-01-20,107,0
ORD-104961,SUP-007,West,Industrial Parts,CarrierA,04-May-2024,2024-05-07,2024-05-11,475,0
ORD-104126,SUP-006,Midwest,Office Supplies,CarrierC,01/11/2024,2024-01-21,2024-01-20,327,1
ORD-103410,SUP-018,Southeast,Perishables,CarrierA,05/27/2024,2024-06-06,2024-06-06,26,0
ORD-105967,SUP-015,Midwest,Apparel,CarrierB,12-Oct-2024,2024-10-17,,242,0
ORD-100489,SUP-017,Northeast,Home Goods,CarrierD,03/12/2024,2024-03-19,2024-03-19,280,0
ORD-100606,SUP-006,Southeast,Perishables,CarrierC,04/21/2024,2024-04-24,2024-04-23,34,0
ORD-103212,SUP-004,Midwest,Perishables,CarrierC,2024/05/23,2024-06-02,2024-06-03,235,0
ORD-102464,SUP-004,Southwest,Industrial Parts,CarrierA,2024/01/26,2024-01-31,2024-02-01,286,0
ORD-101738,SUP-015,Northeast,Perishables,CarrierC,2024-09-13,2024-09-18,2024-09-20,368,0
ORD-100152,SUP-019,Southwest,Apparel,CarrierB,09/19/2024,2024-09-29,2024-09-29,412,0
ORD-100889,SUP-011,Midwest,,CarrierA,2024-08-23,2024-08-28,2024-08-27,377,0
ORD-105761,SUP-011,Southeast,Industrial Parts,CarrierC,2024/10/11,2024-10-13,2024-10-13,316,1
ORD-103082,SUP-017,West,Industrial Parts,CarrierC,2024-02-28,2024-03-09,2024-03-11,316,0
ORD-100269,SUP-008,Midwest,Industrial Parts,CarrierB,12/20/2024,2024-12-30,2024-12-30,291,0
ORD-100096,SUP-001,Southwest,Apparel,CarrierC,08/28/2024,2024-08-30,2024-09-01,249,0
ORD-103824,SUP-011,Midwest,Electronics,CarrierB,05-Jan-2024,2024-01-08,2024-01-07,190,0
ORD-105060,SUP-005,West,Office Supplies,CarrierD,08/05/2024,2024-08-07,2024-08-07,121,0
ORD-103885,SUP-009,Southwest,Office Supplies,CarrierC,11/24/2024,2024-12-04,2024-12-03,366,0
ORD-101799,SUP-011,Northeast,Apparel,CarrierC,2024-03-23,2024-04-02,2024-04-02,412,0
ORD-104967,SUP-013,Southwest,Perishables,CarrierB,17-Mar-2024,2024-03-20,2024-03-21,181,0
ORD-101572,SUP-016,Southwest,Electronics,CarrierB,2024-05-26,2024-05-28,2024-05-28,479,0
ORD-104628,SUP-020,West,Home Goods,CarrierA,10/30/2024,2024-11-06,2024-11-05,308,0
ORD-101067,SUP-018,Northeast,Apparel,CarrierA,05-Oct-2024,2024-10-12,2024-10-11,374,0
ORD-105195,SUP-020,Southwest,Electronics,CarrierA,2024-02-06,2024-02-08,2024-02-08,42,0
ORD-102760,SUP-004,Southeast,Apparel,CarrierD,2024/11/29,2024-12-09,2024-12-09,209,0
ORD-100715,SUP-006,Northeast,Home Goods,CarrierC,2024-06-05,2024-06-07,2024-06-09,91,0
ORD-104059,SUP-009,Northeast,Home Goods,CarrierD,2024/01/20,2024-01-30,2024-01-30,385,0
ORD-105708,SUP-013,Northeast,Home Goods,CarrierA,06/28/2024,2024-07-01,2024-07-01,246,0
ORD-105634,SUP-017,Northeast,Office Supplies,CarrierB,2024/04/06,2024-04-09,2024-04-09,394,0
ORD-100767,SUP-007,Southwest,Home Goods,CarrierC,10/10/2024,2024-10-13,2024-10-13,333,0
ORD-104565,SUP-003,Northeast,Apparel,CarrierC,12-Jan-2024,2024-01-17,2024-01-21,195,0
ORD-104660,SUP-019,Southwest,Industrial Parts,CarrierD,2024-01-03,2024-01-13,2024-01-13,14,0
ORD-101798,SUP-011,West,Electronics,CarrierC,2024/06/14,2024-06-21,2024-06-21,452,0
ORD-100461,SUP-003,West,Office Supplies,CarrierA,2024-05-20,2024-05-22,2024-05-25,303,0
ORD-105373,SUP-020,Southwest,Office Supplies,CarrierD,2024-07-23,2024-07-25,2024-07-25,297,0
ORD-102944,SUP-003,Northeast,Electronics,CarrierD,2024/05/17,2024-05-19,2024-05-19,132,0
ORD-101795,SUP-020,West,Home Goods,CarrierC,04-Jul-2024,2024-07-14,,142,0
ORD-101869,SUP-011,Midwest,Electronics,CarrierC,09/18/2024,2024-09-28,2024-09-28,53,0
ORD-105489,SUP-010,Southeast,Electronics,CarrierC,2024-07-15,2024-07-22,2024-07-21,335,0
ORD-101345,SUP-012,Midwest,Perishables,CarrierC,2024-05-19,2024-05-21,2024-05-23,23,0
ORD-104791,SUP-009,Midwest,Apparel,CarrierA,12/16/2024,2024-12-18,2024-12-17,217,0
ORD-105271,SUP-002,Northeast,Office Supplies,CarrierB,09/06/2024,2024-09-08,2024-09-08,117,0
ORD-105848,SUP-004,Southwest,Office Supplies,CarrierB,2024/10/17,2024-10-27,2024-10-27,180,0
ORD-105024,SUP-009,West,Apparel,CarrierC,13-Nov-2024,2024-11-18,2024-11-18,213,0
ORD-101214,SUP-004,Southeast,Perishables,CarrierD,09-Aug-2024,2024-08-14,2024-08-14,337,1
ORD-101372,SUP-014,Southwest,Electronics,CarrierB,12/10/2024,2024-12-17,2024-12-17,8,0
ORD-100243,SUP-009,Southeast,Industrial Parts,CarrierB,2024-07-22,2024-07-25,2024-07-27,97,0
ORD-104039,SUP-012,Northeast,Apparel,CarrierD,06/09/2024,2024-06-19,2024-06-25,119,0
ORD-102799,SUP-013,Midwest,Perishables,CarrierD,2024/02/10,2024-02-17,2024-02-19,378,0
ORD-101679,SUP-010,Midwest,Perishables,CarrierB,2024-02-14,2024-02-21,2024-02-21,149,0
ORD-103850,SUP-017,West,Electronics,CarrierA,2024/08/01,2024-08-11,2024-08-13,447,0
ORD-101312,SUP-003,Midwest,Office Supplies,CarrierA,14-Sep-2024,2024-09-19,2024-09-19,456,0
ORD-100648,SUP-019,Southwest,Apparel,CarrierA,2024-11-06,2024-11-11,2024-11-14,252,0
ORD-103238,SUP-002,Southeast,Industrial Parts,CarrierA,02-Oct-2024,2024-10-07,2024-10-09,436,0
ORD-102643,SUP-004,Southwest,Perishables,CarrierD,2024-04-22,2024-05-02,2024-05-04,448,0
ORD-104409,SUP-004,Southeast,Office Supplies,CarrierD,2024-03-24,2024-03-31,2024-04-05,321,0
ORD-100155,SUP-009,Southwest,Apparel,CarrierA,2024-05-24,2024-05-31,2024-05-31,295,0
ORD-103428,SUP-008,Southeast,Home Goods,CarrierA,13-Dec-2024,2024-12-16,2024-12-16,499,0
ORD-103453,SUP-005,West,Electronics,CarrierD,23-Oct-2024,2024-10-30,2024-10-30,145,0
ORD-101303,SUP-020,Northeast,Apparel,CarrierD,11-Jul-2024,2024-07-21,2024-07-21,359,0
ORD-101150,SUP-005,West,Office Supplies,CarrierD,24-Aug-2024,2024-09-03,2024-09-03,295,0
ORD-103047,SUP-012,Northeast,Electronics,CarrierC,2024/11/27,2024-12-07,2024-12-07,40,0
ORD-105897,SUP-014,Northeast,Electronics,CarrierD,12/05/2024,2024-12-12,2024-12-12,110,0
ORD-101046,SUP-003,Midwest,Apparel,CarrierC,08/09/2024,2024-08-12,2024-08-12,132,0
ORD-101640,SUP-004,Southeast,Office Supplies,CarrierB,2024-11-11,2024-11-16,2024-11-16,321,0
ORD-101306,SUP-009,West,,CarrierC,05-Apr-2024,2024-04-07,2024-04-07,130,0
ORD-101927,SUP-009,Southwest,Apparel,CarrierC,02/12/2024,2024-02-14,2024-02-13,297,0
ORD-105591,SUP-012,Midwest,Apparel,CarrierB,2024/08/11,2024-08-14,2024-08-14,19,0
ORD-103439,SUP-019,Southeast,Office Supplies,CarrierB,2024/01/17,2024-01-22,2024-01-22,497,1
ORD-104121,SUP-012,Midwest,,CarrierA,2024-06-12,2024-06-22,2024-06-22,325,0
ORD-102244,SUP-012,Midwest,Perishables,CarrierA,16-May-2024,2024-05-23,2024-05-23,98,0
ORD-103136,SUP-001,Midwest,Apparel,CarrierB,08/10/2024,2024-08-17,2024-08-19,170,0
ORD-100015,SUP-020,Midwest,Electronics,CarrierD,07/26/2024,2024-08-02,2024-08-02,238,0
ORD-103538,SUP-019,Southwest,Industrial Parts,CarrierB,10/23/2024,2024-11-02,2024-11-01,451,0
ORD-105417,SUP-020,Southwest,Home Goods,CarrierA,03/06/2024,2024-03-08,2024-03-08,60,0
ORD-104979,SUP-005,West,Apparel,CarrierB,2024-06-15,2024-06-20,2024-06-20,222,0
ORD-102669,SUP-005,West,Perishables,CarrierD,02/06/2024,2024-02-08,2024-02-08,206,0
ORD-101360,SUP-016,West,Industrial Parts,CarrierD,2024-01-15,2024-01-25,2024-01-25,273,0
ORD-101844,SUP-016,Midwest,Perishables,CarrierC,07/24/2024,2024-07-26,2024-07-29,233,0
ORD-103098,SUP-002,Southwest,Electronics,CarrierA,2024/09/14,2024-09-24,2024-09-24,160,0
ORD-101612,SUP-016,Northeast,Office Supplies,CarrierC,2024/07/04,2024-07-09,2024-07-09,15,0
ORD-100497,SUP-006,Southwest,Perishables,CarrierD,2024/09/22,2024-10-02,2024-10-02,429,0
ORD-102840,SUP-013,Southeast,Perishables,CarrierB,2024/01/21,2024-01-26,2024-01-25,139,0
ORD-104611,SUP-018,West,Electronics,CarrierD,2024-11-15,2024-11-18,2024-11-23,11,0
ORD-102089,SUP-012,Northeast,Apparel,CarrierA,2024-08-19,2024-08-24,2024-08-24,330,0
ORD-103633,SUP-001,Southeast,Apparel,CarrierD,19-Sep-2024,2024-09-21,2024-09-21,215,0
ORD-101478,SUP-017,Northeast,Office Supplies,CarrierA,06/03/2024,2024-06-08,2024-06-12,10,0
ORD-105507,SUP-001,West,Office Supplies,CarrierD,2024-09-26,2024-10-06,2024-10-06,92,0
ORD-101095,SUP-008,Southeast,Home Goods,CarrierB,02-Nov-2024,2024-11-04,2024-11-03,62,0
ORD-100542,SUP-008,,Perishables,CarrierA,02/18/2024,2024-02-28,2024-02-27,425,0
ORD-104729,SUP-014,West,Home Goods,CarrierC,09-Nov-2024,2024-11-11,2024-11-15,17,0
ORD-104074,SUP-010,West,Industrial Parts,CarrierD,01-Jan-2024,2024-01-04,2024-01-04,190,0
ORD-100431,SUP-008,West,Perishables,CarrierA,2024-10-25,2024-10-30,2024-10-29,95,0
ORD-100728,SUP-014,Southwest,Electronics,CarrierD,2024/09/19,2024-09-22,2024-09-22,15,0
ORD-105384,SUP-017,Southeast,Office Supplies,CarrierC,2024-03-13,2024-03-23,2024-03-23,180,0
ORD-104412,SUP-005,Southwest,Office Supplies,CarrierD,01/17/2024,2024-01-27,2024-01-27,114,0
ORD-102038,SUP-011,West,Home Goods,CarrierD,27-Nov-2024,2024-11-29,2024-11-28,13,1
ORD-102561,SUP-004,West,Home Goods,CarrierD,2024-04-08,2024-04-15,2024-04-15,342,0
ORD-101337,SUP-003,Southeast,Electronics,CarrierC,2024/07/06,2024-07-16,2024-07-16,266,0
ORD-103606,SUP-015,Southeast,Office Supplies,CarrierD,2024/05/04,2024-05-09,2024-05-08,111,0
ORD-102877,SUP-016,Southwest,Electronics,CarrierB,2024-02-29,2024-03-10,2024-03-09,8,0
ORD-104415,SUP-017,West,Perishables,CarrierC,01/21/2024,2024-01-28,2024-01-28,398,0
ORD-101031,SUP-010,West,Home Goods,CarrierC,2024/10/14,2024-10-16,2024-10-16,337,0
ORD-101110,SUP-011,Northeast,Perishables,CarrierA,2024/04/07,2024-04-17,2024-04-23,399,0
ORD-101888,SUP-016,Southwest,Perishables,CarrierD,01-Dec-2024,2024-12-04,2024-12-04,212,0
ORD-103550,SUP-006,Midwest,Home Goods,CarrierA,05/21/2024,2024-05-26,2024-05-25,419,0
ORD-101527,SUP-020,Southeast,Office Supplies,CarrierB,06-Sep-2024,2024-09-08,2024-09-08,290,0
ORD-100753,SUP-015,Southeast,Apparel,CarrierD,2024/02/28,2024-03-06,2024-03-06,407,0
ORD-103049,SUP-013,Southwest,Industrial Parts,CarrierA,2024/04/12,2024-04-19,2024-04-19,412,0
ORD-102628,SUP-007,West,Industrial Parts,CarrierC,2024-06-05,2024-06-12,2024-06-11,16,0
ORD-100562,SUP-001,Southeast,Industrial Parts,CarrierA,05-Jul-2024,2024-07-07,2024-07-12,116,0
ORD-104764,SUP-004,Northeast,Home Goods,CarrierD,2024/10/11,2024-10-13,2024-10-13,79,0
ORD-103562,SUP-011,Southwest,Industrial Parts,CarrierA,12/15/2024,2024-12-25,2024-12-25,206,0
ORD-100252,SUP-002,Midwest,Industrial Parts,CarrierD,2024-07-10,2024-07-20,2024-07-25,307,0
ORD-102516,SUP-004,Southeast,Industrial Parts,CarrierD,2024-05-26,2024-05-28,2024-06-05,27,0
ORD-102962,SUP-020,West,Perishables,CarrierB,2024-09-12,2024-09-17,2024-09-16,136,0
ORD-104453,SUP-002,Midwest,Industrial Parts,CarrierB,2024/04/03,2024-04-05,2024-04-15,57,0
ORD-105374,SUP-013,West,Office Supplies,CarrierB,2024/08/26,2024-08-31,2024-08-31,51,0
ORD-105396,SUP-011,Northeast,Home Goods,CarrierB,2024-05-30,2024-06-04,2024-06-04,181,0
ORD-101202,SUP-006,Midwest,Apparel,CarrierA,2024/01/01,2024-01-08,2024-01-08,166,0
ORD-103462,SUP-009,West,Home Goods,CarrierB,07/30/2024,2024-08-09,2024-08-08,149,0
ORD-102797,SUP-006,Southwest,Office Supplies,CarrierA,22-Dec-2024,2025-01-01,2025-01-01,343,0
ORD-104225,SUP-012,Northeast,Industrial Parts,CarrierD,14-Jul-2024,2024-07-21,2024-07-21,35,0
ORD-100144,SUP-002,Midwest,Perishables,CarrierA,2024-01-05,2024-01-08,2024-01-13,166,0
ORD-105056,SUP-015,Southeast,Perishables,CarrierB,03/14/2024,2024-03-24,2024-04-10,391,0
ORD-102895,SUP-017,Midwest,Home Goods,CarrierA,10/14/2024,2024-10-24,2024-11-04,232,0
ORD-102763,SUP-008,Midwest,Perishables,CarrierB,09/06/2024,2024-09-16,2024-09-16,258,0
ORD-100905,SUP-016,Northeast,Perishables,CarrierD,31-Aug-2024,2024-09-03,2024-09-03,370,0
ORD-105192,SUP-002,Midwest,Home Goods,CarrierC,01/03/2024,2024-01-13,2024-01-20,62,0
ORD-103980,SUP-013,Southwest,Industrial Parts,CarrierD,02/06/2024,2024-02-08,2024-02-08,197,0
ORD-100235,SUP-011,Southwest,Apparel,CarrierB,07/24/2024,2024-08-03,2024-08-03,70,0
ORD-105157,SUP-020,Southeast,Office Supplies,CarrierD,15-Feb-2024,2024-02-18,,236,0
